INSERT INTO C001T_PAIS (CO_PAIS,TX_DESCRIPCION,FE_FIN,FE_INICIO,NB_PAIS) values ('1','Pais de America del Sur situado en la parte septentrional, constituido por una parte continental y por un gran numero de islas peque?as e islotes en el mar Caribe',null,'09/06/15','VENEZUELA');

Insert into C002T_ESTADO (CO_ESTADO,TX_DESCRIPCION,FE_FIN,FE_INICIO,NB_ESTADO,CO_PAIS) values (1,'Su capital es la ciudad de Puerto Ayacucho. Tiene una extensión geográfica de 177.617 km',null,to_timestamp('09/06/15','DD/MM/RR HH12:MI:SS,FF AM'),'AMAZONAS',1);
Insert into C002T_ESTADO (CO_ESTADO,TX_DESCRIPCION,FE_FIN,FE_INICIO,NB_ESTADO,CO_PAIS) values (2,'Su capital es la ciudad de Barcelona. Tiene una extensión geográfica de 43300 km',null,to_timestamp('09/06/15','DD/MM/RR HH12:MI:SS,FF AM'),'ANZOATEGUI',1);
Insert into C002T_ESTADO (CO_ESTADO,TX_DESCRIPCION,FE_FIN,FE_INICIO,NB_ESTADO,CO_PAIS) values (3,'Su capital es la ciudad de San Fernando de Apure. Tiene una extensión geográfica de 76500 km',null,to_timestamp('09/06/15','DD/MM/RR HH12:MI:SS,FF AM'),'APURE',1);
Insert into C002T_ESTADO (CO_ESTADO,TX_DESCRIPCION,FE_FIN,FE_INICIO,NB_ESTADO,CO_PAIS) values (4,'Su capital es la ciudad de Maracay. Tiene una extensión geográfica de 7014 km',null,to_timestamp('09/06/15','DD/MM/RR HH12:MI:SS,FF AM'),'ARAGUA',1);
Insert into C002T_ESTADO (CO_ESTADO,TX_DESCRIPCION,FE_FIN,FE_INICIO,NB_ESTADO,CO_PAIS) values (5,'Su capital es la ciudad homónima de Barinas. Tiene una extensión geográfica de 35200 km',null,to_timestamp('09/06/15','DD/MM/RR HH12:MI:SS,FF AM'),'BARINAS',1);
Insert into C002T_ESTADO (CO_ESTADO,TX_DESCRIPCION,FE_FIN,FE_INICIO,NB_ESTADO,CO_PAIS) values (6,'Su capital es la ciudad de Ciudad Bolívar. Tiene una extensión geográfica de 238800 km',null,to_timestamp('09/06/15','DD/MM/RR HH12:MI:SS,FF AM'),'BOLÍVAR',1);
Insert into C002T_ESTADO (CO_ESTADO,TX_DESCRIPCION,FE_FIN,FE_INICIO,NB_ESTADO,CO_PAIS) values (7,'Su capital es la ciudad de Valencia, que no debe confundirse con el municipio que lleva el mismo nombre. Tiene una extensión geográfica de 4650 km',null,to_timestamp('09/06/15','DD/MM/RR HH12:MI:SS,FF AM'),'CARABOBO',1);
Insert into C002T_ESTADO (CO_ESTADO,TX_DESCRIPCION,FE_FIN,FE_INICIO,NB_ESTADO,CO_PAIS) values (8,'Su capital es la ciudad de San Carlos. Tiene una extensión geográfica de 14800 km',null,to_timestamp('09/06/15','DD/MM/RR HH12:MI:SS,FF AM'),'COJEDES',1);
Insert into C002T_ESTADO (CO_ESTADO,TX_DESCRIPCION,FE_FIN,FE_INICIO,NB_ESTADO,CO_PAIS) values (9,'Su capital es la ciudad de Tucupita. Tiene una extensión geográfica de 40200 km',null,to_timestamp('09/06/15','DD/MM/RR HH12:MI:SS,FF AM'),'DELTA AMACURO',1);
Insert into C002T_ESTADO (CO_ESTADO,TX_DESCRIPCION,FE_FIN,FE_INICIO,NB_ESTADO,CO_PAIS) values (10,'Su capital es la ciudad de Caracas que además es capital de la República, asiento de los Poderes Públicos Nacionales',null,to_timestamp('09/06/15','DD/MM/RR HH12:MI:SS,FF AM'),'DISTRITO CAPITAL',1);
Insert into C002T_ESTADO (CO_ESTADO,TX_DESCRIPCION,FE_FIN,FE_INICIO,NB_ESTADO,CO_PAIS) values (11,'Porciones de territorio Nacional no comprendidos dentro de las Entidades Federales y del Distrito Capital, como las islas en el mar territorial o en el que cubra la plataforma continental',null,to_timestamp('09/06/15','DD/MM/RR HH12:MI:SS,FF AM'),'DEPENDENCIAS FEDERALES',1);
Insert into C002T_ESTADO (CO_ESTADO,TX_DESCRIPCION,FE_FIN,FE_INICIO,NB_ESTADO,CO_PAIS) values (12,'Su capital es Coro. Tiene una superficie de 24 800 km.',null,to_timestamp('09/06/15','DD/MM/RR HH12:MI:SS,FF AM'),'FALCÓN',1);
Insert into C002T_ESTADO (CO_ESTADO,TX_DESCRIPCION,FE_FIN,FE_INICIO,NB_ESTADO,CO_PAIS) values (13,'Su capital es la ciudad de San Juan de Los Morros. Tiene una extensión geográfica de 66400 km',null,to_timestamp('09/06/15','DD/MM/RR HH12:MI:SS,FF AM'),'GUÁRICO',1);
Insert into C002T_ESTADO (CO_ESTADO,TX_DESCRIPCION,FE_FIN,FE_INICIO,NB_ESTADO,CO_PAIS) values (14,'Su capital es la ciudad de Barquisimeto. Tiene una extensión geográfica de 19800 km',null,to_timestamp('09/06/15','DD/MM/RR HH12:MI:SS,FF AM'),'LARA',1);
Insert into C002T_ESTADO (CO_ESTADO,TX_DESCRIPCION,FE_FIN,FE_INICIO,NB_ESTADO,CO_PAIS) values (15,'Su capital es la ciudad homónima de Mérida. Tiene una extensión geográfica de 11.300 km',null,to_timestamp('09/06/15','DD/MM/RR HH12:MI:SS,FF AM'),'MÉRIDA',1);
Insert into C002T_ESTADO (CO_ESTADO,TX_DESCRIPCION,FE_FIN,FE_INICIO,NB_ESTADO,CO_PAIS) values (16,'Su capital es la ciudad de Los Teques. Tiene una extensión geográfica de 7950 km',null,to_timestamp('09/06/15','DD/MM/RR HH12:MI:SS,FF AM'),'MIRANDA',1);
Insert into C002T_ESTADO (CO_ESTADO,TX_DESCRIPCION,FE_FIN,FE_INICIO,NB_ESTADO,CO_PAIS) values (17,'Su capital es la ciudad de Maturín. Tiene una extensión geográfica de 28930 km',null,to_timestamp('09/06/15','DD/MM/RR HH12:MI:SS,FF AM'),'MONAGAS',1);
Insert into C002T_ESTADO (CO_ESTADO,TX_DESCRIPCION,FE_FIN,FE_INICIO,NB_ESTADO,CO_PAIS) values (18,'Su capital es La Asunción, ubicada en la isla de Margarita. Posee una extensión geográfica de 1150 km',null,to_timestamp('09/06/15','DD/MM/RR HH12:MI:SS,FF AM'),'NUEVA ESPARTA',1);
Insert into C002T_ESTADO (CO_ESTADO,TX_DESCRIPCION,FE_FIN,FE_INICIO,NB_ESTADO,CO_PAIS) values (19,'Su capital es la ciudad de Guanare. Tiene una extensión geográfica de 15200 km',null,to_timestamp('09/06/15','DD/MM/RR HH12:MI:SS,FF AM'),'PORTUGUESA',1);
Insert into C002T_ESTADO (CO_ESTADO,TX_DESCRIPCION,FE_FIN,FE_INICIO,NB_ESTADO,CO_PAIS) values (20,'Su capital es la ciudad de Cumaná. Tiene una extensión geográfica de 11,800 km',null,to_timestamp('09/06/15','DD/MM/RR HH12:MI:SS,FF AM'),'SUCRE',1);
Insert into C002T_ESTADO (CO_ESTADO,TX_DESCRIPCION,FE_FIN,FE_INICIO,NB_ESTADO,CO_PAIS) values (21,'Su capital es la ciudad de San Cristóbal. Tiene una extensión geográfica de 11100 km',null,to_timestamp('09/06/15','DD/MM/RR HH12:MI:SS,FF AM'),'TÁCHIRA',1);
Insert into C002T_ESTADO (CO_ESTADO,TX_DESCRIPCION,FE_FIN,FE_INICIO,NB_ESTADO,CO_PAIS) values (22,'Su capital es la ciudad homónima de Trujillo. Tiene una extensión geográfica de 7400 km',null,to_timestamp('09/06/15','DD/MM/RR HH12:MI:SS,FF AM'),'TRUJILLO',1);
Insert into C002T_ESTADO (CO_ESTADO,TX_DESCRIPCION,FE_FIN,FE_INICIO,NB_ESTADO,CO_PAIS) values (23,'Su capital es la ciudad de La Guaira. Tiene una extensión geográfica de 1497 km',null,to_timestamp('09/06/15','DD/MM/RR HH12:MI:SS,FF AM'),'VARGAS',1);
Insert into C002T_ESTADO (CO_ESTADO,TX_DESCRIPCION,FE_FIN,FE_INICIO,NB_ESTADO,CO_PAIS) values (24,'Su capital es la ciudad de San Felipe. Tiene una extensión geográfica de 7100 km',null,to_timestamp('09/06/15','DD/MM/RR HH12:MI:SS,FF AM'),'YARACUY',1);
Insert into C002T_ESTADO (CO_ESTADO,TX_DESCRIPCION,FE_FIN,FE_INICIO,NB_ESTADO,CO_PAIS) values (25,'Su capital es la ciudad de Maracaibo. Tiene una extensión geográfica de 63.100 km',null,to_timestamp('09/06/15','DD/MM/RR HH12:MI:SS,FF AM'),'ZULIA',1);

	
Insert into C003T_MUNICIPIO (CO_MUNICIPIO,TX_DESCRIPCION,FE_FIN,FE_INICIO,NB_MUNICIPIO,CO_ESTADO) values (1,null,null,to_timestamp('09/06/15','DD/MM/RR HH12:MI:SS,FF AM'),'ALTO ORINOCO',1);
Insert into C003T_MUNICIPIO (CO_MUNICIPIO,TX_DESCRIPCION,FE_FIN,FE_INICIO,NB_MUNICIPIO,CO_ESTADO) values (2,null,null,to_timestamp('09/06/15','DD/MM/RR HH12:MI:SS,FF AM'),'ATABAPO',1);
Insert into C003T_MUNICIPIO (CO_MUNICIPIO,TX_DESCRIPCION,FE_FIN,FE_INICIO,NB_MUNICIPIO,CO_ESTADO) values (3,null,null,to_timestamp('09/06/15','DD/MM/RR HH12:MI:SS,FF AM'),'ATURES',1);
Insert into C003T_MUNICIPIO (CO_MUNICIPIO,TX_DESCRIPCION,FE_FIN,FE_INICIO,NB_MUNICIPIO,CO_ESTADO) values (4,null,null,to_timestamp('09/06/15','DD/MM/RR HH12:MI:SS,FF AM'),'AUTANA',1);
Insert into C003T_MUNICIPIO (CO_MUNICIPIO,TX_DESCRIPCION,FE_FIN,FE_INICIO,NB_MUNICIPIO,CO_ESTADO) values (5,null,null,to_timestamp('09/06/15','DD/MM/RR HH12:MI:SS,FF AM'),'MAROA',1);
Insert into C003T_MUNICIPIO (CO_MUNICIPIO,TX_DESCRIPCION,FE_FIN,FE_INICIO,NB_MUNICIPIO,CO_ESTADO) values (6,null,null,to_timestamp('09/06/15','DD/MM/RR HH12:MI:SS,FF AM'),'MANAPIARE',1);
Insert into C003T_MUNICIPIO (CO_MUNICIPIO,TX_DESCRIPCION,FE_FIN,FE_INICIO,NB_MUNICIPIO,CO_ESTADO) values (7,null,null,to_timestamp('09/06/15','DD/MM/RR HH12:MI:SS,FF AM'),'RÍO NEGRO',1);
Insert into C003T_MUNICIPIO (CO_MUNICIPIO,TX_DESCRIPCION,FE_FIN,FE_INICIO,NB_MUNICIPIO,CO_ESTADO) values (8,null,null,to_timestamp('09/06/15','DD/MM/RR HH12:MI:SS,FF AM'),'ANACO',2);
Insert into C003T_MUNICIPIO (CO_MUNICIPIO,TX_DESCRIPCION,FE_FIN,FE_INICIO,NB_MUNICIPIO,CO_ESTADO) values (9,null,null,to_timestamp('09/06/15','DD/MM/RR HH12:MI:SS,FF AM'),'ARAGUA',2);
Insert into C003T_MUNICIPIO (CO_MUNICIPIO,TX_DESCRIPCION,FE_FIN,FE_INICIO,NB_MUNICIPIO,CO_ESTADO) values (10,null,null,to_timestamp('09/06/15','DD/MM/RR HH12:MI:SS,FF AM'),'DIEGO BAUTISTA URBANEJA',2);
Insert into C003T_MUNICIPIO (CO_MUNICIPIO,TX_DESCRIPCION,FE_FIN,FE_INICIO,NB_MUNICIPIO,CO_ESTADO) values (11,null,null,to_timestamp('09/06/15','DD/MM/RR HH12:MI:SS,FF AM'),'FERNANDO DE PEÑALVER',2);
Insert into C003T_MUNICIPIO (CO_MUNICIPIO,TX_DESCRIPCION,FE_FIN,FE_INICIO,NB_MUNICIPIO,CO_ESTADO) values (12,null,null,to_timestamp('09/06/15','DD/MM/RR HH12:MI:SS,FF AM'),'FRANCISCO DE MIRANDA',2);
Insert into C003T_MUNICIPIO (CO_MUNICIPIO,TX_DESCRIPCION,FE_FIN,FE_INICIO,NB_MUNICIPIO,CO_ESTADO) values (13,null,null,to_timestamp('09/06/15','DD/MM/RR HH12:MI:SS,FF AM'),'FRANCISCO DEL CARMEN CARVAJAL',2);
Insert into C003T_MUNICIPIO (CO_MUNICIPIO,TX_DESCRIPCION,FE_FIN,FE_INICIO,NB_MUNICIPIO,CO_ESTADO) values (14,null,null,to_timestamp('09/06/15','DD/MM/RR HH12:MI:SS,FF AM'),'GUANTA',2);
Insert into C003T_MUNICIPIO (CO_MUNICIPIO,TX_DESCRIPCION,FE_FIN,FE_INICIO,NB_MUNICIPIO,CO_ESTADO) values (15,null,null,to_timestamp('09/06/15','DD/MM/RR HH12:MI:SS,FF AM'),'INDPENDENCIA',2);
Insert into C003T_MUNICIPIO (CO_MUNICIPIO,TX_DESCRIPCION,FE_FIN,FE_INICIO,NB_MUNICIPIO,CO_ESTADO) values (16,null,null,to_timestamp('09/06/15','DD/MM/RR HH12:MI:SS,FF AM'),'JOSÉ GREGORIO MONAGAS',2);
Insert into C003T_MUNICIPIO (CO_MUNICIPIO,TX_DESCRIPCION,FE_FIN,FE_INICIO,NB_MUNICIPIO,CO_ESTADO) values (17,null,null,to_timestamp('09/06/15','DD/MM/RR HH12:MI:SS,FF AM'),'JUAN ANTONIO SOTILLO',2);
Insert into C003T_MUNICIPIO (CO_MUNICIPIO,TX_DESCRIPCION,FE_FIN,FE_INICIO,NB_MUNICIPIO,CO_ESTADO) values (18,null,null,to_timestamp('09/06/15','DD/MM/RR HH12:MI:SS,FF AM'),'JUAN MANUEL CAJIGAL',2);
Insert into C003T_MUNICIPIO (CO_MUNICIPIO,TX_DESCRIPCION,FE_FIN,FE_INICIO,NB_MUNICIPIO,CO_ESTADO) values (19,null,null,to_timestamp('09/06/15','DD/MM/RR HH12:MI:SS,FF AM'),'LIBERTAD',2);
Insert into C003T_MUNICIPIO (CO_MUNICIPIO,TX_DESCRIPCION,FE_FIN,FE_INICIO,NB_MUNICIPIO,CO_ESTADO) values (20,null,null,to_timestamp('09/06/15','DD/MM/RR HH12:MI:SS,FF AM'),'MANUEL EZEQUIEL BRUZUAL',2);
Insert into C003T_MUNICIPIO (CO_MUNICIPIO,TX_DESCRIPCION,FE_FIN,FE_INICIO,NB_MUNICIPIO,CO_ESTADO) values (21,null,null,to_timestamp('09/06/15','DD/MM/RR HH12:MI:SS,FF AM'),'PEDRO MARÍA FREITES',2);
Insert into C003T_MUNICIPIO (CO_MUNICIPIO,TX_DESCRIPCION,FE_FIN,FE_INICIO,NB_MUNICIPIO,CO_ESTADO) values (22,null,null,to_timestamp('09/06/15','DD/MM/RR HH12:MI:SS,FF AM'),'PÍRITU',2);
Insert into C003T_MUNICIPIO (CO_MUNICIPIO,TX_DESCRIPCION,FE_FIN,FE_INICIO,NB_MUNICIPIO,CO_ESTADO) values (23,null,null,to_timestamp('09/06/15','DD/MM/RR HH12:MI:SS,FF AM'),'SAN JOSÉ DE GUANIPA',2);
Insert into C003T_MUNICIPIO (CO_MUNICIPIO,TX_DESCRIPCION,FE_FIN,FE_INICIO,NB_MUNICIPIO,CO_ESTADO) values (24,null,null,to_timestamp('09/06/15','DD/MM/RR HH12:MI:SS,FF AM'),'SAN JUAN DE CAPISTRANO',2);
Insert into C003T_MUNICIPIO (CO_MUNICIPIO,TX_DESCRIPCION,FE_FIN,FE_INICIO,NB_MUNICIPIO,CO_ESTADO) values (25,null,null,to_timestamp('09/06/15','DD/MM/RR HH12:MI:SS,FF AM'),'SANTA ANA',2);
Insert into C003T_MUNICIPIO (CO_MUNICIPIO,TX_DESCRIPCION,FE_FIN,FE_INICIO,NB_MUNICIPIO,CO_ESTADO) values (26,null,null,to_timestamp('09/06/15','DD/MM/RR HH12:MI:SS,FF AM'),'SIMÓN BOLIVAR',2);
Insert into C003T_MUNICIPIO (CO_MUNICIPIO,TX_DESCRIPCION,FE_FIN,FE_INICIO,NB_MUNICIPIO,CO_ESTADO) values (27,null,null,to_timestamp('09/06/15','DD/MM/RR HH12:MI:SS,FF AM'),'SIMÓN RODRÍGUEZ',2);
Insert into C003T_MUNICIPIO (CO_MUNICIPIO,TX_DESCRIPCION,FE_FIN,FE_INICIO,NB_MUNICIPIO,CO_ESTADO) values (28,null,null,to_timestamp('09/06/15','DD/MM/RR HH12:MI:SS,FF AM'),'SIR ARTHUR MC GREGOR ',2);
Insert into C003T_MUNICIPIO (CO_MUNICIPIO,TX_DESCRIPCION,FE_FIN,FE_INICIO,NB_MUNICIPIO,CO_ESTADO) values (29,null,null,to_timestamp('09/06/15','DD/MM/RR HH12:MI:SS,FF AM'),'ACHAGUAS',3);
Insert into C003T_MUNICIPIO (CO_MUNICIPIO,TX_DESCRIPCION,FE_FIN,FE_INICIO,NB_MUNICIPIO,CO_ESTADO) values (30,null,null,to_timestamp('09/06/15','DD/MM/RR HH12:MI:SS,FF AM'),'BIRUACA',3);
Insert into C003T_MUNICIPIO (CO_MUNICIPIO,TX_DESCRIPCION,FE_FIN,FE_INICIO,NB_MUNICIPIO,CO_ESTADO) values (31,null,null,to_timestamp('09/06/15','DD/MM/RR HH12:MI:SS,FF AM'),'MUÑOZ',3);
Insert into C003T_MUNICIPIO (CO_MUNICIPIO,TX_DESCRIPCION,FE_FIN,FE_INICIO,NB_MUNICIPIO,CO_ESTADO) values (32,null,null,to_timestamp('09/06/15','DD/MM/RR HH12:MI:SS,FF AM'),'PAÉZ',3);
Insert into C003T_MUNICIPIO (CO_MUNICIPIO,TX_DESCRIPCION,FE_FIN,FE_INICIO,NB_MUNICIPIO,CO_ESTADO) values (33,null,null,to_timestamp('09/06/15','DD/MM/RR HH12:MI:SS,FF AM'),'PEDRO CAMEJO',3);
Insert into C003T_MUNICIPIO (CO_MUNICIPIO,TX_DESCRIPCION,FE_FIN,FE_INICIO,NB_MUNICIPIO,CO_ESTADO) values (34,null,null,to_timestamp('09/06/15','DD/MM/RR HH12:MI:SS,FF AM'),'RÓMULO GALLEGOS',3);
Insert into C003T_MUNICIPIO (CO_MUNICIPIO,TX_DESCRIPCION,FE_FIN,FE_INICIO,NB_MUNICIPIO,CO_ESTADO) values (35,null,null,to_timestamp('09/06/15','DD/MM/RR HH12:MI:SS,FF AM'),'SAN FERNANDO',3);
Insert into C003T_MUNICIPIO (CO_MUNICIPIO,TX_DESCRIPCION,FE_FIN,FE_INICIO,NB_MUNICIPIO,CO_ESTADO) values (36,null,null,to_timestamp('09/06/15','DD/MM/RR HH12:MI:SS,FF AM'),'BOLÍVAR',4);
Insert into C003T_MUNICIPIO (CO_MUNICIPIO,TX_DESCRIPCION,FE_FIN,FE_INICIO,NB_MUNICIPIO,CO_ESTADO) values (37,null,null,to_timestamp('09/06/15','DD/MM/RR HH12:MI:SS,FF AM'),'CAMATAGUA',4);
Insert into C003T_MUNICIPIO (CO_MUNICIPIO,TX_DESCRIPCION,FE_FIN,FE_INICIO,NB_MUNICIPIO,CO_ESTADO) values (38,null,null,to_timestamp('09/06/15','DD/MM/RR HH12:MI:SS,FF AM'),'FRANCISCO LINARES ALCÁNTARA',4);
Insert into C003T_MUNICIPIO (CO_MUNICIPIO,TX_DESCRIPCION,FE_FIN,FE_INICIO,NB_MUNICIPIO,CO_ESTADO) values (39,null,null,to_timestamp('09/06/15','DD/MM/RR HH12:MI:SS,FF AM'),'GIRARDOT',4);
Insert into C003T_MUNICIPIO (CO_MUNICIPIO,TX_DESCRIPCION,FE_FIN,FE_INICIO,NB_MUNICIPIO,CO_ESTADO) values (40,null,null,to_timestamp('09/06/15','DD/MM/RR HH12:MI:SS,FF AM'),'JOSÉ ANGEL LAMAS',4);
Insert into C003T_MUNICIPIO (CO_MUNICIPIO,TX_DESCRIPCION,FE_FIN,FE_INICIO,NB_MUNICIPIO,CO_ESTADO) values (41,null,null,to_timestamp('09/06/15','DD/MM/RR HH12:MI:SS,FF AM'),'JOSÉ FÉLIX RIBAS',4);
Insert into C003T_MUNICIPIO (CO_MUNICIPIO,TX_DESCRIPCION,FE_FIN,FE_INICIO,NB_MUNICIPIO,CO_ESTADO) values (42,null,null,to_timestamp('09/06/15','DD/MM/RR HH12:MI:SS,FF AM'),'JOSÉ RAFAEL REVENGA',4);
Insert into C003T_MUNICIPIO (CO_MUNICIPIO,TX_DESCRIPCION,FE_FIN,FE_INICIO,NB_MUNICIPIO,CO_ESTADO) values (44,null,null,to_timestamp('09/06/15','DD/MM/RR HH12:MI:SS,FF AM'),'MARIO BRICEÑO IRAGORRY',4);
Insert into C003T_MUNICIPIO (CO_MUNICIPIO,TX_DESCRIPCION,FE_FIN,FE_INICIO,NB_MUNICIPIO,CO_ESTADO) values (45,null,null,to_timestamp('09/06/15','DD/MM/RR HH12:MI:SS,FF AM'),'OCUMARE DE LA COSTA DE ORO',4);
Insert into C003T_MUNICIPIO (CO_MUNICIPIO,TX_DESCRIPCION,FE_FIN,FE_INICIO,NB_MUNICIPIO,CO_ESTADO) values (46,null,null,to_timestamp('09/06/15','DD/MM/RR HH12:MI:SS,FF AM'),'SAN CASIMIRO',4);
Insert into C003T_MUNICIPIO (CO_MUNICIPIO,TX_DESCRIPCION,FE_FIN,FE_INICIO,NB_MUNICIPIO,CO_ESTADO) values (47,null,null,to_timestamp('09/06/15','DD/MM/RR HH12:MI:SS,FF AM'),'SAN SEBASTIÁN',4);
Insert into C003T_MUNICIPIO (CO_MUNICIPIO,TX_DESCRIPCION,FE_FIN,FE_INICIO,NB_MUNICIPIO,CO_ESTADO) values (48,null,null,to_timestamp('09/06/15','DD/MM/RR HH12:MI:SS,FF AM'),'SANTIAGO MARIÑO',4);
Insert into C003T_MUNICIPIO (CO_MUNICIPIO,TX_DESCRIPCION,FE_FIN,FE_INICIO,NB_MUNICIPIO,CO_ESTADO) values (49,null,null,to_timestamp('09/06/15','DD/MM/RR HH12:MI:SS,FF AM'),'SANTOS MICHELENA',4);
Insert into C003T_MUNICIPIO (CO_MUNICIPIO,TX_DESCRIPCION,FE_FIN,FE_INICIO,NB_MUNICIPIO,CO_ESTADO) values (50,null,null,to_timestamp('09/06/15','DD/MM/RR HH12:MI:SS,FF AM'),'SUCRE',4);
Insert into C003T_MUNICIPIO (CO_MUNICIPIO,TX_DESCRIPCION,FE_FIN,FE_INICIO,NB_MUNICIPIO,CO_ESTADO) values (51,null,null,to_timestamp('09/06/15','DD/MM/RR HH12:MI:SS,FF AM'),'TOVAR',4);
Insert into C003T_MUNICIPIO (CO_MUNICIPIO,TX_DESCRIPCION,FE_FIN,FE_INICIO,NB_MUNICIPIO,CO_ESTADO) values (52,null,null,to_timestamp('09/06/15','DD/MM/RR HH12:MI:SS,FF AM'),'URDANETA',4);
Insert into C003T_MUNICIPIO (CO_MUNICIPIO,TX_DESCRIPCION,FE_FIN,FE_INICIO,NB_MUNICIPIO,CO_ESTADO) values (53,null,null,to_timestamp('09/06/15','DD/MM/RR HH12:MI:SS,FF AM'),'ZAMORA ',4);
Insert into C003T_MUNICIPIO (CO_MUNICIPIO,TX_DESCRIPCION,FE_FIN,FE_INICIO,NB_MUNICIPIO,CO_ESTADO) values (54,null,null,to_timestamp('09/06/15','DD/MM/RR HH12:MI:SS,FF AM'),'ANDRÉS ELOY BLANCO',5);
Insert into C003T_MUNICIPIO (CO_MUNICIPIO,TX_DESCRIPCION,FE_FIN,FE_INICIO,NB_MUNICIPIO,CO_ESTADO) values (55,null,null,to_timestamp('09/06/15','DD/MM/RR HH12:MI:SS,FF AM'),'ANTONIO JOSÉ DE SUCRE',5);
Insert into C003T_MUNICIPIO (CO_MUNICIPIO,TX_DESCRIPCION,FE_FIN,FE_INICIO,NB_MUNICIPIO,CO_ESTADO) values (56,null,null,to_timestamp('09/06/15','DD/MM/RR HH12:MI:SS,FF AM'),'ALBERTO ARVELO TORREALBA',5);
Insert into C003T_MUNICIPIO (CO_MUNICIPIO,TX_DESCRIPCION,FE_FIN,FE_INICIO,NB_MUNICIPIO,CO_ESTADO) values (57,null,null,to_timestamp('09/06/15','DD/MM/RR HH12:MI:SS,FF AM'),'ARISMENDI',5);
Insert into C003T_MUNICIPIO (CO_MUNICIPIO,TX_DESCRIPCION,FE_FIN,FE_INICIO,NB_MUNICIPIO,CO_ESTADO) values (58,null,null,to_timestamp('09/06/15','DD/MM/RR HH12:MI:SS,FF AM'),'BARINAS',5);
Insert into C003T_MUNICIPIO (CO_MUNICIPIO,TX_DESCRIPCION,FE_FIN,FE_INICIO,NB_MUNICIPIO,CO_ESTADO) values (60,null,null,to_timestamp('09/06/15','DD/MM/RR HH12:MI:SS,FF AM'),'CRUZ PAREDES',5);
Insert into C003T_MUNICIPIO (CO_MUNICIPIO,TX_DESCRIPCION,FE_FIN,FE_INICIO,NB_MUNICIPIO,CO_ESTADO) values (61,null,null,to_timestamp('09/06/15','DD/MM/RR HH12:MI:SS,FF AM'),'EZEQUIEL ZAMORA',5);
Insert into C003T_MUNICIPIO (CO_MUNICIPIO,TX_DESCRIPCION,FE_FIN,FE_INICIO,NB_MUNICIPIO,CO_ESTADO) values (62,null,null,to_timestamp('09/06/15','DD/MM/RR HH12:MI:SS,FF AM'),'OBISPOS',5);
Insert into C003T_MUNICIPIO (CO_MUNICIPIO,TX_DESCRIPCION,FE_FIN,FE_INICIO,NB_MUNICIPIO,CO_ESTADO) values (63,null,null,to_timestamp('09/06/15','DD/MM/RR HH12:MI:SS,FF AM'),'PEDRAZA',5);
Insert into C003T_MUNICIPIO (CO_MUNICIPIO,TX_DESCRIPCION,FE_FIN,FE_INICIO,NB_MUNICIPIO,CO_ESTADO) values (64,null,null,to_timestamp('09/06/15','DD/MM/RR HH12:MI:SS,FF AM'),'ROJAS',5);
Insert into C003T_MUNICIPIO (CO_MUNICIPIO,TX_DESCRIPCION,FE_FIN,FE_INICIO,NB_MUNICIPIO,CO_ESTADO) values (65,null,null,to_timestamp('09/06/15','DD/MM/RR HH12:MI:SS,FF AM'),'SOSA ',5);
Insert into C003T_MUNICIPIO (CO_MUNICIPIO,TX_DESCRIPCION,FE_FIN,FE_INICIO,NB_MUNICIPIO,CO_ESTADO) values (66,null,null,to_timestamp('09/06/15','DD/MM/RR HH12:MI:SS,FF AM'),'BOLIVARIANO ANGOSTURA',6);
Insert into C003T_MUNICIPIO (CO_MUNICIPIO,TX_DESCRIPCION,FE_FIN,FE_INICIO,NB_MUNICIPIO,CO_ESTADO) values (67,null,null,to_timestamp('09/06/15','DD/MM/RR HH12:MI:SS,FF AM'),'CARONÍ',6);
Insert into C003T_MUNICIPIO (CO_MUNICIPIO,TX_DESCRIPCION,FE_FIN,FE_INICIO,NB_MUNICIPIO,CO_ESTADO) values (68,null,null,to_timestamp('09/06/15','DD/MM/RR HH12:MI:SS,FF AM'),'CEDEÑO',6);
Insert into C003T_MUNICIPIO (CO_MUNICIPIO,TX_DESCRIPCION,FE_FIN,FE_INICIO,NB_MUNICIPIO,CO_ESTADO) values (69,null,null,to_timestamp('09/06/15','DD/MM/RR HH12:MI:SS,FF AM'),'EL CALLAO',6);
Insert into C003T_MUNICIPIO (CO_MUNICIPIO,TX_DESCRIPCION,FE_FIN,FE_INICIO,NB_MUNICIPIO,CO_ESTADO) values (70,null,null,to_timestamp('09/06/15','DD/MM/RR HH12:MI:SS,FF AM'),'GRAN SABANA',6);
Insert into C003T_MUNICIPIO (CO_MUNICIPIO,TX_DESCRIPCION,FE_FIN,FE_INICIO,NB_MUNICIPIO,CO_ESTADO) values (71,null,null,to_timestamp('09/06/15','DD/MM/RR HH12:MI:SS,FF AM'),'HERES',6);
Insert into C003T_MUNICIPIO (CO_MUNICIPIO,TX_DESCRIPCION,FE_FIN,FE_INICIO,NB_MUNICIPIO,CO_ESTADO) values (72,null,null,to_timestamp('09/06/15','DD/MM/RR HH12:MI:SS,FF AM'),'PADRE PEDRO CHIEN',6);
Insert into C003T_MUNICIPIO (CO_MUNICIPIO,TX_DESCRIPCION,FE_FIN,FE_INICIO,NB_MUNICIPIO,CO_ESTADO) values (73,null,null,to_timestamp('09/06/15','DD/MM/RR HH12:MI:SS,FF AM'),'PIAR',6);
Insert into C003T_MUNICIPIO (CO_MUNICIPIO,TX_DESCRIPCION,FE_FIN,FE_INICIO,NB_MUNICIPIO,CO_ESTADO) values (74,null,null,to_timestamp('09/06/15','DD/MM/RR HH12:MI:SS,FF AM'),'ROSCIO',6);
Insert into C003T_MUNICIPIO (CO_MUNICIPIO,TX_DESCRIPCION,FE_FIN,FE_INICIO,NB_MUNICIPIO,CO_ESTADO) values (75,null,null,to_timestamp('09/06/15','DD/MM/RR HH12:MI:SS,FF AM'),'SIFONTES',6);
Insert into C003T_MUNICIPIO (CO_MUNICIPIO,TX_DESCRIPCION,FE_FIN,FE_INICIO,NB_MUNICIPIO,CO_ESTADO) values (77,null,null,to_timestamp('09/06/15','DD/MM/RR HH12:MI:SS,FF AM'),'BEJUMA',7);
Insert into C003T_MUNICIPIO (CO_MUNICIPIO,TX_DESCRIPCION,FE_FIN,FE_INICIO,NB_MUNICIPIO,CO_ESTADO) values (79,null,null,to_timestamp('09/06/15','DD/MM/RR HH12:MI:SS,FF AM'),'DIEGO IBARRA',7);
Insert into C003T_MUNICIPIO (CO_MUNICIPIO,TX_DESCRIPCION,FE_FIN,FE_INICIO,NB_MUNICIPIO,CO_ESTADO) values (81,null,null,to_timestamp('09/06/15','DD/MM/RR HH12:MI:SS,FF AM'),'JUAN JOSÉ MORA',7);
Insert into C003T_MUNICIPIO (CO_MUNICIPIO,TX_DESCRIPCION,FE_FIN,FE_INICIO,NB_MUNICIPIO,CO_ESTADO) values (83,null,null,to_timestamp('09/06/15','DD/MM/RR HH12:MI:SS,FF AM'),'LOS GUAYOS',7);
Insert into C003T_MUNICIPIO (CO_MUNICIPIO,TX_DESCRIPCION,FE_FIN,FE_INICIO,NB_MUNICIPIO,CO_ESTADO) values (84,null,null,to_timestamp('09/06/15','DD/MM/RR HH12:MI:SS,FF AM'),'MIRANDA',7);
Insert into C003T_MUNICIPIO (CO_MUNICIPIO,TX_DESCRIPCION,FE_FIN,FE_INICIO,NB_MUNICIPIO,CO_ESTADO) values (85,null,null,to_timestamp('09/06/15','DD/MM/RR HH12:MI:SS,FF AM'),'MONTALBÁN',7);
Insert into C003T_MUNICIPIO (CO_MUNICIPIO,TX_DESCRIPCION,FE_FIN,FE_INICIO,NB_MUNICIPIO,CO_ESTADO) values (86,null,null,to_timestamp('09/06/15','DD/MM/RR HH12:MI:SS,FF AM'),'NAGUANAGUA',7);
Insert into C003T_MUNICIPIO (CO_MUNICIPIO,TX_DESCRIPCION,FE_FIN,FE_INICIO,NB_MUNICIPIO,CO_ESTADO) values (88,null,null,to_timestamp('09/06/15','DD/MM/RR HH12:MI:SS,FF AM'),'SAN DIEGO',7);
Insert into C003T_MUNICIPIO (CO_MUNICIPIO,TX_DESCRIPCION,FE_FIN,FE_INICIO,NB_MUNICIPIO,CO_ESTADO) values (89,null,null,to_timestamp('09/06/15','DD/MM/RR HH12:MI:SS,FF AM'),'SAN JOAQUÍN',7);
Insert into C003T_MUNICIPIO (CO_MUNICIPIO,TX_DESCRIPCION,FE_FIN,FE_INICIO,NB_MUNICIPIO,CO_ESTADO) values (90,null,null,to_timestamp('09/06/15','DD/MM/RR HH12:MI:SS,FF AM'),'VALENCIA',7);
Insert into C003T_MUNICIPIO (CO_MUNICIPIO,TX_DESCRIPCION,FE_FIN,FE_INICIO,NB_MUNICIPIO,CO_ESTADO) values (91,null,null,to_timestamp('09/06/15','DD/MM/RR HH12:MI:SS,FF AM'),'ANZOÁTEGUI',8);
Insert into C003T_MUNICIPIO (CO_MUNICIPIO,TX_DESCRIPCION,FE_FIN,FE_INICIO,NB_MUNICIPIO,CO_ESTADO) values (92,null,null,to_timestamp('09/06/15','DD/MM/RR HH12:MI:SS,FF AM'),'FALCÓN',8);
Insert into C003T_MUNICIPIO (CO_MUNICIPIO,TX_DESCRIPCION,FE_FIN,FE_INICIO,NB_MUNICIPIO,CO_ESTADO) values (94,null,null,to_timestamp('09/06/15','DD/MM/RR HH12:MI:SS,FF AM'),'LIMA BLANCO',8);
Insert into C003T_MUNICIPIO (CO_MUNICIPIO,TX_DESCRIPCION,FE_FIN,FE_INICIO,NB_MUNICIPIO,CO_ESTADO) values (95,null,null,to_timestamp('09/06/15','DD/MM/RR HH12:MI:SS,FF AM'),'PAO DE SAN JUAN BAUTISTA',8);
Insert into C003T_MUNICIPIO (CO_MUNICIPIO,TX_DESCRIPCION,FE_FIN,FE_INICIO,NB_MUNICIPIO,CO_ESTADO) values (96,null,null,to_timestamp('09/06/15','DD/MM/RR HH12:MI:SS,FF AM'),'RICAURTE',8);
Insert into C003T_MUNICIPIO (CO_MUNICIPIO,TX_DESCRIPCION,FE_FIN,FE_INICIO,NB_MUNICIPIO,CO_ESTADO) values (99,null,null,to_timestamp('09/06/15','DD/MM/RR HH12:MI:SS,FF AM'),'ANTONIO DÍAZ',9);
Insert into C003T_MUNICIPIO (CO_MUNICIPIO,TX_DESCRIPCION,FE_FIN,FE_INICIO,NB_MUNICIPIO,CO_ESTADO) values (100,null,null,to_timestamp('09/06/15','DD/MM/RR HH12:MI:SS,FF AM'),'CASACOIMA',9);
Insert into C003T_MUNICIPIO (CO_MUNICIPIO,TX_DESCRIPCION,FE_FIN,FE_INICIO,NB_MUNICIPIO,CO_ESTADO) values (102,null,null,to_timestamp('09/06/15','DD/MM/RR HH12:MI:SS,FF AM'),'TUCUPITA ',9);
Insert into C003T_MUNICIPIO (CO_MUNICIPIO,TX_DESCRIPCION,FE_FIN,FE_INICIO,NB_MUNICIPIO,CO_ESTADO) values (104,null,null,to_timestamp('09/06/15','DD/MM/RR HH12:MI:SS,FF AM'),'EL GRAN ROQUE',11);
Insert into C003T_MUNICIPIO (CO_MUNICIPIO,TX_DESCRIPCION,FE_FIN,FE_INICIO,NB_MUNICIPIO,CO_ESTADO) values (105,null,null,to_timestamp('09/06/15','DD/MM/RR HH12:MI:SS,FF AM'),'ACOSTA',12);
Insert into C003T_MUNICIPIO (CO_MUNICIPIO,TX_DESCRIPCION,FE_FIN,FE_INICIO,NB_MUNICIPIO,CO_ESTADO) values (107,null,null,to_timestamp('09/06/15','DD/MM/RR HH12:MI:SS,FF AM'),'BUCHIVACOA',12);
Insert into C003T_MUNICIPIO (CO_MUNICIPIO,TX_DESCRIPCION,FE_FIN,FE_INICIO,NB_MUNICIPIO,CO_ESTADO) values (108,null,null,to_timestamp('09/06/15','DD/MM/RR HH12:MI:SS,FF AM'),'CACIQUE MANAURE',12);
Insert into C003T_MUNICIPIO (CO_MUNICIPIO,TX_DESCRIPCION,FE_FIN,FE_INICIO,NB_MUNICIPIO,CO_ESTADO) values (109,null,null,to_timestamp('09/06/15','DD/MM/RR HH12:MI:SS,FF AM'),'CARIRUBANA',12);
Insert into C003T_MUNICIPIO (CO_MUNICIPIO,TX_DESCRIPCION,FE_FIN,FE_INICIO,NB_MUNICIPIO,CO_ESTADO) values (110,null,null,to_timestamp('09/06/15','DD/MM/RR HH12:MI:SS,FF AM'),'COLINA',12);
Insert into C003T_MUNICIPIO (CO_MUNICIPIO,TX_DESCRIPCION,FE_FIN,FE_INICIO,NB_MUNICIPIO,CO_ESTADO) values (111,null,null,to_timestamp('09/06/15','DD/MM/RR HH12:MI:SS,FF AM'),'DABAJURO',12);
Insert into C003T_MUNICIPIO (CO_MUNICIPIO,TX_DESCRIPCION,FE_FIN,FE_INICIO,NB_MUNICIPIO,CO_ESTADO) values (112,null,null,to_timestamp('09/06/15','DD/MM/RR HH12:MI:SS,FF AM'),'DEMOCRACIA',12);
Insert into C003T_MUNICIPIO (CO_MUNICIPIO,TX_DESCRIPCION,FE_FIN,FE_INICIO,NB_MUNICIPIO,CO_ESTADO) values (114,null,null,to_timestamp('09/06/15','DD/MM/RR HH12:MI:SS,FF AM'),'FEDERACIÓN',12);
Insert into C003T_MUNICIPIO (CO_MUNICIPIO,TX_DESCRIPCION,FE_FIN,FE_INICIO,NB_MUNICIPIO,CO_ESTADO) values (115,null,null,to_timestamp('09/06/15','DD/MM/RR HH12:MI:SS,FF AM'),'JACURA',12);
Insert into C003T_MUNICIPIO (CO_MUNICIPIO,TX_DESCRIPCION,FE_FIN,FE_INICIO,NB_MUNICIPIO,CO_ESTADO) values (116,null,null,to_timestamp('09/06/15','DD/MM/RR HH12:MI:SS,FF AM'),'LOS TAQUES',12);
Insert into C003T_MUNICIPIO (CO_MUNICIPIO,TX_DESCRIPCION,FE_FIN,FE_INICIO,NB_MUNICIPIO,CO_ESTADO) values (117,null,null,to_timestamp('09/06/15','DD/MM/RR HH12:MI:SS,FF AM'),'MAUROA',12);
Insert into C003T_MUNICIPIO (CO_MUNICIPIO,TX_DESCRIPCION,FE_FIN,FE_INICIO,NB_MUNICIPIO,CO_ESTADO) values (119,null,null,to_timestamp('09/06/15','DD/MM/RR HH12:MI:SS,FF AM'),'MONSEÑOR ITURRIZA',12);
Insert into C003T_MUNICIPIO (CO_MUNICIPIO,TX_DESCRIPCION,FE_FIN,FE_INICIO,NB_MUNICIPIO,CO_ESTADO) values (120,null,null,to_timestamp('09/06/15','DD/MM/RR HH12:MI:SS,FF AM'),'PALMASOLA',12);
Insert into C003T_MUNICIPIO (CO_MUNICIPIO,TX_DESCRIPCION,FE_FIN,FE_INICIO,NB_MUNICIPIO,CO_ESTADO) values (121,null,null,to_timestamp('09/06/15','DD/MM/RR HH12:MI:SS,FF AM'),'PETIT',12);
Insert into C003T_MUNICIPIO (CO_MUNICIPIO,TX_DESCRIPCION,FE_FIN,FE_INICIO,NB_MUNICIPIO,CO_ESTADO) values (123,null,null,to_timestamp('09/06/15','DD/MM/RR HH12:MI:SS,FF AM'),'SAN FRANCISCO',12);
Insert into C003T_MUNICIPIO (CO_MUNICIPIO,TX_DESCRIPCION,FE_FIN,FE_INICIO,NB_MUNICIPIO,CO_ESTADO) values (124,null,null,to_timestamp('09/06/15','DD/MM/RR HH12:MI:SS,FF AM'),'SILVA',12);
Insert into C003T_MUNICIPIO (CO_MUNICIPIO,TX_DESCRIPCION,FE_FIN,FE_INICIO,NB_MUNICIPIO,CO_ESTADO) values (126,null,null,to_timestamp('09/06/15','DD/MM/RR HH12:MI:SS,FF AM'),'UNIÓN',12);
Insert into C003T_MUNICIPIO (CO_MUNICIPIO,TX_DESCRIPCION,FE_FIN,FE_INICIO,NB_MUNICIPIO,CO_ESTADO) values (127,null,null,to_timestamp('09/06/15','DD/MM/RR HH12:MI:SS,FF AM'),'URUMACO',12);
Insert into C003T_MUNICIPIO (CO_MUNICIPIO,TX_DESCRIPCION,FE_FIN,FE_INICIO,NB_MUNICIPIO,CO_ESTADO) values (130,null,null,to_timestamp('09/06/15','DD/MM/RR HH12:MI:SS,FF AM'),'CHAGUARAMAS',13);
Insert into C003T_MUNICIPIO (CO_MUNICIPIO,TX_DESCRIPCION,FE_FIN,FE_INICIO,NB_MUNICIPIO,CO_ESTADO) values (131,null,null,to_timestamp('09/06/15','DD/MM/RR HH12:MI:SS,FF AM'),'EL SOCORRO',13);
Insert into C003T_MUNICIPIO (CO_MUNICIPIO,TX_DESCRIPCION,FE_FIN,FE_INICIO,NB_MUNICIPIO,CO_ESTADO) values (134,null,null,to_timestamp('09/06/15','DD/MM/RR HH12:MI:SS,FF AM'),'JOSÉ TADEO MONAGAS',13);
Insert into C003T_MUNICIPIO (CO_MUNICIPIO,TX_DESCRIPCION,FE_FIN,FE_INICIO,NB_MUNICIPIO,CO_ESTADO) values (135,null,null,to_timestamp('09/06/15','DD/MM/RR HH12:MI:SS,FF AM'),'JUAN GERMÁN ROSCIO',13);
Insert into C003T_MUNICIPIO (CO_MUNICIPIO,TX_DESCRIPCION,FE_FIN,FE_INICIO,NB_MUNICIPIO,CO_ESTADO) values (136,null,null,to_timestamp('09/06/15','DD/MM/RR HH12:MI:SS,FF AM'),'JULIÁN MELLADO',13);
Insert into C003T_MUNICIPIO (CO_MUNICIPIO,TX_DESCRIPCION,FE_FIN,FE_INICIO,NB_MUNICIPIO,CO_ESTADO) values (137,null,null,to_timestamp('09/06/15','DD/MM/RR HH12:MI:SS,FF AM'),'LAS MERCEDES',13);
Insert into C003T_MUNICIPIO (CO_MUNICIPIO,TX_DESCRIPCION,FE_FIN,FE_INICIO,NB_MUNICIPIO,CO_ESTADO) values (138,null,null,to_timestamp('09/06/15','DD/MM/RR HH12:MI:SS,FF AM'),'LEONARDO INFANTE',13);
Insert into C003T_MUNICIPIO (CO_MUNICIPIO,TX_DESCRIPCION,FE_FIN,FE_INICIO,NB_MUNICIPIO,CO_ESTADO) values (139,null,null,to_timestamp('09/06/15','DD/MM/RR HH12:MI:SS,FF AM'),'ORTÍZ',13);
Insert into C003T_MUNICIPIO (CO_MUNICIPIO,TX_DESCRIPCION,FE_FIN,FE_INICIO,NB_MUNICIPIO,CO_ESTADO) values (140,null,null,to_timestamp('09/06/15','DD/MM/RR HH12:MI:SS,FF AM'),'SAN GERÓNIMO DE GUAYABAL',13);
Insert into C003T_MUNICIPIO (CO_MUNICIPIO,TX_DESCRIPCION,FE_FIN,FE_INICIO,NB_MUNICIPIO,CO_ESTADO) values (143,null,null,to_timestamp('09/06/15','DD/MM/RR HH12:MI:SS,FF AM'),'ZARAZA ',13);
Insert into C003T_MUNICIPIO (CO_MUNICIPIO,TX_DESCRIPCION,FE_FIN,FE_INICIO,NB_MUNICIPIO,CO_ESTADO) values (145,null,null,to_timestamp('09/06/15','DD/MM/RR HH12:MI:SS,FF AM'),'CRESPO',14);
Insert into C003T_MUNICIPIO (CO_MUNICIPIO,TX_DESCRIPCION,FE_FIN,FE_INICIO,NB_MUNICIPIO,CO_ESTADO) values (146,null,null,to_timestamp('09/06/15','DD/MM/RR HH12:MI:SS,FF AM'),'IRIBARREN',14);
Insert into C003T_MUNICIPIO (CO_MUNICIPIO,TX_DESCRIPCION,FE_FIN,FE_INICIO,NB_MUNICIPIO,CO_ESTADO) values (147,null,null,to_timestamp('09/06/15','DD/MM/RR HH12:MI:SS,FF AM'),'JIMÉNEZ',14);
Insert into C003T_MUNICIPIO (CO_MUNICIPIO,TX_DESCRIPCION,FE_FIN,FE_INICIO,NB_MUNICIPIO,CO_ESTADO) values (148,null,null,to_timestamp('09/06/15','DD/MM/RR HH12:MI:SS,FF AM'),'MORÁN',14);
Insert into C003T_MUNICIPIO (CO_MUNICIPIO,TX_DESCRIPCION,FE_FIN,FE_INICIO,NB_MUNICIPIO,CO_ESTADO) values (150,null,null,to_timestamp('09/06/15','DD/MM/RR HH12:MI:SS,FF AM'),'SIMÓN PLANAS',14);
Insert into C003T_MUNICIPIO (CO_MUNICIPIO,TX_DESCRIPCION,FE_FIN,FE_INICIO,NB_MUNICIPIO,CO_ESTADO) values (151,null,null,to_timestamp('09/06/15','DD/MM/RR HH12:MI:SS,FF AM'),'TORRES',14);
Insert into C003T_MUNICIPIO (CO_MUNICIPIO,TX_DESCRIPCION,FE_FIN,FE_INICIO,NB_MUNICIPIO,CO_ESTADO) values (153,null,null,to_timestamp('09/06/15','DD/MM/RR HH12:MI:SS,FF AM'),'ANDRÉS BELLO',15);
Insert into C003T_MUNICIPIO (CO_MUNICIPIO,TX_DESCRIPCION,FE_FIN,FE_INICIO,NB_MUNICIPIO,CO_ESTADO) values (154,null,null,to_timestamp('09/06/15','DD/MM/RR HH12:MI:SS,FF AM'),'ANTONIO PINTO SALINAS',15);
Insert into C003T_MUNICIPIO (CO_MUNICIPIO,TX_DESCRIPCION,FE_FIN,FE_INICIO,NB_MUNICIPIO,CO_ESTADO) values (156,null,null,to_timestamp('09/06/15','DD/MM/RR HH12:MI:SS,FF AM'),'CAMPO ELÍAS',15);
Insert into C003T_MUNICIPIO (CO_MUNICIPIO,TX_DESCRIPCION,FE_FIN,FE_INICIO,NB_MUNICIPIO,CO_ESTADO) values (157,null,null,to_timestamp('09/06/15','DD/MM/RR HH12:MI:SS,FF AM'),'CARACCIOLO PARRA OLMEDO',15);
Insert into C003T_MUNICIPIO (CO_MUNICIPIO,TX_DESCRIPCION,FE_FIN,FE_INICIO,NB_MUNICIPIO,CO_ESTADO) values (160,null,null,to_timestamp('09/06/15','DD/MM/RR HH12:MI:SS,FF AM'),'OBISPO RAMOS DE LORA',15);
Insert into C003T_MUNICIPIO (CO_MUNICIPIO,TX_DESCRIPCION,FE_FIN,FE_INICIO,NB_MUNICIPIO,CO_ESTADO) values (161,null,null,to_timestamp('09/06/15','DD/MM/RR HH12:MI:SS,FF AM'),'PADRE NOGUERA',15);
Insert into C003T_MUNICIPIO (CO_MUNICIPIO,TX_DESCRIPCION,FE_FIN,FE_INICIO,NB_MUNICIPIO,CO_ESTADO) values (162,null,null,to_timestamp('09/06/15','DD/MM/RR HH12:MI:SS,FF AM'),'PUEBLO LLANO',15);
Insert into C003T_MUNICIPIO (CO_MUNICIPIO,TX_DESCRIPCION,FE_FIN,FE_INICIO,NB_MUNICIPIO,CO_ESTADO) values (163,null,null,to_timestamp('09/06/15','DD/MM/RR HH12:MI:SS,FF AM'),'RANGEL',15);
Insert into C003T_MUNICIPIO (CO_MUNICIPIO,TX_DESCRIPCION,FE_FIN,FE_INICIO,NB_MUNICIPIO,CO_ESTADO) values (164,null,null,to_timestamp('09/06/15','DD/MM/RR HH12:MI:SS,FF AM'),'RIVAS DÁVILA',15);
Insert into C003T_MUNICIPIO (CO_MUNICIPIO,TX_DESCRIPCION,FE_FIN,FE_INICIO,NB_MUNICIPIO,CO_ESTADO) values (168,null,null,to_timestamp('09/06/15','DD/MM/RR HH12:MI:SS,FF AM'),'ZEA ',15);
Insert into C003T_MUNICIPIO (CO_MUNICIPIO,TX_DESCRIPCION,FE_FIN,FE_INICIO,NB_MUNICIPIO,CO_ESTADO) values (169,null,null,to_timestamp('09/06/15','DD/MM/RR HH12:MI:SS,FF AM'),'ACEVEDO',16);
Insert into C003T_MUNICIPIO (CO_MUNICIPIO,TX_DESCRIPCION,FE_FIN,FE_INICIO,NB_MUNICIPIO,CO_ESTADO) values (172,null,null,to_timestamp('09/06/15','DD/MM/RR HH12:MI:SS,FF AM'),'BRIÓN',16);
Insert into C003T_MUNICIPIO (CO_MUNICIPIO,TX_DESCRIPCION,FE_FIN,FE_INICIO,NB_MUNICIPIO,CO_ESTADO) values (173,null,null,to_timestamp('09/06/15','DD/MM/RR HH12:MI:SS,FF AM'),'BUROZ',16);
Insert into C003T_MUNICIPIO (CO_MUNICIPIO,TX_DESCRIPCION,FE_FIN,FE_INICIO,NB_MUNICIPIO,CO_ESTADO) values (176,null,null,to_timestamp('09/06/15','DD/MM/RR HH12:MI:SS,FF AM'),'CRISTÓBAL ROJAS',16);
Insert into C003T_MUNICIPIO (CO_MUNICIPIO,TX_DESCRIPCION,FE_FIN,FE_INICIO,NB_MUNICIPIO,CO_ESTADO) values (177,null,null,to_timestamp('09/06/15','DD/MM/RR HH12:MI:SS,FF AM'),'EL HATILLO',16);
Insert into C003T_MUNICIPIO (CO_MUNICIPIO,TX_DESCRIPCION,FE_FIN,FE_INICIO,NB_MUNICIPIO,CO_ESTADO) values (180,null,null,to_timestamp('09/06/15','DD/MM/RR HH12:MI:SS,FF AM'),'LANDER',16);
Insert into C003T_MUNICIPIO (CO_MUNICIPIO,TX_DESCRIPCION,FE_FIN,FE_INICIO,NB_MUNICIPIO,CO_ESTADO) values (181,null,null,to_timestamp('09/06/15','DD/MM/RR HH12:MI:SS,FF AM'),'LOS SALIAS',16);
Insert into C003T_MUNICIPIO (CO_MUNICIPIO,TX_DESCRIPCION,FE_FIN,FE_INICIO,NB_MUNICIPIO,CO_ESTADO) values (184,null,null,to_timestamp('09/06/15','DD/MM/RR HH12:MI:SS,FF AM'),'PEDRO GUAL',16);
Insert into C003T_MUNICIPIO (CO_MUNICIPIO,TX_DESCRIPCION,FE_FIN,FE_INICIO,NB_MUNICIPIO,CO_ESTADO) values (185,null,null,to_timestamp('09/06/15','DD/MM/RR HH12:MI:SS,FF AM'),'PLAZA',16);
Insert into C003T_MUNICIPIO (CO_MUNICIPIO,TX_DESCRIPCION,FE_FIN,FE_INICIO,NB_MUNICIPIO,CO_ESTADO) values (191,null,null,to_timestamp('09/06/15','DD/MM/RR HH12:MI:SS,FF AM'),'AGUASAY',17);
Insert into C003T_MUNICIPIO (CO_MUNICIPIO,TX_DESCRIPCION,FE_FIN,FE_INICIO,NB_MUNICIPIO,CO_ESTADO) values (195,null,null,to_timestamp('09/06/15','DD/MM/RR HH12:MI:SS,FF AM'),'EZEQUIEL ZAMORA',17);
Insert into C003T_MUNICIPIO (CO_MUNICIPIO,TX_DESCRIPCION,FE_FIN,FE_INICIO,NB_MUNICIPIO,CO_ESTADO) values (197,null,null,to_timestamp('09/06/15','DD/MM/RR HH12:MI:SS,FF AM'),'MATURÍN',17);
Insert into C003T_MUNICIPIO (CO_MUNICIPIO,TX_DESCRIPCION,FE_FIN,FE_INICIO,NB_MUNICIPIO,CO_ESTADO) values (199,null,null,to_timestamp('09/06/15','DD/MM/RR HH12:MI:SS,FF AM'),'PUNCERES',17);
Insert into C003T_MUNICIPIO (CO_MUNICIPIO,TX_DESCRIPCION,FE_FIN,FE_INICIO,NB_MUNICIPIO,CO_ESTADO) values (200,null,null,to_timestamp('09/06/15','DD/MM/RR HH12:MI:SS,FF AM'),'SANTA BÁRBARA',17);
Insert into C003T_MUNICIPIO (CO_MUNICIPIO,TX_DESCRIPCION,FE_FIN,FE_INICIO,NB_MUNICIPIO,CO_ESTADO) values (201,null,null,to_timestamp('09/06/15','DD/MM/RR HH12:MI:SS,FF AM'),'SOTILLO',17);
Insert into C003T_MUNICIPIO (CO_MUNICIPIO,TX_DESCRIPCION,FE_FIN,FE_INICIO,NB_MUNICIPIO,CO_ESTADO) values (202,null,null,to_timestamp('09/06/15','DD/MM/RR HH12:MI:SS,FF AM'),'URACOA',17);
Insert into C003T_MUNICIPIO (CO_MUNICIPIO,TX_DESCRIPCION,FE_FIN,FE_INICIO,NB_MUNICIPIO,CO_ESTADO) values (203,null,null,to_timestamp('09/06/15','DD/MM/RR HH12:MI:SS,FF AM'),'ANTOLÍN DEL CAMPO',18);
Insert into C003T_MUNICIPIO (CO_MUNICIPIO,TX_DESCRIPCION,FE_FIN,FE_INICIO,NB_MUNICIPIO,CO_ESTADO) values (205,null,null,to_timestamp('09/06/15','DD/MM/RR HH12:MI:SS,FF AM'),'DÍAZ',18);
Insert into C003T_MUNICIPIO (CO_MUNICIPIO,TX_DESCRIPCION,FE_FIN,FE_INICIO,NB_MUNICIPIO,CO_ESTADO) values (206,null,null,to_timestamp('09/06/15','DD/MM/RR HH12:MI:SS,FF AM'),'GARCÍA',18);
Insert into C003T_MUNICIPIO (CO_MUNICIPIO,TX_DESCRIPCION,FE_FIN,FE_INICIO,NB_MUNICIPIO,CO_ESTADO) values (207,null,null,to_timestamp('09/06/15','DD/MM/RR HH12:MI:SS,FF AM'),'GÓMEZ',18);
Insert into C003T_MUNICIPIO (CO_MUNICIPIO,TX_DESCRIPCION,FE_FIN,FE_INICIO,NB_MUNICIPIO,CO_ESTADO) values (211,null,null,to_timestamp('09/06/15','DD/MM/RR HH12:MI:SS,FF AM'),'PENÍNSULA DE MACANAO',18);
Insert into C003T_MUNICIPIO (CO_MUNICIPIO,TX_DESCRIPCION,FE_FIN,FE_INICIO,NB_MUNICIPIO,CO_ESTADO) values (212,null,null,to_timestamp('09/06/15','DD/MM/RR HH12:MI:SS,FF AM'),'TUBORES',18);
Insert into C003T_MUNICIPIO (CO_MUNICIPIO,TX_DESCRIPCION,FE_FIN,FE_INICIO,NB_MUNICIPIO,CO_ESTADO) values (213,null,null,to_timestamp('09/06/15','DD/MM/RR HH12:MI:SS,FF AM'),'VILLALBA',18);
Insert into C003T_MUNICIPIO (CO_MUNICIPIO,TX_DESCRIPCION,FE_FIN,FE_INICIO,NB_MUNICIPIO,CO_ESTADO) values (214,null,null,to_timestamp('09/06/15','DD/MM/RR HH12:MI:SS,FF AM'),'AGUA BLANCA',19);
Insert into C003T_MUNICIPIO (CO_MUNICIPIO,TX_DESCRIPCION,FE_FIN,FE_INICIO,NB_MUNICIPIO,CO_ESTADO) values (216,null,null,to_timestamp('09/06/15','DD/MM/RR HH12:MI:SS,FF AM'),'ESTELLER',19);
Insert into C003T_MUNICIPIO (CO_MUNICIPIO,TX_DESCRIPCION,FE_FIN,FE_INICIO,NB_MUNICIPIO,CO_ESTADO) values (219,null,null,to_timestamp('09/06/15','DD/MM/RR HH12:MI:SS,FF AM'),'MONSEÑOR JOSÉ VICENTE DE UNDA',19);
Insert into C003T_MUNICIPIO (CO_MUNICIPIO,TX_DESCRIPCION,FE_FIN,FE_INICIO,NB_MUNICIPIO,CO_ESTADO) values (220,null,null,to_timestamp('09/06/15','DD/MM/RR HH12:MI:SS,FF AM'),'OSPINO',19);
Insert into C003T_MUNICIPIO (CO_MUNICIPIO,TX_DESCRIPCION,FE_FIN,FE_INICIO,NB_MUNICIPIO,CO_ESTADO) values (222,null,null,to_timestamp('09/06/15','DD/MM/RR HH12:MI:SS,FF AM'),'PAPELÓN',19);
Insert into C003T_MUNICIPIO (CO_MUNICIPIO,TX_DESCRIPCION,FE_FIN,FE_INICIO,NB_MUNICIPIO,CO_ESTADO) values (223,null,null,to_timestamp('09/06/15','DD/MM/RR HH12:MI:SS,FF AM'),'SAN GENARO DE BOCONOÍTO',19);
Insert into C003T_MUNICIPIO (CO_MUNICIPIO,TX_DESCRIPCION,FE_FIN,FE_INICIO,NB_MUNICIPIO,CO_ESTADO) values (228,null,null,to_timestamp('09/06/15','DD/MM/RR HH12:MI:SS,FF AM'),'TURÉN',19);
Insert into C003T_MUNICIPIO (CO_MUNICIPIO,TX_DESCRIPCION,FE_FIN,FE_INICIO,NB_MUNICIPIO,CO_ESTADO) values (230,null,null,to_timestamp('09/06/15','DD/MM/RR HH12:MI:SS,FF AM'),'ANDRÉS MATA',20);
Insert into C003T_MUNICIPIO (CO_MUNICIPIO,TX_DESCRIPCION,FE_FIN,FE_INICIO,NB_MUNICIPIO,CO_ESTADO) values (232,null,null,to_timestamp('09/06/15','DD/MM/RR HH12:MI:SS,FF AM'),'BENÍTEZ',20);
Insert into C003T_MUNICIPIO (CO_MUNICIPIO,TX_DESCRIPCION,FE_FIN,FE_INICIO,NB_MUNICIPIO,CO_ESTADO) values (233,null,null,to_timestamp('09/06/15','DD/MM/RR HH12:MI:SS,FF AM'),'BERMUDEZ',20);
Insert into C003T_MUNICIPIO (CO_MUNICIPIO,TX_DESCRIPCION,FE_FIN,FE_INICIO,NB_MUNICIPIO,CO_ESTADO) values (235,null,null,to_timestamp('09/06/15','DD/MM/RR HH12:MI:SS,FF AM'),'CAJIGAL',20);
Insert into C003T_MUNICIPIO (CO_MUNICIPIO,TX_DESCRIPCION,FE_FIN,FE_INICIO,NB_MUNICIPIO,CO_ESTADO) values (236,null,null,to_timestamp('09/06/15','DD/MM/RR HH12:MI:SS,FF AM'),'CRUZ SALMERÓN ACOSTA',20);
Insert into C003T_MUNICIPIO (CO_MUNICIPIO,TX_DESCRIPCION,FE_FIN,FE_INICIO,NB_MUNICIPIO,CO_ESTADO) values (239,null,null,to_timestamp('09/06/15','DD/MM/RR HH12:MI:SS,FF AM'),'MEJÍA',20);
Insert into C003T_MUNICIPIO (CO_MUNICIPIO,TX_DESCRIPCION,FE_FIN,FE_INICIO,NB_MUNICIPIO,CO_ESTADO) values (241,null,null,to_timestamp('09/06/15','DD/MM/RR HH12:MI:SS,FF AM'),'RIBERO',20);
Insert into C003T_MUNICIPIO (CO_MUNICIPIO,TX_DESCRIPCION,FE_FIN,FE_INICIO,NB_MUNICIPIO,CO_ESTADO) values (244,null,null,to_timestamp('09/06/15','DD/MM/RR HH12:MI:SS,FF AM'),'ANTONIO RÓMULO COSTA',21);
Insert into C003T_MUNICIPIO (CO_MUNICIPIO,TX_DESCRIPCION,FE_FIN,FE_INICIO,NB_MUNICIPIO,CO_ESTADO) values (245,null,null,to_timestamp('09/06/15','DD/MM/RR HH12:MI:SS,FF AM'),'AYACUCHO',21);
Insert into C003T_MUNICIPIO (CO_MUNICIPIO,TX_DESCRIPCION,FE_FIN,FE_INICIO,NB_MUNICIPIO,CO_ESTADO) values (248,null,null,to_timestamp('09/06/15','DD/MM/RR HH12:MI:SS,FF AM'),'CÓRDOBA',21);
Insert into C003T_MUNICIPIO (CO_MUNICIPIO,TX_DESCRIPCION,FE_FIN,FE_INICIO,NB_MUNICIPIO,CO_ESTADO) values (249,null,null,to_timestamp('09/06/15','DD/MM/RR HH12:MI:SS,FF AM'),'DARÍO MALDONADO',21);
Insert into C003T_MUNICIPIO (CO_MUNICIPIO,TX_DESCRIPCION,FE_FIN,FE_INICIO,NB_MUNICIPIO,CO_ESTADO) values (250,null,null,to_timestamp('09/06/15','DD/MM/RR HH12:MI:SS,FF AM'),'FERNÁNDEZ FEO',21);
Insert into C003T_MUNICIPIO (CO_MUNICIPIO,TX_DESCRIPCION,FE_FIN,FE_INICIO,NB_MUNICIPIO,CO_ESTADO) values (251,null,null,to_timestamp('09/06/15','DD/MM/RR HH12:MI:SS,FF AM'),'GARCÍA DE HEVIA',21);
Insert into C003T_MUNICIPIO (CO_MUNICIPIO,TX_DESCRIPCION,FE_FIN,FE_INICIO,NB_MUNICIPIO,CO_ESTADO) values (254,null,null,to_timestamp('09/06/15','DD/MM/RR HH12:MI:SS,FF AM'),'JÁUREGUI',21);
Insert into C003T_MUNICIPIO (CO_MUNICIPIO,TX_DESCRIPCION,FE_FIN,FE_INICIO,NB_MUNICIPIO,CO_ESTADO) values (255,null,null,to_timestamp('09/06/15','DD/MM/RR HH12:MI:SS,FF AM'),'JUNÍN',21);
Insert into C003T_MUNICIPIO (CO_MUNICIPIO,TX_DESCRIPCION,FE_FIN,FE_INICIO,NB_MUNICIPIO,CO_ESTADO) values (258,null,null,to_timestamp('09/06/15','DD/MM/RR HH12:MI:SS,FF AM'),'LOBATERA',21);
Insert into C003T_MUNICIPIO (CO_MUNICIPIO,TX_DESCRIPCION,FE_FIN,FE_INICIO,NB_MUNICIPIO,CO_ESTADO) values (259,null,null,to_timestamp('09/06/15','DD/MM/RR HH12:MI:SS,FF AM'),'MICHELENA',21);
Insert into C003T_MUNICIPIO (CO_MUNICIPIO,TX_DESCRIPCION,FE_FIN,FE_INICIO,NB_MUNICIPIO,CO_ESTADO) values (260,null,null,to_timestamp('09/06/15','DD/MM/RR HH12:MI:SS,FF AM'),'PANAMERICANO',21);
Insert into C003T_MUNICIPIO (CO_MUNICIPIO,TX_DESCRIPCION,FE_FIN,FE_INICIO,NB_MUNICIPIO,CO_ESTADO) values (261,null,null,to_timestamp('09/06/15','DD/MM/RR HH12:MI:SS,FF AM'),'PEDRO MARÍA URE?A',21);
Insert into C003T_MUNICIPIO (CO_MUNICIPIO,TX_DESCRIPCION,FE_FIN,FE_INICIO,NB_MUNICIPIO,CO_ESTADO) values (262,null,null,to_timestamp('09/06/15','DD/MM/RR HH12:MI:SS,FF AM'),'SAN CRISTÓBAL',21);
Insert into C003T_MUNICIPIO (CO_MUNICIPIO,TX_DESCRIPCION,FE_FIN,FE_INICIO,NB_MUNICIPIO,CO_ESTADO) values (263,null,null,to_timestamp('09/06/15','DD/MM/RR HH12:MI:SS,FF AM'),'SAN JUDAS TADEO',21);
Insert into C003T_MUNICIPIO (CO_MUNICIPIO,TX_DESCRIPCION,FE_FIN,FE_INICIO,NB_MUNICIPIO,CO_ESTADO) values (264,null,null,to_timestamp('09/06/15','DD/MM/RR HH12:MI:SS,FF AM'),'SEBORUCO',21);
Insert into C003T_MUNICIPIO (CO_MUNICIPIO,TX_DESCRIPCION,FE_FIN,FE_INICIO,NB_MUNICIPIO,CO_ESTADO) values (268,null,null,to_timestamp('09/06/15','DD/MM/RR HH12:MI:SS,FF AM'),'URIBANTE',21);
Insert into C003T_MUNICIPIO (CO_MUNICIPIO,TX_DESCRIPCION,FE_FIN,FE_INICIO,NB_MUNICIPIO,CO_ESTADO) values (272,null,null,to_timestamp('09/06/15','DD/MM/RR HH12:MI:SS,FF AM'),'CANDELARIA',22);
Insert into C003T_MUNICIPIO (CO_MUNICIPIO,TX_DESCRIPCION,FE_FIN,FE_INICIO,NB_MUNICIPIO,CO_ESTADO) values (274,null,null,to_timestamp('09/06/15','DD/MM/RR HH12:MI:SS,FF AM'),'ESCUQUE',22);
Insert into C003T_MUNICIPIO (CO_MUNICIPIO,TX_DESCRIPCION,FE_FIN,FE_INICIO,NB_MUNICIPIO,CO_ESTADO) values (275,null,null,to_timestamp('09/06/15','DD/MM/RR HH12:MI:SS,FF AM'),'JOSÉ FELIPE MÁRQUEZ CAÑIZALES',22);
Insert into C003T_MUNICIPIO (CO_MUNICIPIO,TX_DESCRIPCION,FE_FIN,FE_INICIO,NB_MUNICIPIO,CO_ESTADO) values (276,null,null,to_timestamp('09/06/15','DD/MM/RR HH12:MI:SS,FF AM'),'JUAN VICENTE CAMPO ELÍAS',22);
Insert into C003T_MUNICIPIO (CO_MUNICIPIO,TX_DESCRIPCION,FE_FIN,FE_INICIO,NB_MUNICIPIO,CO_ESTADO) values (277,null,null,to_timestamp('09/06/15','DD/MM/RR HH12:MI:SS,FF AM'),'LA CEIBA',22);
Insert into C003T_MUNICIPIO (CO_MUNICIPIO,TX_DESCRIPCION,FE_FIN,FE_INICIO,NB_MUNICIPIO,CO_ESTADO) values (279,null,null,to_timestamp('09/06/15','DD/MM/RR HH12:MI:SS,FF AM'),'MONTE CARMELO',22);
Insert into C003T_MUNICIPIO (CO_MUNICIPIO,TX_DESCRIPCION,FE_FIN,FE_INICIO,NB_MUNICIPIO,CO_ESTADO) values (280,null,null,to_timestamp('09/06/15','DD/MM/RR HH12:MI:SS,FF AM'),'MOTATÁN',22);
Insert into C003T_MUNICIPIO (CO_MUNICIPIO,TX_DESCRIPCION,FE_FIN,FE_INICIO,NB_MUNICIPIO,CO_ESTADO) values (281,null,null,to_timestamp('09/06/15','DD/MM/RR HH12:MI:SS,FF AM'),'PAMPÁN',22);
Insert into C003T_MUNICIPIO (CO_MUNICIPIO,TX_DESCRIPCION,FE_FIN,FE_INICIO,NB_MUNICIPIO,CO_ESTADO) values (283,null,null,to_timestamp('09/06/15','DD/MM/RR HH12:MI:SS,FF AM'),'RAFAEL RANGEL',22);
Insert into C003T_MUNICIPIO (CO_MUNICIPIO,TX_DESCRIPCION,FE_FIN,FE_INICIO,NB_MUNICIPIO,CO_ESTADO) values (284,null,null,to_timestamp('09/06/15','DD/MM/RR HH12:MI:SS,FF AM'),'SAN RAFAEL DE CARVAJAL',22);
Insert into C003T_MUNICIPIO (CO_MUNICIPIO,TX_DESCRIPCION,FE_FIN,FE_INICIO,NB_MUNICIPIO,CO_ESTADO) values (286,null,null,to_timestamp('09/06/15','DD/MM/RR HH12:MI:SS,FF AM'),'TRUJILLO',22);
Insert into C003T_MUNICIPIO (CO_MUNICIPIO,TX_DESCRIPCION,FE_FIN,FE_INICIO,NB_MUNICIPIO,CO_ESTADO) values (270,null,null,to_timestamp('09/06/15','DD/MM/RR HH12:MI:SS,FF AM'),'BOCONÓ',22);
Insert into C003T_MUNICIPIO (CO_MUNICIPIO,TX_DESCRIPCION,FE_FIN,FE_INICIO,NB_MUNICIPIO,CO_ESTADO) values (289,null,null,to_timestamp('09/06/15','DD/MM/RR HH12:MI:SS,FF AM'),'VARGAS',23);
Insert into C003T_MUNICIPIO (CO_MUNICIPIO,TX_DESCRIPCION,FE_FIN,FE_INICIO,NB_MUNICIPIO,CO_ESTADO) values (290,null,null,to_timestamp('09/06/15','DD/MM/RR HH12:MI:SS,FF AM'),'ARÍSTIDES BASTIDAS',24);
Insert into C003T_MUNICIPIO (CO_MUNICIPIO,TX_DESCRIPCION,FE_FIN,FE_INICIO,NB_MUNICIPIO,CO_ESTADO) values (292,null,null,to_timestamp('09/06/15','DD/MM/RR HH12:MI:SS,FF AM'),'BRUZUAL',24);
Insert into C003T_MUNICIPIO (CO_MUNICIPIO,TX_DESCRIPCION,FE_FIN,FE_INICIO,NB_MUNICIPIO,CO_ESTADO) values (293,null,null,to_timestamp('09/06/15','DD/MM/RR HH12:MI:SS,FF AM'),'JOSÉ ANTONIO PÁEZ',24);
Insert into C003T_MUNICIPIO (CO_MUNICIPIO,TX_DESCRIPCION,FE_FIN,FE_INICIO,NB_MUNICIPIO,CO_ESTADO) values (294,null,null,to_timestamp('09/06/15','DD/MM/RR HH12:MI:SS,FF AM'),'LA TRINIDAD',24);
Insert into C003T_MUNICIPIO (CO_MUNICIPIO,TX_DESCRIPCION,FE_FIN,FE_INICIO,NB_MUNICIPIO,CO_ESTADO) values (295,null,null,to_timestamp('09/06/15','DD/MM/RR HH12:MI:SS,FF AM'),'MANUEL MONGE',24);
Insert into C003T_MUNICIPIO (CO_MUNICIPIO,TX_DESCRIPCION,FE_FIN,FE_INICIO,NB_MUNICIPIO,CO_ESTADO) values (296,null,null,to_timestamp('09/06/15','DD/MM/RR HH12:MI:SS,FF AM'),'NIRGUA',24);
Insert into C003T_MUNICIPIO (CO_MUNICIPIO,TX_DESCRIPCION,FE_FIN,FE_INICIO,NB_MUNICIPIO,CO_ESTADO) values (297,null,null,to_timestamp('09/06/15','DD/MM/RR HH12:MI:SS,FF AM'),'PEÑA',24);
Insert into C003T_MUNICIPIO (CO_MUNICIPIO,TX_DESCRIPCION,FE_FIN,FE_INICIO,NB_MUNICIPIO,CO_ESTADO) values (302,null,null,to_timestamp('09/06/15','DD/MM/RR HH12:MI:SS,FF AM'),'ALMIRANTE PADILLA',25);
Insert into C003T_MUNICIPIO (CO_MUNICIPIO,TX_DESCRIPCION,FE_FIN,FE_INICIO,NB_MUNICIPIO,CO_ESTADO) values (304,null,null,to_timestamp('09/06/15','DD/MM/RR HH12:MI:SS,FF AM'),'CABIMAS',25);
Insert into C003T_MUNICIPIO (CO_MUNICIPIO,TX_DESCRIPCION,FE_FIN,FE_INICIO,NB_MUNICIPIO,CO_ESTADO) values (305,null,null,to_timestamp('09/06/15','DD/MM/RR HH12:MI:SS,FF AM'),'CATATUMBO',25);
Insert into C003T_MUNICIPIO (CO_MUNICIPIO,TX_DESCRIPCION,FE_FIN,FE_INICIO,NB_MUNICIPIO,CO_ESTADO) values (307,null,null,to_timestamp('09/06/15','DD/MM/RR HH12:MI:SS,FF AM'),'FRANCISCO JAVIER PULGAR',25);
Insert into C003T_MUNICIPIO (CO_MUNICIPIO,TX_DESCRIPCION,FE_FIN,FE_INICIO,NB_MUNICIPIO,CO_ESTADO) values (308,null,null,to_timestamp('09/06/15','DD/MM/RR HH12:MI:SS,FF AM'),'INDIGENA BOLIVARIANO GUAJIRA',25);
Insert into C003T_MUNICIPIO (CO_MUNICIPIO,TX_DESCRIPCION,FE_FIN,FE_INICIO,NB_MUNICIPIO,CO_ESTADO) values (309,null,null,to_timestamp('09/06/15','DD/MM/RR HH12:MI:SS,FF AM'),'JESÚS ENRIQUE LOSSADA',25);
Insert into C003T_MUNICIPIO (CO_MUNICIPIO,TX_DESCRIPCION,FE_FIN,FE_INICIO,NB_MUNICIPIO,CO_ESTADO) values (310,null,null,to_timestamp('09/06/15','DD/MM/RR HH12:MI:SS,FF AM'),'JESÚS MARÍA SEMPRÚN',25);
Insert into C003T_MUNICIPIO (CO_MUNICIPIO,TX_DESCRIPCION,FE_FIN,FE_INICIO,NB_MUNICIPIO,CO_ESTADO) values (311,null,null,to_timestamp('09/06/15','DD/MM/RR HH12:MI:SS,FF AM'),'LA CAÑADA DE URDANETA',25);
Insert into C003T_MUNICIPIO (CO_MUNICIPIO,TX_DESCRIPCION,FE_FIN,FE_INICIO,NB_MUNICIPIO,CO_ESTADO) values (312,null,null,to_timestamp('09/06/15','DD/MM/RR HH12:MI:SS,FF AM'),'LAGUNILLAS',25);
Insert into C003T_MUNICIPIO (CO_MUNICIPIO,TX_DESCRIPCION,FE_FIN,FE_INICIO,NB_MUNICIPIO,CO_ESTADO) values (313,null,null,to_timestamp('09/06/15','DD/MM/RR HH12:MI:SS,FF AM'),'MACHIQUES DE PERIJÁ',25);
Insert into C003T_MUNICIPIO (CO_MUNICIPIO,TX_DESCRIPCION,FE_FIN,FE_INICIO,NB_MUNICIPIO,CO_ESTADO) values (317,null,null,to_timestamp('09/06/15','DD/MM/RR HH12:MI:SS,FF AM'),'ROSARIO DE PERIJÁ',25);
Insert into C003T_MUNICIPIO (CO_MUNICIPIO,TX_DESCRIPCION,FE_FIN,FE_INICIO,NB_MUNICIPIO,CO_ESTADO) values (321,null,null,to_timestamp('09/06/15','DD/MM/RR HH12:MI:SS,FF AM'),'VALMORE RODRÍGUEZ',25);

Insert into C004T_PARROQUIA (CO_PARROQUIA,TX_DESCRIPCION,FE_FIN,FE_INICIO,NB_PARROQUIA,CO_MUNICIPIO) values (945,null,null,to_timestamp('09/06/15','DD/MM/RR HH12:MI:SS,FF AM'),'MACUTO',289);
Insert into C004T_PARROQUIA (CO_PARROQUIA,TX_DESCRIPCION,FE_FIN,FE_INICIO,NB_PARROQUIA,CO_MUNICIPIO) values (946,null,null,to_timestamp('09/06/15','DD/MM/RR HH12:MI:SS,FF AM'),'MAIQUETÍA',289);
Insert into C004T_PARROQUIA (CO_PARROQUIA,TX_DESCRIPCION,FE_FIN,FE_INICIO,NB_PARROQUIA,CO_MUNICIPIO) values (947,null,null,to_timestamp('09/06/15','DD/MM/RR HH12:MI:SS,FF AM'),'NAIGUATÁ',289);
Insert into C004T_PARROQUIA (CO_PARROQUIA,TX_DESCRIPCION,FE_FIN,FE_INICIO,NB_PARROQUIA,CO_MUNICIPIO) values (948,null,null,to_timestamp('09/06/15','DD/MM/RR HH12:MI:SS,FF AM'),'URIMARE',289);
Insert into C004T_PARROQUIA (CO_PARROQUIA,TX_DESCRIPCION,FE_FIN,FE_INICIO,NB_PARROQUIA,CO_MUNICIPIO) values (951,null,null,to_timestamp('09/06/15','DD/MM/RR HH12:MI:SS,FF AM'),'COCOROTE',292);
Insert into C004T_PARROQUIA (CO_PARROQUIA,TX_DESCRIPCION,FE_FIN,FE_INICIO,NB_PARROQUIA,CO_MUNICIPIO) values (953,null,null,to_timestamp('09/06/15','DD/MM/RR HH12:MI:SS,FF AM'),'NIRGUA',296);
Insert into C004T_PARROQUIA (CO_PARROQUIA,TX_DESCRIPCION,FE_FIN,FE_INICIO,NB_PARROQUIA,CO_MUNICIPIO) values (955,null,null,to_timestamp('09/06/15','DD/MM/RR HH12:MI:SS,FF AM'),'TEMERLA',296);
Insert into C004T_PARROQUIA (CO_PARROQUIA,TX_DESCRIPCION,FE_FIN,FE_INICIO,NB_PARROQUIA,CO_MUNICIPIO) values (956,null,null,to_timestamp('09/06/15','DD/MM/RR HH12:MI:SS,FF AM'),'PEÑA',297);
Insert into C004T_PARROQUIA (CO_PARROQUIA,TX_DESCRIPCION,FE_FIN,FE_INICIO,NB_PARROQUIA,CO_MUNICIPIO) values (957,null,null,to_timestamp('09/06/15','DD/MM/RR HH12:MI:SS,FF AM'),'SAN ANDRÉS',297);
Insert into C004T_PARROQUIA (CO_PARROQUIA,TX_DESCRIPCION,FE_FIN,FE_INICIO,NB_PARROQUIA,CO_MUNICIPIO) values (963,null,null,to_timestamp('09/06/15','DD/MM/RR HH12:MI:SS,FF AM'),'ISLA DE TOAS',302);
Insert into C004T_PARROQUIA (CO_PARROQUIA,TX_DESCRIPCION,FE_FIN,FE_INICIO,NB_PARROQUIA,CO_MUNICIPIO) values (964,null,null,to_timestamp('09/06/15','DD/MM/RR HH12:MI:SS,FF AM'),'MONAGAS',302);
Insert into C004T_PARROQUIA (CO_PARROQUIA,TX_DESCRIPCION,FE_FIN,FE_INICIO,NB_PARROQUIA,CO_MUNICIPIO) values (971,null,null,to_timestamp('09/06/15','DD/MM/RR HH12:MI:SS,FF AM'),'JOSÉ CENOBIO URRIBARRI',304);
Insert into C004T_PARROQUIA (CO_PARROQUIA,TX_DESCRIPCION,FE_FIN,FE_INICIO,NB_PARROQUIA,CO_MUNICIPIO) values (972,null,null,to_timestamp('09/06/15','DD/MM/RR HH12:MI:SS,FF AM'),'AMBROSIO',304);
Insert into C004T_PARROQUIA (CO_PARROQUIA,TX_DESCRIPCION,FE_FIN,FE_INICIO,NB_PARROQUIA,CO_MUNICIPIO) values (973,null,null,to_timestamp('09/06/15','DD/MM/RR HH12:MI:SS,FF AM'),'ARÍSTIDES CALVANI',304);
Insert into C004T_PARROQUIA (CO_PARROQUIA,TX_DESCRIPCION,FE_FIN,FE_INICIO,NB_PARROQUIA,CO_MUNICIPIO) values (974,null,null,to_timestamp('09/06/15','DD/MM/RR HH12:MI:SS,FF AM'),'CARMEN HERRERA',304);
Insert into C004T_PARROQUIA (CO_PARROQUIA,TX_DESCRIPCION,FE_FIN,FE_INICIO,NB_PARROQUIA,CO_MUNICIPIO) values (975,null,null,to_timestamp('09/06/15','DD/MM/RR HH12:MI:SS,FF AM'),'EL MENE',304);
Insert into C004T_PARROQUIA (CO_PARROQUIA,TX_DESCRIPCION,FE_FIN,FE_INICIO,NB_PARROQUIA,CO_MUNICIPIO) values (976,null,null,to_timestamp('09/06/15','DD/MM/RR HH12:MI:SS,FF AM'),'GERMÁN RÍOS LINARES',304);
Insert into C004T_PARROQUIA (CO_PARROQUIA,TX_DESCRIPCION,FE_FIN,FE_INICIO,NB_PARROQUIA,CO_MUNICIPIO) values (977,null,null,to_timestamp('09/06/15','DD/MM/RR HH12:MI:SS,FF AM'),'JORGE HERNÁNDEZ',304);
Insert into C004T_PARROQUIA (CO_PARROQUIA,TX_DESCRIPCION,FE_FIN,FE_INICIO,NB_PARROQUIA,CO_MUNICIPIO) values (978,null,null,to_timestamp('09/06/15','DD/MM/RR HH12:MI:SS,FF AM'),'LA ROSA',304);
Insert into C004T_PARROQUIA (CO_PARROQUIA,TX_DESCRIPCION,FE_FIN,FE_INICIO,NB_PARROQUIA,CO_MUNICIPIO) values (979,null,null,to_timestamp('09/06/15','DD/MM/RR HH12:MI:SS,FF AM'),'PEDRO LUCAS URRIBARRI',304);
Insert into C004T_PARROQUIA (CO_PARROQUIA,TX_DESCRIPCION,FE_FIN,FE_INICIO,NB_PARROQUIA,CO_MUNICIPIO) values (980,null,null,to_timestamp('09/06/15','DD/MM/RR HH12:MI:SS,FF AM'),'PUNTA GORDA',304);
Insert into C004T_PARROQUIA (CO_PARROQUIA,TX_DESCRIPCION,FE_FIN,FE_INICIO,NB_PARROQUIA,CO_MUNICIPIO) values (981,null,null,to_timestamp('09/06/15','DD/MM/RR HH12:MI:SS,FF AM'),'RÓMULO BETANCOURT',304);
Insert into C004T_PARROQUIA (CO_PARROQUIA,TX_DESCRIPCION,FE_FIN,FE_INICIO,NB_PARROQUIA,CO_MUNICIPIO) values (982,null,null,to_timestamp('09/06/15','DD/MM/RR HH12:MI:SS,FF AM'),'SAN BENITO',304);
Insert into C004T_PARROQUIA (CO_PARROQUIA,TX_DESCRIPCION,FE_FIN,FE_INICIO,NB_PARROQUIA,CO_MUNICIPIO) values (984,null,null,to_timestamp('09/06/15','DD/MM/RR HH12:MI:SS,FF AM'),'ENCONTRADOS',305);
Insert into C004T_PARROQUIA (CO_PARROQUIA,TX_DESCRIPCION,FE_FIN,FE_INICIO,NB_PARROQUIA,CO_MUNICIPIO) values (985,null,null,to_timestamp('09/06/15','DD/MM/RR HH12:MI:SS,FF AM'),'UDÓN PÉREZ',305);
Insert into C004T_PARROQUIA (CO_PARROQUIA,TX_DESCRIPCION,FE_FIN,FE_INICIO,NB_PARROQUIA,CO_MUNICIPIO) values (991,null,null,to_timestamp('09/06/15','DD/MM/RR HH12:MI:SS,FF AM'),'CARLOS QUEVEDO',307);
Insert into C004T_PARROQUIA (CO_PARROQUIA,TX_DESCRIPCION,FE_FIN,FE_INICIO,NB_PARROQUIA,CO_MUNICIPIO) values (992,null,null,to_timestamp('09/06/15','DD/MM/RR HH12:MI:SS,FF AM'),'FRANCISCO JAVIER PULGAR',307);
Insert into C004T_PARROQUIA (CO_PARROQUIA,TX_DESCRIPCION,FE_FIN,FE_INICIO,NB_PARROQUIA,CO_MUNICIPIO) values (993,null,null,to_timestamp('09/06/15','DD/MM/RR HH12:MI:SS,FF AM'),'SIMÓN RODRÍGUEZ',307);
Insert into C004T_PARROQUIA (CO_PARROQUIA,TX_DESCRIPCION,FE_FIN,FE_INICIO,NB_PARROQUIA,CO_MUNICIPIO) values (994,null,null,to_timestamp('09/06/15','DD/MM/RR HH12:MI:SS,FF AM'),'ALTA GUAJIRA',308);
Insert into C004T_PARROQUIA (CO_PARROQUIA,TX_DESCRIPCION,FE_FIN,FE_INICIO,NB_PARROQUIA,CO_MUNICIPIO) values (995,null,null,to_timestamp('09/06/15','DD/MM/RR HH12:MI:SS,FF AM'),'ELÍAS SÁNCHEZ RUBIO',308);
Insert into C004T_PARROQUIA (CO_PARROQUIA,TX_DESCRIPCION,FE_FIN,FE_INICIO,NB_PARROQUIA,CO_MUNICIPIO) values (997,null,null,to_timestamp('09/06/15','DD/MM/RR HH12:MI:SS,FF AM'),'JOSÉ RAMÓN YEPES',309);
Insert into C004T_PARROQUIA (CO_PARROQUIA,TX_DESCRIPCION,FE_FIN,FE_INICIO,NB_PARROQUIA,CO_MUNICIPIO) values (999,null,null,to_timestamp('09/06/15','DD/MM/RR HH12:MI:SS,FF AM'),'MARIANO PARRA LEÓN',309);
Insert into C004T_PARROQUIA (CO_PARROQUIA,TX_DESCRIPCION,FE_FIN,FE_INICIO,NB_PARROQUIA,CO_MUNICIPIO) values (1001,null,null,to_timestamp('09/06/15','DD/MM/RR HH12:MI:SS,FF AM'),'BARÍ',310);
Insert into C004T_PARROQUIA (CO_PARROQUIA,TX_DESCRIPCION,FE_FIN,FE_INICIO,NB_PARROQUIA,CO_MUNICIPIO) values (1002,null,null,to_timestamp('09/06/15','DD/MM/RR HH12:MI:SS,FF AM'),'ANDRÉS BELLO',311);
Insert into C004T_PARROQUIA (CO_PARROQUIA,TX_DESCRIPCION,FE_FIN,FE_INICIO,NB_PARROQUIA,CO_MUNICIPIO) values (1006,null,null,to_timestamp('09/06/15','DD/MM/RR HH12:MI:SS,FF AM'),'POTRERITOS',311);
Insert into C004T_PARROQUIA (CO_PARROQUIA,TX_DESCRIPCION,FE_FIN,FE_INICIO,NB_PARROQUIA,CO_MUNICIPIO) values (1007,null,null,to_timestamp('09/06/15','DD/MM/RR HH12:MI:SS,FF AM'),'ALONSO DE OJEDA',312);
Insert into C004T_PARROQUIA (CO_PARROQUIA,TX_DESCRIPCION,FE_FIN,FE_INICIO,NB_PARROQUIA,CO_MUNICIPIO) values (1008,null,null,to_timestamp('09/06/15','DD/MM/RR HH12:MI:SS,FF AM'),'CAMPO LARA',312);
Insert into C004T_PARROQUIA (CO_PARROQUIA,TX_DESCRIPCION,FE_FIN,FE_INICIO,NB_PARROQUIA,CO_MUNICIPIO) values (1009,null,null,to_timestamp('09/06/15','DD/MM/RR HH12:MI:SS,FF AM'),'ELEAZAR LÓPEZ CONTRERAS',312);
Insert into C004T_PARROQUIA (CO_PARROQUIA,TX_DESCRIPCION,FE_FIN,FE_INICIO,NB_PARROQUIA,CO_MUNICIPIO) values (1011,null,null,to_timestamp('09/06/15','DD/MM/RR HH12:MI:SS,FF AM'),'VENEZUELA',312);
Insert into C004T_PARROQUIA (CO_PARROQUIA,TX_DESCRIPCION,FE_FIN,FE_INICIO,NB_PARROQUIA,CO_MUNICIPIO) values (1012,null,null,to_timestamp('09/06/15','DD/MM/RR HH12:MI:SS,FF AM'),'BARTOLOMÉ DE LAS CASAS',313);
Insert into C004T_PARROQUIA (CO_PARROQUIA,TX_DESCRIPCION,FE_FIN,FE_INICIO,NB_PARROQUIA,CO_MUNICIPIO) values (1014,null,null,to_timestamp('09/06/15','DD/MM/RR HH12:MI:SS,FF AM'),'RÍO NEGRO',313);
Insert into C004T_PARROQUIA (CO_PARROQUIA,TX_DESCRIPCION,FE_FIN,FE_INICIO,NB_PARROQUIA,CO_MUNICIPIO) values (1015,null,null,to_timestamp('09/06/15','DD/MM/RR HH12:MI:SS,FF AM'),'SAN JOSÉ DE PERIJÁ',313);
Insert into C004T_PARROQUIA (CO_PARROQUIA,TX_DESCRIPCION,FE_FIN,FE_INICIO,NB_PARROQUIA,CO_MUNICIPIO) values (1044,null,null,to_timestamp('09/06/15','DD/MM/RR HH12:MI:SS,FF AM'),'DONALDO GARCÍA',317);
Insert into C004T_PARROQUIA (CO_PARROQUIA,TX_DESCRIPCION,FE_FIN,FE_INICIO,NB_PARROQUIA,CO_MUNICIPIO) values (1045,null,null,to_timestamp('09/06/15','DD/MM/RR HH12:MI:SS,FF AM'),'EL ROSARIO',317);
Insert into C004T_PARROQUIA (CO_PARROQUIA,TX_DESCRIPCION,FE_FIN,FE_INICIO,NB_PARROQUIA,CO_MUNICIPIO) values (1046,null,null,to_timestamp('09/06/15','DD/MM/RR HH12:MI:SS,FF AM'),'SIXTO ZAMBRANO',317);
Insert into C004T_PARROQUIA (CO_PARROQUIA,TX_DESCRIPCION,FE_FIN,FE_INICIO,NB_PARROQUIA,CO_MUNICIPIO) values (1063,null,null,to_timestamp('09/06/15','DD/MM/RR HH12:MI:SS,FF AM'),'LA VICTORIA',321);
Insert into C004T_PARROQUIA (CO_PARROQUIA,TX_DESCRIPCION,FE_FIN,FE_INICIO,NB_PARROQUIA,CO_MUNICIPIO) values (1065,null,null,to_timestamp('09/06/15','DD/MM/RR HH12:MI:SS,FF AM'),'RAÚL CUENCA',321);
Insert into C004T_PARROQUIA (CO_PARROQUIA,TX_DESCRIPCION,FE_FIN,FE_INICIO,NB_PARROQUIA,CO_MUNICIPIO) values (1,null,null,to_timestamp('09/06/15','DD/MM/RR HH12:MI:SS,FF AM'),'ALTO ORINOCO',1);
Insert into C004T_PARROQUIA (CO_PARROQUIA,TX_DESCRIPCION,FE_FIN,FE_INICIO,NB_PARROQUIA,CO_MUNICIPIO) values (2,null,null,to_timestamp('09/06/15','DD/MM/RR HH12:MI:SS,FF AM'),'HUACHAMACARE',1);
Insert into C004T_PARROQUIA (CO_PARROQUIA,TX_DESCRIPCION,FE_FIN,FE_INICIO,NB_PARROQUIA,CO_MUNICIPIO) values (3,null,null,to_timestamp('09/06/15','DD/MM/RR HH12:MI:SS,FF AM'),'MARAWAKA',1);
Insert into C004T_PARROQUIA (CO_PARROQUIA,TX_DESCRIPCION,FE_FIN,FE_INICIO,NB_PARROQUIA,CO_MUNICIPIO) values (4,null,null,to_timestamp('09/06/15','DD/MM/RR HH12:MI:SS,FF AM'),'MAVACA',1);
Insert into C004T_PARROQUIA (CO_PARROQUIA,TX_DESCRIPCION,FE_FIN,FE_INICIO,NB_PARROQUIA,CO_MUNICIPIO) values (5,null,null,to_timestamp('09/06/15','DD/MM/RR HH12:MI:SS,FF AM'),'SIERRA PARIMA',1);
Insert into C004T_PARROQUIA (CO_PARROQUIA,TX_DESCRIPCION,FE_FIN,FE_INICIO,NB_PARROQUIA,CO_MUNICIPIO) values (6,null,null,to_timestamp('09/06/15','DD/MM/RR HH12:MI:SS,FF AM'),'UCATA',2);
Insert into C004T_PARROQUIA (CO_PARROQUIA,TX_DESCRIPCION,FE_FIN,FE_INICIO,NB_PARROQUIA,CO_MUNICIPIO) values (7,null,null,to_timestamp('09/06/15','DD/MM/RR HH12:MI:SS,FF AM'),'YAPACANA',2);
Insert into C004T_PARROQUIA (CO_PARROQUIA,TX_DESCRIPCION,FE_FIN,FE_INICIO,NB_PARROQUIA,CO_MUNICIPIO) values (8,null,null,to_timestamp('09/06/15','DD/MM/RR HH12:MI:SS,FF AM'),'CANAME',2);
Insert into C004T_PARROQUIA (CO_PARROQUIA,TX_DESCRIPCION,FE_FIN,FE_INICIO,NB_PARROQUIA,CO_MUNICIPIO) values (9,null,null,to_timestamp('09/06/15','DD/MM/RR HH12:MI:SS,FF AM'),'FERNANDO GIRÓN TOVAR',3);
Insert into C004T_PARROQUIA (CO_PARROQUIA,TX_DESCRIPCION,FE_FIN,FE_INICIO,NB_PARROQUIA,CO_MUNICIPIO) values (10,null,null,to_timestamp('09/06/15','DD/MM/RR HH12:MI:SS,FF AM'),'LUIS ALBERTO GÓMEZ',3);
Insert into C004T_PARROQUIA (CO_PARROQUIA,TX_DESCRIPCION,FE_FIN,FE_INICIO,NB_PARROQUIA,CO_MUNICIPIO) values (11,null,null,to_timestamp('09/06/15','DD/MM/RR HH12:MI:SS,FF AM'),'PARHUEÑA',3);
Insert into C004T_PARROQUIA (CO_PARROQUIA,TX_DESCRIPCION,FE_FIN,FE_INICIO,NB_PARROQUIA,CO_MUNICIPIO) values (12,null,null,to_timestamp('09/06/15','DD/MM/RR HH12:MI:SS,FF AM'),'PLATANILLAL',3);
Insert into C004T_PARROQUIA (CO_PARROQUIA,TX_DESCRIPCION,FE_FIN,FE_INICIO,NB_PARROQUIA,CO_MUNICIPIO) values (13,null,null,to_timestamp('09/06/15','DD/MM/RR HH12:MI:SS,FF AM'),'SAMARIAPO',4);
Insert into C004T_PARROQUIA (CO_PARROQUIA,TX_DESCRIPCION,FE_FIN,FE_INICIO,NB_PARROQUIA,CO_MUNICIPIO) values (14,null,null,to_timestamp('09/06/15','DD/MM/RR HH12:MI:SS,FF AM'),'SIPAPO',4);
Insert into C004T_PARROQUIA (CO_PARROQUIA,TX_DESCRIPCION,FE_FIN,FE_INICIO,NB_PARROQUIA,CO_MUNICIPIO) values (15,null,null,to_timestamp('09/06/15','DD/MM/RR HH12:MI:SS,FF AM'),'MUNDUAPO',4);
Insert into C004T_PARROQUIA (CO_PARROQUIA,TX_DESCRIPCION,FE_FIN,FE_INICIO,NB_PARROQUIA,CO_MUNICIPIO) values (16,null,null,to_timestamp('09/06/15','DD/MM/RR HH12:MI:SS,FF AM'),'GUAYAPO',4);
Insert into C004T_PARROQUIA (CO_PARROQUIA,TX_DESCRIPCION,FE_FIN,FE_INICIO,NB_PARROQUIA,CO_MUNICIPIO) values (17,null,null,to_timestamp('09/06/15','DD/MM/RR HH12:MI:SS,FF AM'),'VICTORINO',5);
Insert into C004T_PARROQUIA (CO_PARROQUIA,TX_DESCRIPCION,FE_FIN,FE_INICIO,NB_PARROQUIA,CO_MUNICIPIO) values (18,null,null,to_timestamp('09/06/15','DD/MM/RR HH12:MI:SS,FF AM'),'COMUNIDAD',5);
Insert into C004T_PARROQUIA (CO_PARROQUIA,TX_DESCRIPCION,FE_FIN,FE_INICIO,NB_PARROQUIA,CO_MUNICIPIO) values (19,null,null,to_timestamp('09/06/15','DD/MM/RR HH12:MI:SS,FF AM'),'ALTO VENTUARI',6);
Insert into C004T_PARROQUIA (CO_PARROQUIA,TX_DESCRIPCION,FE_FIN,FE_INICIO,NB_PARROQUIA,CO_MUNICIPIO) values (20,null,null,to_timestamp('09/06/15','DD/MM/RR HH12:MI:SS,FF AM'),'MEDIO VENTUARI',6);
Insert into C004T_PARROQUIA (CO_PARROQUIA,TX_DESCRIPCION,FE_FIN,FE_INICIO,NB_PARROQUIA,CO_MUNICIPIO) values (21,null,null,to_timestamp('09/06/15','DD/MM/RR HH12:MI:SS,FF AM'),'BAJO VENTUARI',6);
Insert into C004T_PARROQUIA (CO_PARROQUIA,TX_DESCRIPCION,FE_FIN,FE_INICIO,NB_PARROQUIA,CO_MUNICIPIO) values (22,null,null,to_timestamp('09/06/15','DD/MM/RR HH12:MI:SS,FF AM'),'RÍO NEGRO',7);
Insert into C004T_PARROQUIA (CO_PARROQUIA,TX_DESCRIPCION,FE_FIN,FE_INICIO,NB_PARROQUIA,CO_MUNICIPIO) values (23,null,null,to_timestamp('09/06/15','DD/MM/RR HH12:MI:SS,FF AM'),'SOLANO',7);
Insert into C004T_PARROQUIA (CO_PARROQUIA,TX_DESCRIPCION,FE_FIN,FE_INICIO,NB_PARROQUIA,CO_MUNICIPIO) values (24,null,null,to_timestamp('09/06/15','DD/MM/RR HH12:MI:SS,FF AM'),'CASIQUIARE',7);
Insert into C004T_PARROQUIA (CO_PARROQUIA,TX_DESCRIPCION,FE_FIN,FE_INICIO,NB_PARROQUIA,CO_MUNICIPIO) values (25,null,null,to_timestamp('09/06/15','DD/MM/RR HH12:MI:SS,FF AM'),'COCUY',7);
Insert into C004T_PARROQUIA (CO_PARROQUIA,TX_DESCRIPCION,FE_FIN,FE_INICIO,NB_PARROQUIA,CO_MUNICIPIO) values (26,null,null,to_timestamp('09/06/15','DD/MM/RR HH12:MI:SS,FF AM'),'ANACO',8);
Insert into C004T_PARROQUIA (CO_PARROQUIA,TX_DESCRIPCION,FE_FIN,FE_INICIO,NB_PARROQUIA,CO_MUNICIPIO) values (27,null,null,to_timestamp('09/06/15','DD/MM/RR HH12:MI:SS,FF AM'),'SAN JOAQUÍN',8);
Insert into C004T_PARROQUIA (CO_PARROQUIA,TX_DESCRIPCION,FE_FIN,FE_INICIO,NB_PARROQUIA,CO_MUNICIPIO) values (28,null,null,to_timestamp('09/06/15','DD/MM/RR HH12:MI:SS,FF AM'),'CACHIPO',9);
Insert into C004T_PARROQUIA (CO_PARROQUIA,TX_DESCRIPCION,FE_FIN,FE_INICIO,NB_PARROQUIA,CO_MUNICIPIO) values (29,null,null,to_timestamp('09/06/15','DD/MM/RR HH12:MI:SS,FF AM'),'CAPITAL ARAGUA',9);
Insert into C004T_PARROQUIA (CO_PARROQUIA,TX_DESCRIPCION,FE_FIN,FE_INICIO,NB_PARROQUIA,CO_MUNICIPIO) values (30,null,null,to_timestamp('09/06/15','DD/MM/RR HH12:MI:SS,FF AM'),'CAPITAL DIEGO BAUTISTA URBANEJA',10);
Insert into C004T_PARROQUIA (CO_PARROQUIA,TX_DESCRIPCION,FE_FIN,FE_INICIO,NB_PARROQUIA,CO_MUNICIPIO) values (31,null,null,to_timestamp('09/06/15','DD/MM/RR HH12:MI:SS,FF AM'),'EL MORRO',10);
Insert into C004T_PARROQUIA (CO_PARROQUIA,TX_DESCRIPCION,FE_FIN,FE_INICIO,NB_PARROQUIA,CO_MUNICIPIO) values (32,null,null,to_timestamp('09/06/15','DD/MM/RR HH12:MI:SS,FF AM'),'CAPITAL FERNANDO DE PEÑALVER',11);
Insert into C004T_PARROQUIA (CO_PARROQUIA,TX_DESCRIPCION,FE_FIN,FE_INICIO,NB_PARROQUIA,CO_MUNICIPIO) values (33,null,null,to_timestamp('09/06/15','DD/MM/RR HH12:MI:SS,FF AM'),'SAN MIGUEL',11);
Insert into C004T_PARROQUIA (CO_PARROQUIA,TX_DESCRIPCION,FE_FIN,FE_INICIO,NB_PARROQUIA,CO_MUNICIPIO) values (34,null,null,to_timestamp('09/06/15','DD/MM/RR HH12:MI:SS,FF AM'),'SUCRE',11);
Insert into C004T_PARROQUIA (CO_PARROQUIA,TX_DESCRIPCION,FE_FIN,FE_INICIO,NB_PARROQUIA,CO_MUNICIPIO) values (35,null,null,to_timestamp('09/06/15','DD/MM/RR HH12:MI:SS,FF AM'),'ATAPIRIRE',12);
Insert into C004T_PARROQUIA (CO_PARROQUIA,TX_DESCRIPCION,FE_FIN,FE_INICIO,NB_PARROQUIA,CO_MUNICIPIO) values (36,null,null,to_timestamp('09/06/15','DD/MM/RR HH12:MI:SS,FF AM'),'BOCA DEL PAO',12);
Insert into C004T_PARROQUIA (CO_PARROQUIA,TX_DESCRIPCION,FE_FIN,FE_INICIO,NB_PARROQUIA,CO_MUNICIPIO) values (37,null,null,to_timestamp('09/06/15','DD/MM/RR HH12:MI:SS,FF AM'),'CAPITAL FRANCISCO DE MIRANDA',12);
Insert into C004T_PARROQUIA (CO_PARROQUIA,TX_DESCRIPCION,FE_FIN,FE_INICIO,NB_PARROQUIA,CO_MUNICIPIO) values (38,null,null,to_timestamp('09/06/15','DD/MM/RR HH12:MI:SS,FF AM'),'EL PAO ',12);
Insert into C004T_PARROQUIA (CO_PARROQUIA,TX_DESCRIPCION,FE_FIN,FE_INICIO,NB_PARROQUIA,CO_MUNICIPIO) values (39,null,null,to_timestamp('09/06/15','DD/MM/RR HH12:MI:SS,FF AM'),'MÚCURA',12);
Insert into C004T_PARROQUIA (CO_PARROQUIA,TX_DESCRIPCION,FE_FIN,FE_INICIO,NB_PARROQUIA,CO_MUNICIPIO) values (40,null,null,to_timestamp('09/06/15','DD/MM/RR HH12:MI:SS,FF AM'),'SANTA BÁRBARA',13);
Insert into C004T_PARROQUIA (CO_PARROQUIA,TX_DESCRIPCION,FE_FIN,FE_INICIO,NB_PARROQUIA,CO_MUNICIPIO) values (41,null,null,to_timestamp('09/06/15','DD/MM/RR HH12:MI:SS,FF AM'),'CAPITAL FRANCISCO DEL CARMEN CARVAJAL',13);
Insert into C004T_PARROQUIA (CO_PARROQUIA,TX_DESCRIPCION,FE_FIN,FE_INICIO,NB_PARROQUIA,CO_MUNICIPIO) values (42,null,null,to_timestamp('09/06/15','DD/MM/RR HH12:MI:SS,FF AM'),'CHORRERÓN',14);
Insert into C004T_PARROQUIA (CO_PARROQUIA,TX_DESCRIPCION,FE_FIN,FE_INICIO,NB_PARROQUIA,CO_MUNICIPIO) values (43,null,null,to_timestamp('09/06/15','DD/MM/RR HH12:MI:SS,FF AM'),'GUANTA',14);
Insert into C004T_PARROQUIA (CO_PARROQUIA,TX_DESCRIPCION,FE_FIN,FE_INICIO,NB_PARROQUIA,CO_MUNICIPIO) values (44,null,null,to_timestamp('09/06/15','DD/MM/RR HH12:MI:SS,FF AM'),'CAPITAL INDEPENDENCIA',15);
Insert into C004T_PARROQUIA (CO_PARROQUIA,TX_DESCRIPCION,FE_FIN,FE_INICIO,NB_PARROQUIA,CO_MUNICIPIO) values (45,null,null,to_timestamp('09/06/15','DD/MM/RR HH12:MI:SS,FF AM'),'MAMO',15);
Insert into C004T_PARROQUIA (CO_PARROQUIA,TX_DESCRIPCION,FE_FIN,FE_INICIO,NB_PARROQUIA,CO_MUNICIPIO) values (46,null,null,to_timestamp('09/06/15','DD/MM/RR HH12:MI:SS,FF AM'),'CAPITAL JOSÉ GREGORIO MONAGAS',16);
Insert into C004T_PARROQUIA (CO_PARROQUIA,TX_DESCRIPCION,FE_FIN,FE_INICIO,NB_PARROQUIA,CO_MUNICIPIO) values (47,null,null,to_timestamp('09/06/15','DD/MM/RR HH12:MI:SS,FF AM'),'GUANAPE',16);
Insert into C004T_PARROQUIA (CO_PARROQUIA,TX_DESCRIPCION,FE_FIN,FE_INICIO,NB_PARROQUIA,CO_MUNICIPIO) values (48,null,null,to_timestamp('09/06/15','DD/MM/RR HH12:MI:SS,FF AM'),'PIAR',16);
Insert into C004T_PARROQUIA (CO_PARROQUIA,TX_DESCRIPCION,FE_FIN,FE_INICIO,NB_PARROQUIA,CO_MUNICIPIO) values (49,null,null,to_timestamp('09/06/15','DD/MM/RR HH12:MI:SS,FF AM'),'SAN DIEGO DE CABRUTICA',16);
Insert into C004T_PARROQUIA (CO_PARROQUIA,TX_DESCRIPCION,FE_FIN,FE_INICIO,NB_PARROQUIA,CO_MUNICIPIO) values (50,null,null,to_timestamp('09/06/15','DD/MM/RR HH12:MI:SS,FF AM'),'SANTA CLARA',16);
Insert into C004T_PARROQUIA (CO_PARROQUIA,TX_DESCRIPCION,FE_FIN,FE_INICIO,NB_PARROQUIA,CO_MUNICIPIO) values (51,null,null,to_timestamp('09/06/15','DD/MM/RR HH12:MI:SS,FF AM'),'UVERITO',16);
Insert into C004T_PARROQUIA (CO_PARROQUIA,TX_DESCRIPCION,FE_FIN,FE_INICIO,NB_PARROQUIA,CO_MUNICIPIO) values (52,null,null,to_timestamp('09/06/15','DD/MM/RR HH12:MI:SS,FF AM'),'ZUATA ',16);
Insert into C004T_PARROQUIA (CO_PARROQUIA,TX_DESCRIPCION,FE_FIN,FE_INICIO,NB_PARROQUIA,CO_MUNICIPIO) values (53,null,null,to_timestamp('09/06/15','DD/MM/RR HH12:MI:SS,FF AM'),'CAPITAL PUERTO LA CRUZ',17);
Insert into C004T_PARROQUIA (CO_PARROQUIA,TX_DESCRIPCION,FE_FIN,FE_INICIO,NB_PARROQUIA,CO_MUNICIPIO) values (54,null,null,to_timestamp('09/06/15','DD/MM/RR HH12:MI:SS,FF AM'),'POZUELOS',17);
Insert into C004T_PARROQUIA (CO_PARROQUIA,TX_DESCRIPCION,FE_FIN,FE_INICIO,NB_PARROQUIA,CO_MUNICIPIO) values (55,null,null,to_timestamp('09/06/15','DD/MM/RR HH12:MI:SS,FF AM'),'CAPITAL JUAN MANUEL CAJIGAL',18);
Insert into C004T_PARROQUIA (CO_PARROQUIA,TX_DESCRIPCION,FE_FIN,FE_INICIO,NB_PARROQUIA,CO_MUNICIPIO) values (56,null,null,to_timestamp('09/06/15','DD/MM/RR HH12:MI:SS,FF AM'),'SAN PABLO',18);
Insert into C004T_PARROQUIA (CO_PARROQUIA,TX_DESCRIPCION,FE_FIN,FE_INICIO,NB_PARROQUIA,CO_MUNICIPIO) values (57,null,null,to_timestamp('09/06/15','DD/MM/RR HH12:MI:SS,FF AM'),'CAPITAL LIBERTAD',19);
Insert into C004T_PARROQUIA (CO_PARROQUIA,TX_DESCRIPCION,FE_FIN,FE_INICIO,NB_PARROQUIA,CO_MUNICIPIO) values (58,null,null,to_timestamp('09/06/15','DD/MM/RR HH12:MI:SS,FF AM'),'EL CARITO',19);
Insert into C004T_PARROQUIA (CO_PARROQUIA,TX_DESCRIPCION,FE_FIN,FE_INICIO,NB_PARROQUIA,CO_MUNICIPIO) values (59,null,null,to_timestamp('09/06/15','DD/MM/RR HH12:MI:SS,FF AM'),'SANTA INÉS',19);
Insert into C004T_PARROQUIA (CO_PARROQUIA,TX_DESCRIPCION,FE_FIN,FE_INICIO,NB_PARROQUIA,CO_MUNICIPIO) values (60,null,null,to_timestamp('09/06/15','DD/MM/RR HH12:MI:SS,FF AM'),'CAPITAL MANUEL EZEQUIEL BRUZUAL',20);
Insert into C004T_PARROQUIA (CO_PARROQUIA,TX_DESCRIPCION,FE_FIN,FE_INICIO,NB_PARROQUIA,CO_MUNICIPIO) values (63,null,null,to_timestamp('09/06/15','DD/MM/RR HH12:MI:SS,FF AM'),'LIBERTADOR',21);
Insert into C004T_PARROQUIA (CO_PARROQUIA,TX_DESCRIPCION,FE_FIN,FE_INICIO,NB_PARROQUIA,CO_MUNICIPIO) values (65,null,null,to_timestamp('09/06/15','DD/MM/RR HH12:MI:SS,FF AM'),'URICA',21);
Insert into C004T_PARROQUIA (CO_PARROQUIA,TX_DESCRIPCION,FE_FIN,FE_INICIO,NB_PARROQUIA,CO_MUNICIPIO) values (71,null,null,to_timestamp('09/06/15','DD/MM/RR HH12:MI:SS,FF AM'),'PUEBLO NUEVO',25);
Insert into C004T_PARROQUIA (CO_PARROQUIA,TX_DESCRIPCION,FE_FIN,FE_INICIO,NB_PARROQUIA,CO_MUNICIPIO) values (73,null,null,to_timestamp('09/06/15','DD/MM/RR HH12:MI:SS,FF AM'),'BERGANTÍN',26);
Insert into C004T_PARROQUIA (CO_PARROQUIA,TX_DESCRIPCION,FE_FIN,FE_INICIO,NB_PARROQUIA,CO_MUNICIPIO) values (74,null,null,to_timestamp('09/06/15','DD/MM/RR HH12:MI:SS,FF AM'),'CAIGUA',26);
Insert into C004T_PARROQUIA (CO_PARROQUIA,TX_DESCRIPCION,FE_FIN,FE_INICIO,NB_PARROQUIA,CO_MUNICIPIO) values (75,null,null,to_timestamp('09/06/15','DD/MM/RR HH12:MI:SS,FF AM'),'EL CARMEN',26);
Insert into C004T_PARROQUIA (CO_PARROQUIA,TX_DESCRIPCION,FE_FIN,FE_INICIO,NB_PARROQUIA,CO_MUNICIPIO) values (77,null,null,to_timestamp('09/06/15','DD/MM/RR HH12:MI:SS,FF AM'),'NARICUAL',26);
Insert into C004T_PARROQUIA (CO_PARROQUIA,TX_DESCRIPCION,FE_FIN,FE_INICIO,NB_PARROQUIA,CO_MUNICIPIO) values (79,null,null,to_timestamp('09/06/15','DD/MM/RR HH12:MI:SS,FF AM'),'EDMUNDO BARRIOS',27);
Insert into C004T_PARROQUIA (CO_PARROQUIA,TX_DESCRIPCION,FE_FIN,FE_INICIO,NB_PARROQUIA,CO_MUNICIPIO) values (80,null,null,to_timestamp('09/06/15','DD/MM/RR HH12:MI:SS,FF AM'),'MIGUEL OTERO SILVA',27);
Insert into C004T_PARROQUIA (CO_PARROQUIA,TX_DESCRIPCION,FE_FIN,FE_INICIO,NB_PARROQUIA,CO_MUNICIPIO) values (82,null,null,to_timestamp('09/06/15','DD/MM/RR HH12:MI:SS,FF AM'),'TOMÁS ALFARO CALATRAVA',28);
Insert into C004T_PARROQUIA (CO_PARROQUIA,TX_DESCRIPCION,FE_FIN,FE_INICIO,NB_PARROQUIA,CO_MUNICIPIO) values (84,null,null,to_timestamp('09/06/15','DD/MM/RR HH12:MI:SS,FF AM'),'GUACHARA',29);
Insert into C004T_PARROQUIA (CO_PARROQUIA,TX_DESCRIPCION,FE_FIN,FE_INICIO,NB_PARROQUIA,CO_MUNICIPIO) values (86,null,null,to_timestamp('09/06/15','DD/MM/RR HH12:MI:SS,FF AM'),'QUESERAS DEL MEDIO',29);
Insert into C004T_PARROQUIA (CO_PARROQUIA,TX_DESCRIPCION,FE_FIN,FE_INICIO,NB_PARROQUIA,CO_MUNICIPIO) values (87,null,null,to_timestamp('09/06/15','DD/MM/RR HH12:MI:SS,FF AM'),'URBANA ACHAGUAS ',29);
Insert into C004T_PARROQUIA (CO_PARROQUIA,TX_DESCRIPCION,FE_FIN,FE_INICIO,NB_PARROQUIA,CO_MUNICIPIO) values (89,null,null,to_timestamp('09/06/15','DD/MM/RR HH12:MI:SS,FF AM'),'MANTECAL',31);
Insert into C004T_PARROQUIA (CO_PARROQUIA,TX_DESCRIPCION,FE_FIN,FE_INICIO,NB_PARROQUIA,CO_MUNICIPIO) values (90,null,null,to_timestamp('09/06/15','DD/MM/RR HH12:MI:SS,FF AM'),'QUINTERO',31);
Insert into C004T_PARROQUIA (CO_PARROQUIA,TX_DESCRIPCION,FE_FIN,FE_INICIO,NB_PARROQUIA,CO_MUNICIPIO) values (91,null,null,to_timestamp('09/06/15','DD/MM/RR HH12:MI:SS,FF AM'),'RINCÓN HONDO',31);
Insert into C004T_PARROQUIA (CO_PARROQUIA,TX_DESCRIPCION,FE_FIN,FE_INICIO,NB_PARROQUIA,CO_MUNICIPIO) values (94,null,null,to_timestamp('09/06/15','DD/MM/RR HH12:MI:SS,FF AM'),'ARAMENDI',32);
Insert into C004T_PARROQUIA (CO_PARROQUIA,TX_DESCRIPCION,FE_FIN,FE_INICIO,NB_PARROQUIA,CO_MUNICIPIO) values (98,null,null,to_timestamp('09/06/15','DD/MM/RR HH12:MI:SS,FF AM'),'URDANETA',32);
Insert into C004T_PARROQUIA (CO_PARROQUIA,TX_DESCRIPCION,FE_FIN,FE_INICIO,NB_PARROQUIA,CO_MUNICIPIO) values (99,null,null,to_timestamp('09/06/15','DD/MM/RR HH12:MI:SS,FF AM'),'CODAZZI',33);
Insert into C004T_PARROQUIA (CO_PARROQUIA,TX_DESCRIPCION,FE_FIN,FE_INICIO,NB_PARROQUIA,CO_MUNICIPIO) values (100,null,null,to_timestamp('09/06/15','DD/MM/RR HH12:MI:SS,FF AM'),'CUNAVICHE',33);
Insert into C004T_PARROQUIA (CO_PARROQUIA,TX_DESCRIPCION,FE_FIN,FE_INICIO,NB_PARROQUIA,CO_MUNICIPIO) values (102,null,null,to_timestamp('09/06/15','DD/MM/RR HH12:MI:SS,FF AM'),'LA TRINIDAD',34);
Insert into C004T_PARROQUIA (CO_PARROQUIA,TX_DESCRIPCION,FE_FIN,FE_INICIO,NB_PARROQUIA,CO_MUNICIPIO) values (103,null,null,to_timestamp('09/06/15','DD/MM/RR HH12:MI:SS,FF AM'),'PARROQUIA ELORZA',34);
Insert into C004T_PARROQUIA (CO_PARROQUIA,TX_DESCRIPCION,FE_FIN,FE_INICIO,NB_PARROQUIA,CO_MUNICIPIO) values (105,null,null,to_timestamp('09/06/15','DD/MM/RR HH12:MI:SS,FF AM'),'PEÑALVER',35);
Insert into C004T_PARROQUIA (CO_PARROQUIA,TX_DESCRIPCION,FE_FIN,FE_INICIO,NB_PARROQUIA,CO_MUNICIPIO) values (108,null,null,to_timestamp('09/06/15','DD/MM/RR HH12:MI:SS,FF AM'),'CAMATAGUA',37);
Insert into C004T_PARROQUIA (CO_PARROQUIA,TX_DESCRIPCION,FE_FIN,FE_INICIO,NB_PARROQUIA,CO_MUNICIPIO) values (110,null,null,to_timestamp('09/06/15','DD/MM/RR HH12:MI:SS,FF AM'),'MONSEÑOR FELICIANO GONZÁLEZ',38);
Insert into C004T_PARROQUIA (CO_PARROQUIA,TX_DESCRIPCION,FE_FIN,FE_INICIO,NB_PARROQUIA,CO_MUNICIPIO) values (111,null,null,to_timestamp('09/06/15','DD/MM/RR HH12:MI:SS,FF AM'),'FRANCISCO LINARES ALCÁNTARA',38);
Insert into C004T_PARROQUIA (CO_PARROQUIA,TX_DESCRIPCION,FE_FIN,FE_INICIO,NB_PARROQUIA,CO_MUNICIPIO) values (113,null,null,to_timestamp('09/06/15','DD/MM/RR HH12:MI:SS,FF AM'),'CHORONÍ',39);
Insert into C004T_PARROQUIA (CO_PARROQUIA,TX_DESCRIPCION,FE_FIN,FE_INICIO,NB_PARROQUIA,CO_MUNICIPIO) values (114,null,null,to_timestamp('09/06/15','DD/MM/RR HH12:MI:SS,FF AM'),'ANDRÉS ELOY BLANCO',39);
Insert into C004T_PARROQUIA (CO_PARROQUIA,TX_DESCRIPCION,FE_FIN,FE_INICIO,NB_PARROQUIA,CO_MUNICIPIO) values (115,null,null,to_timestamp('09/06/15','DD/MM/RR HH12:MI:SS,FF AM'),'JOAQUÍN CRESPO',39);
Insert into C004T_PARROQUIA (CO_PARROQUIA,TX_DESCRIPCION,FE_FIN,FE_INICIO,NB_PARROQUIA,CO_MUNICIPIO) values (118,null,null,to_timestamp('09/06/15','DD/MM/RR HH12:MI:SS,FF AM'),'LOS TACARIGUAS',39);
Insert into C004T_PARROQUIA (CO_PARROQUIA,TX_DESCRIPCION,FE_FIN,FE_INICIO,NB_PARROQUIA,CO_MUNICIPIO) values (119,null,null,to_timestamp('09/06/15','DD/MM/RR HH12:MI:SS,FF AM'),'MADRE MARÍA DE SAN JOSÉ',39);
Insert into C004T_PARROQUIA (CO_PARROQUIA,TX_DESCRIPCION,FE_FIN,FE_INICIO,NB_PARROQUIA,CO_MUNICIPIO) values (120,null,null,to_timestamp('09/06/15','DD/MM/RR HH12:MI:SS,FF AM'),'PEDRO JOSÉ OVALLES',39);
Insert into C004T_PARROQUIA (CO_PARROQUIA,TX_DESCRIPCION,FE_FIN,FE_INICIO,NB_PARROQUIA,CO_MUNICIPIO) values (125,null,null,to_timestamp('09/06/15','DD/MM/RR HH12:MI:SS,FF AM'),'JUAN VICENTE BOLÍVAR',41);
Insert into C004T_PARROQUIA (CO_PARROQUIA,TX_DESCRIPCION,FE_FIN,FE_INICIO,NB_PARROQUIA,CO_MUNICIPIO) values (130,null,null,to_timestamp('09/06/15','DD/MM/RR HH12:MI:SS,FF AM'),'GÜIRIPA',46);
Insert into C004T_PARROQUIA (CO_PARROQUIA,TX_DESCRIPCION,FE_FIN,FE_INICIO,NB_PARROQUIA,CO_MUNICIPIO) values (131,null,null,to_timestamp('09/06/15','DD/MM/RR HH12:MI:SS,FF AM'),'OLLAS DE CARAMACATE',46);
Insert into C004T_PARROQUIA (CO_PARROQUIA,TX_DESCRIPCION,FE_FIN,FE_INICIO,NB_PARROQUIA,CO_MUNICIPIO) values (132,null,null,to_timestamp('09/06/15','DD/MM/RR HH12:MI:SS,FF AM'),'VALLE MORÍN',46);
Insert into C004T_PARROQUIA (CO_PARROQUIA,TX_DESCRIPCION,FE_FIN,FE_INICIO,NB_PARROQUIA,CO_MUNICIPIO) values (134,null,null,to_timestamp('09/06/15','DD/MM/RR HH12:MI:SS,FF AM'),'ALFREDO PACHECO MIRANDA',48);
Insert into C004T_PARROQUIA (CO_PARROQUIA,TX_DESCRIPCION,FE_FIN,FE_INICIO,NB_PARROQUIA,CO_MUNICIPIO) values (135,null,null,to_timestamp('09/06/15','DD/MM/RR HH12:MI:SS,FF AM'),'ARÉVALO APONTE',48);
Insert into C004T_PARROQUIA (CO_PARROQUIA,TX_DESCRIPCION,FE_FIN,FE_INICIO,NB_PARROQUIA,CO_MUNICIPIO) values (136,null,null,to_timestamp('09/06/15','DD/MM/RR HH12:MI:SS,FF AM'),'CHUAO',48);
Insert into C004T_PARROQUIA (CO_PARROQUIA,TX_DESCRIPCION,FE_FIN,FE_INICIO,NB_PARROQUIA,CO_MUNICIPIO) values (139,null,null,to_timestamp('09/06/15','DD/MM/RR HH12:MI:SS,FF AM'),'TIARA',49);
Insert into C004T_PARROQUIA (CO_PARROQUIA,TX_DESCRIPCION,FE_FIN,FE_INICIO,NB_PARROQUIA,CO_MUNICIPIO) values (141,null,null,to_timestamp('09/06/15','DD/MM/RR HH12:MI:SS,FF AM'),'BELLA VISTA',50);
Insert into C004T_PARROQUIA (CO_PARROQUIA,TX_DESCRIPCION,FE_FIN,FE_INICIO,NB_PARROQUIA,CO_MUNICIPIO) values (145,null,null,to_timestamp('09/06/15','DD/MM/RR HH12:MI:SS,FF AM'),'TAGUAY',52);
Insert into C004T_PARROQUIA (CO_PARROQUIA,TX_DESCRIPCION,FE_FIN,FE_INICIO,NB_PARROQUIA,CO_MUNICIPIO) values (147,null,null,to_timestamp('09/06/15','DD/MM/RR HH12:MI:SS,FF AM'),'AUGUSTO MIJARES',53);
Insert into C004T_PARROQUIA (CO_PARROQUIA,TX_DESCRIPCION,FE_FIN,FE_INICIO,NB_PARROQUIA,CO_MUNICIPIO) values (150,null,null,to_timestamp('09/06/15','DD/MM/RR HH12:MI:SS,FF AM'),'MAGDALENO',53);
Insert into C004T_PARROQUIA (CO_PARROQUIA,TX_DESCRIPCION,FE_FIN,FE_INICIO,NB_PARROQUIA,CO_MUNICIPIO) values (151,null,null,to_timestamp('09/06/15','DD/MM/RR HH12:MI:SS,FF AM'),'ZAMORA ',53);
Insert into C004T_PARROQUIA (CO_PARROQUIA,TX_DESCRIPCION,FE_FIN,FE_INICIO,NB_PARROQUIA,CO_MUNICIPIO) values (156,null,null,to_timestamp('09/06/15','DD/MM/RR HH12:MI:SS,FF AM'),'NICOLÁS PULIDO',55);
Insert into C004T_PARROQUIA (CO_PARROQUIA,TX_DESCRIPCION,FE_FIN,FE_INICIO,NB_PARROQUIA,CO_MUNICIPIO) values (157,null,null,to_timestamp('09/06/15','DD/MM/RR HH12:MI:SS,FF AM'),'TICOPORO ',55);
Insert into C004T_PARROQUIA (CO_PARROQUIA,TX_DESCRIPCION,FE_FIN,FE_INICIO,NB_PARROQUIA,CO_MUNICIPIO) values (158,null,null,to_timestamp('09/06/15','DD/MM/RR HH12:MI:SS,FF AM'),'RODRÍGUEZ DOMÍNGUEZ',56);
Insert into C004T_PARROQUIA (CO_PARROQUIA,TX_DESCRIPCION,FE_FIN,FE_INICIO,NB_PARROQUIA,CO_MUNICIPIO) values (159,null,null,to_timestamp('09/06/15','DD/MM/RR HH12:MI:SS,FF AM'),'SABANETA ',56);
Insert into C004T_PARROQUIA (CO_PARROQUIA,TX_DESCRIPCION,FE_FIN,FE_INICIO,NB_PARROQUIA,CO_MUNICIPIO) values (160,null,null,to_timestamp('09/06/15','DD/MM/RR HH12:MI:SS,FF AM'),'ARISMENDI',57);
Insert into C004T_PARROQUIA (CO_PARROQUIA,TX_DESCRIPCION,FE_FIN,FE_INICIO,NB_PARROQUIA,CO_MUNICIPIO) values (161,null,null,to_timestamp('09/06/15','DD/MM/RR HH12:MI:SS,FF AM'),'GUADARRAMA',57);
Insert into C004T_PARROQUIA (CO_PARROQUIA,TX_DESCRIPCION,FE_FIN,FE_INICIO,NB_PARROQUIA,CO_MUNICIPIO) values (166,null,null,to_timestamp('09/06/15','DD/MM/RR HH12:MI:SS,FF AM'),'BARINAS',58);
Insert into C004T_PARROQUIA (CO_PARROQUIA,TX_DESCRIPCION,FE_FIN,FE_INICIO,NB_PARROQUIA,CO_MUNICIPIO) values (167,null,null,to_timestamp('09/06/15','DD/MM/RR HH12:MI:SS,FF AM'),'CORAZÓN DE JESÚS',58);
Insert into C004T_PARROQUIA (CO_PARROQUIA,TX_DESCRIPCION,FE_FIN,FE_INICIO,NB_PARROQUIA,CO_MUNICIPIO) values (168,null,null,to_timestamp('09/06/15','DD/MM/RR HH12:MI:SS,FF AM'),'DOMINGA ORTÍZ DE PÁEZ',58);
Insert into C004T_PARROQUIA (CO_PARROQUIA,TX_DESCRIPCION,FE_FIN,FE_INICIO,NB_PARROQUIA,CO_MUNICIPIO) values (172,null,null,to_timestamp('09/06/15','DD/MM/RR HH12:MI:SS,FF AM'),'RAMÓN IGNACIO MÉNDEZ',58);
Insert into C004T_PARROQUIA (CO_PARROQUIA,TX_DESCRIPCION,FE_FIN,FE_INICIO,NB_PARROQUIA,CO_MUNICIPIO) values (177,null,null,to_timestamp('09/06/15','DD/MM/RR HH12:MI:SS,FF AM'),'TORUNOS ',58);
Insert into C004T_PARROQUIA (CO_PARROQUIA,TX_DESCRIPCION,FE_FIN,FE_INICIO,NB_PARROQUIA,CO_MUNICIPIO) values (181,null,null,to_timestamp('09/06/15','DD/MM/RR HH12:MI:SS,FF AM'),'BARRANCAS',60);
Insert into C004T_PARROQUIA (CO_PARROQUIA,TX_DESCRIPCION,FE_FIN,FE_INICIO,NB_PARROQUIA,CO_MUNICIPIO) values (191,null,null,to_timestamp('09/06/15','DD/MM/RR HH12:MI:SS,FF AM'),'OBISPOS',62);
Insert into C004T_PARROQUIA (CO_PARROQUIA,TX_DESCRIPCION,FE_FIN,FE_INICIO,NB_PARROQUIA,CO_MUNICIPIO) values (192,null,null,to_timestamp('09/06/15','DD/MM/RR HH12:MI:SS,FF AM'),'CUIDAD BOLIVIA',63);
Insert into C004T_PARROQUIA (CO_PARROQUIA,TX_DESCRIPCION,FE_FIN,FE_INICIO,NB_PARROQUIA,CO_MUNICIPIO) values (193,null,null,to_timestamp('09/06/15','DD/MM/RR HH12:MI:SS,FF AM'),'IGNACIO BRICEÑO',63);
Insert into C004T_PARROQUIA (CO_PARROQUIA,TX_DESCRIPCION,FE_FIN,FE_INICIO,NB_PARROQUIA,CO_MUNICIPIO) values (195,null,null,to_timestamp('09/06/15','DD/MM/RR HH12:MI:SS,FF AM'),'PÁEZ ',63);
Insert into C004T_PARROQUIA (CO_PARROQUIA,TX_DESCRIPCION,FE_FIN,FE_INICIO,NB_PARROQUIA,CO_MUNICIPIO) values (196,null,null,to_timestamp('09/06/15','DD/MM/RR HH12:MI:SS,FF AM'),'DOLORES',64);
Insert into C004T_PARROQUIA (CO_PARROQUIA,TX_DESCRIPCION,FE_FIN,FE_INICIO,NB_PARROQUIA,CO_MUNICIPIO) values (200,null,null,to_timestamp('09/06/15','DD/MM/RR HH12:MI:SS,FF AM'),'CIUDAD DE NUTRIAS',65);
Insert into C004T_PARROQUIA (CO_PARROQUIA,TX_DESCRIPCION,FE_FIN,FE_INICIO,NB_PARROQUIA,CO_MUNICIPIO) values (205,null,null,to_timestamp('09/06/15','DD/MM/RR HH12:MI:SS,FF AM'),'BARCELONETA',66);
Insert into C004T_PARROQUIA (CO_PARROQUIA,TX_DESCRIPCION,FE_FIN,FE_INICIO,NB_PARROQUIA,CO_MUNICIPIO) values (207,null,null,to_timestamp('09/06/15','DD/MM/RR HH12:MI:SS,FF AM'),'SECCIÓN CAPITAL ANGOSTURA',66);
Insert into C004T_PARROQUIA (CO_PARROQUIA,TX_DESCRIPCION,FE_FIN,FE_INICIO,NB_PARROQUIA,CO_MUNICIPIO) values (208,null,null,to_timestamp('09/06/15','DD/MM/RR HH12:MI:SS,FF AM'),'CACHAMAY',67);
Insert into C004T_PARROQUIA (CO_PARROQUIA,TX_DESCRIPCION,FE_FIN,FE_INICIO,NB_PARROQUIA,CO_MUNICIPIO) values (209,null,null,to_timestamp('09/06/15','DD/MM/RR HH12:MI:SS,FF AM'),'CHIRICA',67);
Insert into C004T_PARROQUIA (CO_PARROQUIA,TX_DESCRIPCION,FE_FIN,FE_INICIO,NB_PARROQUIA,CO_MUNICIPIO) values (210,null,null,to_timestamp('09/06/15','DD/MM/RR HH12:MI:SS,FF AM'),'DALLA COSTA',67);
Insert into C004T_PARROQUIA (CO_PARROQUIA,TX_DESCRIPCION,FE_FIN,FE_INICIO,NB_PARROQUIA,CO_MUNICIPIO) values (211,null,null,to_timestamp('09/06/15','DD/MM/RR HH12:MI:SS,FF AM'),'ONCE DE ABRIL',67);
Insert into C004T_PARROQUIA (CO_PARROQUIA,TX_DESCRIPCION,FE_FIN,FE_INICIO,NB_PARROQUIA,CO_MUNICIPIO) values (212,null,null,to_timestamp('09/06/15','DD/MM/RR HH12:MI:SS,FF AM'),'POZO VERDE',67);
Insert into C004T_PARROQUIA (CO_PARROQUIA,TX_DESCRIPCION,FE_FIN,FE_INICIO,NB_PARROQUIA,CO_MUNICIPIO) values (213,null,null,to_timestamp('09/06/15','DD/MM/RR HH12:MI:SS,FF AM'),'SIMÓN BOLÍVAR',67);
Insert into C004T_PARROQUIA (CO_PARROQUIA,TX_DESCRIPCION,FE_FIN,FE_INICIO,NB_PARROQUIA,CO_MUNICIPIO) values (214,null,null,to_timestamp('09/06/15','DD/MM/RR HH12:MI:SS,FF AM'),'UNARE',67);
Insert into C004T_PARROQUIA (CO_PARROQUIA,TX_DESCRIPCION,FE_FIN,FE_INICIO,NB_PARROQUIA,CO_MUNICIPIO) values (817,null,null,to_timestamp('09/06/15','DD/MM/RR HH12:MI:SS,FF AM'),'JUNÍN',255);
Insert into C004T_PARROQUIA (CO_PARROQUIA,TX_DESCRIPCION,FE_FIN,FE_INICIO,NB_PARROQUIA,CO_MUNICIPIO) values (818,null,null,to_timestamp('09/06/15','DD/MM/RR HH12:MI:SS,FF AM'),'LA PETRÓLEA',255);
Insert into C004T_PARROQUIA (CO_PARROQUIA,TX_DESCRIPCION,FE_FIN,FE_INICIO,NB_PARROQUIA,CO_MUNICIPIO) values (819,null,null,to_timestamp('09/06/15','DD/MM/RR HH12:MI:SS,FF AM'),'QUINIMARÍ',255);
Insert into C004T_PARROQUIA (CO_PARROQUIA,TX_DESCRIPCION,FE_FIN,FE_INICIO,NB_PARROQUIA,CO_MUNICIPIO) values (820,null,null,to_timestamp('09/06/15','DD/MM/RR HH12:MI:SS,FF AM'),'RAFAEL URDANETA',255);
Insert into C004T_PARROQUIA (CO_PARROQUIA,TX_DESCRIPCION,FE_FIN,FE_INICIO,NB_PARROQUIA,CO_MUNICIPIO) values (828,null,null,to_timestamp('09/06/15','DD/MM/RR HH12:MI:SS,FF AM'),'CONSTITUCIÓN',258);
Insert into C004T_PARROQUIA (CO_PARROQUIA,TX_DESCRIPCION,FE_FIN,FE_INICIO,NB_PARROQUIA,CO_MUNICIPIO) values (829,null,null,to_timestamp('09/06/15','DD/MM/RR HH12:MI:SS,FF AM'),'LOBATERA',258);
Insert into C004T_PARROQUIA (CO_PARROQUIA,TX_DESCRIPCION,FE_FIN,FE_INICIO,NB_PARROQUIA,CO_MUNICIPIO) values (830,null,null,to_timestamp('09/06/15','DD/MM/RR HH12:MI:SS,FF AM'),'LA PALMITA',260);
Insert into C004T_PARROQUIA (CO_PARROQUIA,TX_DESCRIPCION,FE_FIN,FE_INICIO,NB_PARROQUIA,CO_MUNICIPIO) values (831,null,null,to_timestamp('09/06/15','DD/MM/RR HH12:MI:SS,FF AM'),'PANAMERICANO',260);
Insert into C004T_PARROQUIA (CO_PARROQUIA,TX_DESCRIPCION,FE_FIN,FE_INICIO,NB_PARROQUIA,CO_MUNICIPIO) values (832,null,null,to_timestamp('09/06/15','DD/MM/RR HH12:MI:SS,FF AM'),'NUEVA ARCADIA',261);
Insert into C004T_PARROQUIA (CO_PARROQUIA,TX_DESCRIPCION,FE_FIN,FE_INICIO,NB_PARROQUIA,CO_MUNICIPIO) values (833,null,null,to_timestamp('09/06/15','DD/MM/RR HH12:MI:SS,FF AM'),'PEDRO MARÍA UREÑA',261);
Insert into C004T_PARROQUIA (CO_PARROQUIA,TX_DESCRIPCION,FE_FIN,FE_INICIO,NB_PARROQUIA,CO_MUNICIPIO) values (834,null,null,to_timestamp('09/06/15','DD/MM/RR HH12:MI:SS,FF AM'),'DR. FRANCISCO ROMERO LOBO',262);
Insert into C004T_PARROQUIA (CO_PARROQUIA,TX_DESCRIPCION,FE_FIN,FE_INICIO,NB_PARROQUIA,CO_MUNICIPIO) values (835,null,null,to_timestamp('09/06/15','DD/MM/RR HH12:MI:SS,FF AM'),'LA CONCORDIA',262);
Insert into C004T_PARROQUIA (CO_PARROQUIA,TX_DESCRIPCION,FE_FIN,FE_INICIO,NB_PARROQUIA,CO_MUNICIPIO) values (836,null,null,to_timestamp('09/06/15','DD/MM/RR HH12:MI:SS,FF AM'),'PEDRO MARÍA MORANTES',262);
Insert into C004T_PARROQUIA (CO_PARROQUIA,TX_DESCRIPCION,FE_FIN,FE_INICIO,NB_PARROQUIA,CO_MUNICIPIO) values (837,null,null,to_timestamp('09/06/15','DD/MM/RR HH12:MI:SS,FF AM'),'SAN JUAN BAUTISTA',262);
Insert into C004T_PARROQUIA (CO_PARROQUIA,TX_DESCRIPCION,FE_FIN,FE_INICIO,NB_PARROQUIA,CO_MUNICIPIO) values (838,null,null,to_timestamp('09/06/15','DD/MM/RR HH12:MI:SS,FF AM'),'SAN SEBASTIÁN',262);
Insert into C004T_PARROQUIA (CO_PARROQUIA,TX_DESCRIPCION,FE_FIN,FE_INICIO,NB_PARROQUIA,CO_MUNICIPIO) values (843,null,null,to_timestamp('09/06/15','DD/MM/RR HH12:MI:SS,FF AM'),'JUAN PABLO PEÑALOZA',268);
Insert into C004T_PARROQUIA (CO_PARROQUIA,TX_DESCRIPCION,FE_FIN,FE_INICIO,NB_PARROQUIA,CO_MUNICIPIO) values (844,null,null,to_timestamp('09/06/15','DD/MM/RR HH12:MI:SS,FF AM'),'POTOSÍ',268);
Insert into C004T_PARROQUIA (CO_PARROQUIA,TX_DESCRIPCION,FE_FIN,FE_INICIO,NB_PARROQUIA,CO_MUNICIPIO) values (845,null,null,to_timestamp('09/06/15','DD/MM/RR HH12:MI:SS,FF AM'),'URIBANTE',268);
Insert into C004T_PARROQUIA (CO_PARROQUIA,TX_DESCRIPCION,FE_FIN,FE_INICIO,NB_PARROQUIA,CO_MUNICIPIO) values (852,null,null,to_timestamp('09/06/15','DD/MM/RR HH12:MI:SS,FF AM'),'BURBUSAY',270);
Insert into C004T_PARROQUIA (CO_PARROQUIA,TX_DESCRIPCION,FE_FIN,FE_INICIO,NB_PARROQUIA,CO_MUNICIPIO) values (854,null,null,to_timestamp('09/06/15','DD/MM/RR HH12:MI:SS,FF AM'),'GENERAL RIVAS',270);
Insert into C004T_PARROQUIA (CO_PARROQUIA,TX_DESCRIPCION,FE_FIN,FE_INICIO,NB_PARROQUIA,CO_MUNICIPIO) values (856,null,null,to_timestamp('09/06/15','DD/MM/RR HH12:MI:SS,FF AM'),'MONSEÑOR JÁUREGUI',270);
Insert into C004T_PARROQUIA (CO_PARROQUIA,TX_DESCRIPCION,FE_FIN,FE_INICIO,NB_PARROQUIA,CO_MUNICIPIO) values (857,null,null,to_timestamp('09/06/15','DD/MM/RR HH12:MI:SS,FF AM'),'MOSQUEY',270);
Insert into C004T_PARROQUIA (CO_PARROQUIA,TX_DESCRIPCION,FE_FIN,FE_INICIO,NB_PARROQUIA,CO_MUNICIPIO) values (858,null,null,to_timestamp('09/06/15','DD/MM/RR HH12:MI:SS,FF AM'),'RAFAEL RANGEL',270);
Insert into C004T_PARROQUIA (CO_PARROQUIA,TX_DESCRIPCION,FE_FIN,FE_INICIO,NB_PARROQUIA,CO_MUNICIPIO) values (859,null,null,to_timestamp('09/06/15','DD/MM/RR HH12:MI:SS,FF AM'),'SAN JOSÉ',270);
Insert into C004T_PARROQUIA (CO_PARROQUIA,TX_DESCRIPCION,FE_FIN,FE_INICIO,NB_PARROQUIA,CO_MUNICIPIO) values (860,null,null,to_timestamp('09/06/15','DD/MM/RR HH12:MI:SS,FF AM'),'SAN MIGUEL',270);
Insert into C004T_PARROQUIA (CO_PARROQUIA,TX_DESCRIPCION,FE_FIN,FE_INICIO,NB_PARROQUIA,CO_MUNICIPIO) values (861,null,null,to_timestamp('09/06/15','DD/MM/RR HH12:MI:SS,FF AM'),'VEGA DE GUARAMACAL',270);
Insert into C004T_PARROQUIA (CO_PARROQUIA,TX_DESCRIPCION,FE_FIN,FE_INICIO,NB_PARROQUIA,CO_MUNICIPIO) values (865,null,null,to_timestamp('09/06/15','DD/MM/RR HH12:MI:SS,FF AM'),'ARNOLDO GABALDÓN',272);
Insert into C004T_PARROQUIA (CO_PARROQUIA,TX_DESCRIPCION,FE_FIN,FE_INICIO,NB_PARROQUIA,CO_MUNICIPIO) values (867,null,null,to_timestamp('09/06/15','DD/MM/RR HH12:MI:SS,FF AM'),'CARRILLO',272);
Insert into C004T_PARROQUIA (CO_PARROQUIA,TX_DESCRIPCION,FE_FIN,FE_INICIO,NB_PARROQUIA,CO_MUNICIPIO) values (868,null,null,to_timestamp('09/06/15','DD/MM/RR HH12:MI:SS,FF AM'),'CEGARRA',272);
Insert into C004T_PARROQUIA (CO_PARROQUIA,TX_DESCRIPCION,FE_FIN,FE_INICIO,NB_PARROQUIA,CO_MUNICIPIO) values (869,null,null,to_timestamp('09/06/15','DD/MM/RR HH12:MI:SS,FF AM'),'CHEJENDE',272);
Insert into C004T_PARROQUIA (CO_PARROQUIA,TX_DESCRIPCION,FE_FIN,FE_INICIO,NB_PARROQUIA,CO_MUNICIPIO) values (870,null,null,to_timestamp('09/06/15','DD/MM/RR HH12:MI:SS,FF AM'),'MANUEL SALVADOR ULLOA',272);
Insert into C004T_PARROQUIA (CO_PARROQUIA,TX_DESCRIPCION,FE_FIN,FE_INICIO,NB_PARROQUIA,CO_MUNICIPIO) values (877,null,null,to_timestamp('09/06/15','DD/MM/RR HH12:MI:SS,FF AM'),'LA UNION',274);
Insert into C004T_PARROQUIA (CO_PARROQUIA,TX_DESCRIPCION,FE_FIN,FE_INICIO,NB_PARROQUIA,CO_MUNICIPIO) values (878,null,null,to_timestamp('09/06/15','DD/MM/RR HH12:MI:SS,FF AM'),'ESCUQUE',274);
Insert into C004T_PARROQUIA (CO_PARROQUIA,TX_DESCRIPCION,FE_FIN,FE_INICIO,NB_PARROQUIA,CO_MUNICIPIO) values (879,null,null,to_timestamp('09/06/15','DD/MM/RR HH12:MI:SS,FF AM'),'SABANA LIBRE',274);
Insert into C004T_PARROQUIA (CO_PARROQUIA,TX_DESCRIPCION,FE_FIN,FE_INICIO,NB_PARROQUIA,CO_MUNICIPIO) values (880,null,null,to_timestamp('09/06/15','DD/MM/RR HH12:MI:SS,FF AM'),'SANTA RITA',274);
Insert into C004T_PARROQUIA (CO_PARROQUIA,TX_DESCRIPCION,FE_FIN,FE_INICIO,NB_PARROQUIA,CO_MUNICIPIO) values (881,null,null,to_timestamp('09/06/15','DD/MM/RR HH12:MI:SS,FF AM'),'ANTONIO JOSÉ DE SUCRE',275);
Insert into C004T_PARROQUIA (CO_PARROQUIA,TX_DESCRIPCION,FE_FIN,FE_INICIO,NB_PARROQUIA,CO_MUNICIPIO) values (882,null,null,to_timestamp('09/06/15','DD/MM/RR HH12:MI:SS,FF AM'),'EL SOCORRO',275);
Insert into C004T_PARROQUIA (CO_PARROQUIA,TX_DESCRIPCION,FE_FIN,FE_INICIO,NB_PARROQUIA,CO_MUNICIPIO) values (883,null,null,to_timestamp('09/06/15','DD/MM/RR HH12:MI:SS,FF AM'),'LOS CAPRICHOS',275);
Insert into C004T_PARROQUIA (CO_PARROQUIA,TX_DESCRIPCION,FE_FIN,FE_INICIO,NB_PARROQUIA,CO_MUNICIPIO) values (885,null,null,to_timestamp('09/06/15','DD/MM/RR HH12:MI:SS,FF AM'),'CAMPO ELÍAS',276);
Insert into C004T_PARROQUIA (CO_PARROQUIA,TX_DESCRIPCION,FE_FIN,FE_INICIO,NB_PARROQUIA,CO_MUNICIPIO) values (886,null,null,to_timestamp('09/06/15','DD/MM/RR HH12:MI:SS,FF AM'),'EL PROGRESO',277);
Insert into C004T_PARROQUIA (CO_PARROQUIA,TX_DESCRIPCION,FE_FIN,FE_INICIO,NB_PARROQUIA,CO_MUNICIPIO) values (887,null,null,to_timestamp('09/06/15','DD/MM/RR HH12:MI:SS,FF AM'),'LA CEIBA',277);
Insert into C004T_PARROQUIA (CO_PARROQUIA,TX_DESCRIPCION,FE_FIN,FE_INICIO,NB_PARROQUIA,CO_MUNICIPIO) values (888,null,null,to_timestamp('09/06/15','DD/MM/RR HH12:MI:SS,FF AM'),'SANTA APOLONIA',277);
Insert into C004T_PARROQUIA (CO_PARROQUIA,TX_DESCRIPCION,FE_FIN,FE_INICIO,NB_PARROQUIA,CO_MUNICIPIO) values (889,null,null,to_timestamp('09/06/15','DD/MM/RR HH12:MI:SS,FF AM'),'TRES DE FEBRERO',277);
Insert into C004T_PARROQUIA (CO_PARROQUIA,TX_DESCRIPCION,FE_FIN,FE_INICIO,NB_PARROQUIA,CO_MUNICIPIO) values (894,null,null,to_timestamp('09/06/15','DD/MM/RR HH12:MI:SS,FF AM'),'BUENA VISTA',279);
Insert into C004T_PARROQUIA (CO_PARROQUIA,TX_DESCRIPCION,FE_FIN,FE_INICIO,NB_PARROQUIA,CO_MUNICIPIO) values (895,null,null,to_timestamp('09/06/15','DD/MM/RR HH12:MI:SS,FF AM'),'MONTE CARMELO',279);
Insert into C004T_PARROQUIA (CO_PARROQUIA,TX_DESCRIPCION,FE_FIN,FE_INICIO,NB_PARROQUIA,CO_MUNICIPIO) values (896,null,null,to_timestamp('09/06/15','DD/MM/RR HH12:MI:SS,FF AM'),'SANTA MARÍA DEL HORCÓN',279);
Insert into C004T_PARROQUIA (CO_PARROQUIA,TX_DESCRIPCION,FE_FIN,FE_INICIO,NB_PARROQUIA,CO_MUNICIPIO) values (897,null,null,to_timestamp('09/06/15','DD/MM/RR HH12:MI:SS,FF AM'),'EL BAÑO',280);
Insert into C004T_PARROQUIA (CO_PARROQUIA,TX_DESCRIPCION,FE_FIN,FE_INICIO,NB_PARROQUIA,CO_MUNICIPIO) values (898,null,null,to_timestamp('09/06/15','DD/MM/RR HH12:MI:SS,FF AM'),'JALÍSCO',280);
Insert into C004T_PARROQUIA (CO_PARROQUIA,TX_DESCRIPCION,FE_FIN,FE_INICIO,NB_PARROQUIA,CO_MUNICIPIO) values (899,null,null,to_timestamp('09/06/15','DD/MM/RR HH12:MI:SS,FF AM'),'MOTATÁN',280);
Insert into C004T_PARROQUIA (CO_PARROQUIA,TX_DESCRIPCION,FE_FIN,FE_INICIO,NB_PARROQUIA,CO_MUNICIPIO) values (900,null,null,to_timestamp('09/06/15','DD/MM/RR HH12:MI:SS,FF AM'),'FLOR DE PATRIA',281);
Insert into C004T_PARROQUIA (CO_PARROQUIA,TX_DESCRIPCION,FE_FIN,FE_INICIO,NB_PARROQUIA,CO_MUNICIPIO) values (901,null,null,to_timestamp('09/06/15','DD/MM/RR HH12:MI:SS,FF AM'),'LA PAZ',281);
Insert into C004T_PARROQUIA (CO_PARROQUIA,TX_DESCRIPCION,FE_FIN,FE_INICIO,NB_PARROQUIA,CO_MUNICIPIO) values (902,null,null,to_timestamp('09/06/15','DD/MM/RR HH12:MI:SS,FF AM'),'PAMPÁN',281);
Insert into C004T_PARROQUIA (CO_PARROQUIA,TX_DESCRIPCION,FE_FIN,FE_INICIO,NB_PARROQUIA,CO_MUNICIPIO) values (903,null,null,to_timestamp('09/06/15','DD/MM/RR HH12:MI:SS,FF AM'),'SANTA ANA',281);
Insert into C004T_PARROQUIA (CO_PARROQUIA,TX_DESCRIPCION,FE_FIN,FE_INICIO,NB_PARROQUIA,CO_MUNICIPIO) values (907,null,null,to_timestamp('09/06/15','DD/MM/RR HH12:MI:SS,FF AM'),'BETIJOQUE',283);
Insert into C004T_PARROQUIA (CO_PARROQUIA,TX_DESCRIPCION,FE_FIN,FE_INICIO,NB_PARROQUIA,CO_MUNICIPIO) values (908,null,null,to_timestamp('09/06/15','DD/MM/RR HH12:MI:SS,FF AM'),'JOSÉ GREGORIO HERNÁNDEZ',283);
Insert into C004T_PARROQUIA (CO_PARROQUIA,TX_DESCRIPCION,FE_FIN,FE_INICIO,NB_PARROQUIA,CO_MUNICIPIO) values (909,null,null,to_timestamp('09/06/15','DD/MM/RR HH12:MI:SS,FF AM'),'LA PUEBLITA',283);
Insert into C004T_PARROQUIA (CO_PARROQUIA,TX_DESCRIPCION,FE_FIN,FE_INICIO,NB_PARROQUIA,CO_MUNICIPIO) values (910,null,null,to_timestamp('09/06/15','DD/MM/RR HH12:MI:SS,FF AM'),'LOS CEDROS',283);
Insert into C004T_PARROQUIA (CO_PARROQUIA,TX_DESCRIPCION,FE_FIN,FE_INICIO,NB_PARROQUIA,CO_MUNICIPIO) values (911,null,null,to_timestamp('09/06/15','DD/MM/RR HH12:MI:SS,FF AM'),'CAMPO ALEGRE',284);
Insert into C004T_PARROQUIA (CO_PARROQUIA,TX_DESCRIPCION,FE_FIN,FE_INICIO,NB_PARROQUIA,CO_MUNICIPIO) values (912,null,null,to_timestamp('09/06/15','DD/MM/RR HH12:MI:SS,FF AM'),'CARVAJAL',284);
Insert into C004T_PARROQUIA (CO_PARROQUIA,TX_DESCRIPCION,FE_FIN,FE_INICIO,NB_PARROQUIA,CO_MUNICIPIO) values (913,null,null,to_timestamp('09/06/15','DD/MM/RR HH12:MI:SS,FF AM'),'JOSÉ LEONARDO SUÁREZ',284);
Insert into C004T_PARROQUIA (CO_PARROQUIA,TX_DESCRIPCION,FE_FIN,FE_INICIO,NB_PARROQUIA,CO_MUNICIPIO) values (914,null,null,to_timestamp('09/06/15','DD/MM/RR HH12:MI:SS,FF AM'),'NICOLÁS BRICEÑO',284);
Insert into C004T_PARROQUIA (CO_PARROQUIA,TX_DESCRIPCION,FE_FIN,FE_INICIO,NB_PARROQUIA,CO_MUNICIPIO) values (919,null,null,to_timestamp('09/06/15','DD/MM/RR HH12:MI:SS,FF AM'),'ANDRÉS LINARES',286);
Insert into C004T_PARROQUIA (CO_PARROQUIA,TX_DESCRIPCION,FE_FIN,FE_INICIO,NB_PARROQUIA,CO_MUNICIPIO) values (921,null,null,to_timestamp('09/06/15','DD/MM/RR HH12:MI:SS,FF AM'),'CRISTÓBAL MENDOZA',286);
Insert into C004T_PARROQUIA (CO_PARROQUIA,TX_DESCRIPCION,FE_FIN,FE_INICIO,NB_PARROQUIA,CO_MUNICIPIO) values (922,null,null,to_timestamp('09/06/15','DD/MM/RR HH12:MI:SS,FF AM'),'CRUZ CARRILLO',286);
Insert into C004T_PARROQUIA (CO_PARROQUIA,TX_DESCRIPCION,FE_FIN,FE_INICIO,NB_PARROQUIA,CO_MUNICIPIO) values (925,null,null,to_timestamp('09/06/15','DD/MM/RR HH12:MI:SS,FF AM'),'TRES ESQUINAS',286);
Insert into C004T_PARROQUIA (CO_PARROQUIA,TX_DESCRIPCION,FE_FIN,FE_INICIO,NB_PARROQUIA,CO_MUNICIPIO) values (938,null,null,to_timestamp('09/06/15','DD/MM/RR HH12:MI:SS,FF AM'),'CARABALLEDA',289);
Insert into C004T_PARROQUIA (CO_PARROQUIA,TX_DESCRIPCION,FE_FIN,FE_INICIO,NB_PARROQUIA,CO_MUNICIPIO) values (939,null,null,to_timestamp('09/06/15','DD/MM/RR HH12:MI:SS,FF AM'),'CARAYACA',289);
Insert into C004T_PARROQUIA (CO_PARROQUIA,TX_DESCRIPCION,FE_FIN,FE_INICIO,NB_PARROQUIA,CO_MUNICIPIO) values (940,null,null,to_timestamp('09/06/15','DD/MM/RR HH12:MI:SS,FF AM'),'CARLOS SOUBLETTE',289);
Insert into C004T_PARROQUIA (CO_PARROQUIA,TX_DESCRIPCION,FE_FIN,FE_INICIO,NB_PARROQUIA,CO_MUNICIPIO) values (941,null,null,to_timestamp('09/06/15','DD/MM/RR HH12:MI:SS,FF AM'),'CARUAO',289);
Insert into C004T_PARROQUIA (CO_PARROQUIA,TX_DESCRIPCION,FE_FIN,FE_INICIO,NB_PARROQUIA,CO_MUNICIPIO) values (942,null,null,to_timestamp('09/06/15','DD/MM/RR HH12:MI:SS,FF AM'),'CATIA LA MAR',289);
Insert into C004T_PARROQUIA (CO_PARROQUIA,TX_DESCRIPCION,FE_FIN,FE_INICIO,NB_PARROQUIA,CO_MUNICIPIO) values (943,null,null,to_timestamp('09/06/15','DD/MM/RR HH12:MI:SS,FF AM'),'EL JUNKO',289);
Insert into C004T_PARROQUIA (CO_PARROQUIA,TX_DESCRIPCION,FE_FIN,FE_INICIO,NB_PARROQUIA,CO_MUNICIPIO) values (944,null,null,to_timestamp('09/06/15','DD/MM/RR HH12:MI:SS,FF AM'),'LA GUAIRA',289);
Insert into C004T_PARROQUIA (CO_PARROQUIA,TX_DESCRIPCION,FE_FIN,FE_INICIO,NB_PARROQUIA,CO_MUNICIPIO) values (215,null,null,to_timestamp('09/06/15','DD/MM/RR HH12:MI:SS,FF AM'),'UNIVERSIDAD',67);
Insert into C004T_PARROQUIA (CO_PARROQUIA,TX_DESCRIPCION,FE_FIN,FE_INICIO,NB_PARROQUIA,CO_MUNICIPIO) values (216,null,null,to_timestamp('09/06/15','DD/MM/RR HH12:MI:SS,FF AM'),'VISTA AL SOL',67);
Insert into C004T_PARROQUIA (CO_PARROQUIA,TX_DESCRIPCION,FE_FIN,FE_INICIO,NB_PARROQUIA,CO_MUNICIPIO) values (217,null,null,to_timestamp('09/06/15','DD/MM/RR HH12:MI:SS,FF AM'),'YOCOIMA ',67);
Insert into C004T_PARROQUIA (CO_PARROQUIA,TX_DESCRIPCION,FE_FIN,FE_INICIO,NB_PARROQUIA,CO_MUNICIPIO) values (218,null,null,to_timestamp('09/06/15','DD/MM/RR HH12:MI:SS,FF AM'),'ALTAGRACIA',68);
Insert into C004T_PARROQUIA (CO_PARROQUIA,TX_DESCRIPCION,FE_FIN,FE_INICIO,NB_PARROQUIA,CO_MUNICIPIO) values (219,null,null,to_timestamp('09/06/15','DD/MM/RR HH12:MI:SS,FF AM'),'ASCENSIÓN FARRERAS',68);
Insert into C004T_PARROQUIA (CO_PARROQUIA,TX_DESCRIPCION,FE_FIN,FE_INICIO,NB_PARROQUIA,CO_MUNICIPIO) values (220,null,null,to_timestamp('09/06/15','DD/MM/RR HH12:MI:SS,FF AM'),'GUANIAMO',68);
Insert into C004T_PARROQUIA (CO_PARROQUIA,TX_DESCRIPCION,FE_FIN,FE_INICIO,NB_PARROQUIA,CO_MUNICIPIO) values (222,null,null,to_timestamp('09/06/15','DD/MM/RR HH12:MI:SS,FF AM'),'PIJIGUAOS',68);
Insert into C004T_PARROQUIA (CO_PARROQUIA,TX_DESCRIPCION,FE_FIN,FE_INICIO,NB_PARROQUIA,CO_MUNICIPIO) values (224,null,null,to_timestamp('09/06/15','DD/MM/RR HH12:MI:SS,FF AM'),'IKABARÚ',70);
Insert into C004T_PARROQUIA (CO_PARROQUIA,TX_DESCRIPCION,FE_FIN,FE_INICIO,NB_PARROQUIA,CO_MUNICIPIO) values (225,null,null,to_timestamp('09/06/15','DD/MM/RR HH12:MI:SS,FF AM'),'GRAN SABANA',70);
Insert into C004T_PARROQUIA (CO_PARROQUIA,TX_DESCRIPCION,FE_FIN,FE_INICIO,NB_PARROQUIA,CO_MUNICIPIO) values (226,null,null,to_timestamp('09/06/15','DD/MM/RR HH12:MI:SS,FF AM'),'AGUA SALADA',71);
Insert into C004T_PARROQUIA (CO_PARROQUIA,TX_DESCRIPCION,FE_FIN,FE_INICIO,NB_PARROQUIA,CO_MUNICIPIO) values (227,null,null,to_timestamp('09/06/15','DD/MM/RR HH12:MI:SS,FF AM'),'CATEDRAL',71);
Insert into C004T_PARROQUIA (CO_PARROQUIA,TX_DESCRIPCION,FE_FIN,FE_INICIO,NB_PARROQUIA,CO_MUNICIPIO) values (229,null,null,to_timestamp('09/06/15','DD/MM/RR HH12:MI:SS,FF AM'),'LA SABANITA',71);
Insert into C004T_PARROQUIA (CO_PARROQUIA,TX_DESCRIPCION,FE_FIN,FE_INICIO,NB_PARROQUIA,CO_MUNICIPIO) values (230,null,null,to_timestamp('09/06/15','DD/MM/RR HH12:MI:SS,FF AM'),'MARHUANTA',71);
Insert into C004T_PARROQUIA (CO_PARROQUIA,TX_DESCRIPCION,FE_FIN,FE_INICIO,NB_PARROQUIA,CO_MUNICIPIO) values (231,null,null,to_timestamp('09/06/15','DD/MM/RR HH12:MI:SS,FF AM'),'ORINOCO',71);
Insert into C004T_PARROQUIA (CO_PARROQUIA,TX_DESCRIPCION,FE_FIN,FE_INICIO,NB_PARROQUIA,CO_MUNICIPIO) values (232,null,null,to_timestamp('09/06/15','DD/MM/RR HH12:MI:SS,FF AM'),'PANAPANA',71);
Insert into C004T_PARROQUIA (CO_PARROQUIA,TX_DESCRIPCION,FE_FIN,FE_INICIO,NB_PARROQUIA,CO_MUNICIPIO) values (234,null,null,to_timestamp('09/06/15','DD/MM/RR HH12:MI:SS,FF AM'),'ZEA ',71);
Insert into C004T_PARROQUIA (CO_PARROQUIA,TX_DESCRIPCION,FE_FIN,FE_INICIO,NB_PARROQUIA,CO_MUNICIPIO) values (237,null,null,to_timestamp('09/06/15','DD/MM/RR HH12:MI:SS,FF AM'),'PIAR ',73);
Insert into C004T_PARROQUIA (CO_PARROQUIA,TX_DESCRIPCION,FE_FIN,FE_INICIO,NB_PARROQUIA,CO_MUNICIPIO) values (238,null,null,to_timestamp('09/06/15','DD/MM/RR HH12:MI:SS,FF AM'),'SALOM',74);
Insert into C004T_PARROQUIA (CO_PARROQUIA,TX_DESCRIPCION,FE_FIN,FE_INICIO,NB_PARROQUIA,CO_MUNICIPIO) values (239,null,null,to_timestamp('09/06/15','DD/MM/RR HH12:MI:SS,FF AM'),'ROSCIO',74);
Insert into C004T_PARROQUIA (CO_PARROQUIA,TX_DESCRIPCION,FE_FIN,FE_INICIO,NB_PARROQUIA,CO_MUNICIPIO) values (240,null,null,to_timestamp('09/06/15','DD/MM/RR HH12:MI:SS,FF AM'),'CURIAPO',75);
Insert into C004T_PARROQUIA (CO_PARROQUIA,TX_DESCRIPCION,FE_FIN,FE_INICIO,NB_PARROQUIA,CO_MUNICIPIO) values (243,null,null,to_timestamp('09/06/15','DD/MM/RR HH12:MI:SS,FF AM'),'SIFONTES ',75);
Insert into C004T_PARROQUIA (CO_PARROQUIA,TX_DESCRIPCION,FE_FIN,FE_INICIO,NB_PARROQUIA,CO_MUNICIPIO) values (250,null,null,to_timestamp('09/06/15','DD/MM/RR HH12:MI:SS,FF AM'),'CANOABO',77);
Insert into C004T_PARROQUIA (CO_PARROQUIA,TX_DESCRIPCION,FE_FIN,FE_INICIO,NB_PARROQUIA,CO_MUNICIPIO) values (251,null,null,to_timestamp('09/06/15','DD/MM/RR HH12:MI:SS,FF AM'),'BEJUMA',77);
Insert into C004T_PARROQUIA (CO_PARROQUIA,TX_DESCRIPCION,FE_FIN,FE_INICIO,NB_PARROQUIA,CO_MUNICIPIO) values (256,null,null,to_timestamp('09/06/15','DD/MM/RR HH12:MI:SS,FF AM'),'MARIARA',79);
Insert into C004T_PARROQUIA (CO_PARROQUIA,TX_DESCRIPCION,FE_FIN,FE_INICIO,NB_PARROQUIA,CO_MUNICIPIO) values (260,null,null,to_timestamp('09/06/15','DD/MM/RR HH12:MI:SS,FF AM'),'URAMA',81);
Insert into C004T_PARROQUIA (CO_PARROQUIA,TX_DESCRIPCION,FE_FIN,FE_INICIO,NB_PARROQUIA,CO_MUNICIPIO) values (261,null,null,to_timestamp('09/06/15','DD/MM/RR HH12:MI:SS,FF AM'),'MORÓN',81);
Insert into C004T_PARROQUIA (CO_PARROQUIA,TX_DESCRIPCION,FE_FIN,FE_INICIO,NB_PARROQUIA,CO_MUNICIPIO) values (266,null,null,to_timestamp('09/06/15','DD/MM/RR HH12:MI:SS,FF AM'),'MONTALBÁN',85);
Insert into C004T_PARROQUIA (CO_PARROQUIA,TX_DESCRIPCION,FE_FIN,FE_INICIO,NB_PARROQUIA,CO_MUNICIPIO) values (267,null,null,to_timestamp('09/06/15','DD/MM/RR HH12:MI:SS,FF AM'),'NAGUANAGUA',86);
Insert into C004T_PARROQUIA (CO_PARROQUIA,TX_DESCRIPCION,FE_FIN,FE_INICIO,NB_PARROQUIA,CO_MUNICIPIO) values (280,null,null,to_timestamp('09/06/15','DD/MM/RR HH12:MI:SS,FF AM'),'NEGRO PRIMERO',90);
Insert into C004T_PARROQUIA (CO_PARROQUIA,TX_DESCRIPCION,FE_FIN,FE_INICIO,NB_PARROQUIA,CO_MUNICIPIO) values (281,null,null,to_timestamp('09/06/15','DD/MM/RR HH12:MI:SS,FF AM'),'CANDELARIA',90);
Insert into C004T_PARROQUIA (CO_PARROQUIA,TX_DESCRIPCION,FE_FIN,FE_INICIO,NB_PARROQUIA,CO_MUNICIPIO) values (288,null,null,to_timestamp('09/06/15','DD/MM/RR HH12:MI:SS,FF AM'),'COJEDES',91);
Insert into C004T_PARROQUIA (CO_PARROQUIA,TX_DESCRIPCION,FE_FIN,FE_INICIO,NB_PARROQUIA,CO_MUNICIPIO) values (289,null,null,to_timestamp('09/06/15','DD/MM/RR HH12:MI:SS,FF AM'),'TINAQUILLO',92);
Insert into C004T_PARROQUIA (CO_PARROQUIA,TX_DESCRIPCION,FE_FIN,FE_INICIO,NB_PARROQUIA,CO_MUNICIPIO) values (293,null,null,to_timestamp('09/06/15','DD/MM/RR HH12:MI:SS,FF AM'),'MACAPO',94);
Insert into C004T_PARROQUIA (CO_PARROQUIA,TX_DESCRIPCION,FE_FIN,FE_INICIO,NB_PARROQUIA,CO_MUNICIPIO) values (296,null,null,to_timestamp('09/06/15','DD/MM/RR HH12:MI:SS,FF AM'),'LIBERTAD DE COJEDES',96);
Insert into C004T_PARROQUIA (CO_PARROQUIA,TX_DESCRIPCION,FE_FIN,FE_INICIO,NB_PARROQUIA,CO_MUNICIPIO) values (310,null,null,to_timestamp('09/06/15','DD/MM/RR HH12:MI:SS,FF AM'),'IMATACA',100);
Insert into C004T_PARROQUIA (CO_PARROQUIA,TX_DESCRIPCION,FE_FIN,FE_INICIO,NB_PARROQUIA,CO_MUNICIPIO) values (319,null,null,to_timestamp('09/06/15','DD/MM/RR HH12:MI:SS,FF AM'),'LEONARDO RUÍZ PINEDA',102);
Insert into C004T_PARROQUIA (CO_PARROQUIA,TX_DESCRIPCION,FE_FIN,FE_INICIO,NB_PARROQUIA,CO_MUNICIPIO) values (347,null,null,to_timestamp('09/06/15','DD/MM/RR HH12:MI:SS,FF AM'),'CAPADARE',105);
Insert into C004T_PARROQUIA (CO_PARROQUIA,TX_DESCRIPCION,FE_FIN,FE_INICIO,NB_PARROQUIA,CO_MUNICIPIO) values (354,null,null,to_timestamp('09/06/15','DD/MM/RR HH12:MI:SS,FF AM'),'BARIRO',107);
Insert into C004T_PARROQUIA (CO_PARROQUIA,TX_DESCRIPCION,FE_FIN,FE_INICIO,NB_PARROQUIA,CO_MUNICIPIO) values (355,null,null,to_timestamp('09/06/15','DD/MM/RR HH12:MI:SS,FF AM'),'BOROJÓ',107);
Insert into C004T_PARROQUIA (CO_PARROQUIA,TX_DESCRIPCION,FE_FIN,FE_INICIO,NB_PARROQUIA,CO_MUNICIPIO) values (356,null,null,to_timestamp('09/06/15','DD/MM/RR HH12:MI:SS,FF AM'),'CAPATÁRIDA',107);
Insert into C004T_PARROQUIA (CO_PARROQUIA,TX_DESCRIPCION,FE_FIN,FE_INICIO,NB_PARROQUIA,CO_MUNICIPIO) values (357,null,null,to_timestamp('09/06/15','DD/MM/RR HH12:MI:SS,FF AM'),'GUAJIRO',107);
Insert into C004T_PARROQUIA (CO_PARROQUIA,TX_DESCRIPCION,FE_FIN,FE_INICIO,NB_PARROQUIA,CO_MUNICIPIO) values (358,null,null,to_timestamp('09/06/15','DD/MM/RR HH12:MI:SS,FF AM'),'SEQUE',107);
Insert into C004T_PARROQUIA (CO_PARROQUIA,TX_DESCRIPCION,FE_FIN,FE_INICIO,NB_PARROQUIA,CO_MUNICIPIO) values (359,null,null,to_timestamp('09/06/15','DD/MM/RR HH12:MI:SS,FF AM'),'ZAZÍRIDA ',107);
Insert into C004T_PARROQUIA (CO_PARROQUIA,TX_DESCRIPCION,FE_FIN,FE_INICIO,NB_PARROQUIA,CO_MUNICIPIO) values (360,null,null,to_timestamp('09/06/15','DD/MM/RR HH12:MI:SS,FF AM'),'CARIRUBANA',109);
Insert into C004T_PARROQUIA (CO_PARROQUIA,TX_DESCRIPCION,FE_FIN,FE_INICIO,NB_PARROQUIA,CO_MUNICIPIO) values (361,null,null,to_timestamp('09/06/15','DD/MM/RR HH12:MI:SS,FF AM'),'NORTE',109);
Insert into C004T_PARROQUIA (CO_PARROQUIA,TX_DESCRIPCION,FE_FIN,FE_INICIO,NB_PARROQUIA,CO_MUNICIPIO) values (364,null,null,to_timestamp('09/06/15','DD/MM/RR HH12:MI:SS,FF AM'),'ACURIGUA',110);
Insert into C004T_PARROQUIA (CO_PARROQUIA,TX_DESCRIPCION,FE_FIN,FE_INICIO,NB_PARROQUIA,CO_MUNICIPIO) values (365,null,null,to_timestamp('09/06/15','DD/MM/RR HH12:MI:SS,FF AM'),'GUAIBACOA',110);
Insert into C004T_PARROQUIA (CO_PARROQUIA,TX_DESCRIPCION,FE_FIN,FE_INICIO,NB_PARROQUIA,CO_MUNICIPIO) values (370,null,null,to_timestamp('09/06/15','DD/MM/RR HH12:MI:SS,FF AM'),'AVARIA',112);
Insert into C004T_PARROQUIA (CO_PARROQUIA,TX_DESCRIPCION,FE_FIN,FE_INICIO,NB_PARROQUIA,CO_MUNICIPIO) values (371,null,null,to_timestamp('09/06/15','DD/MM/RR HH12:MI:SS,FF AM'),'PEDREGAL',112);
Insert into C004T_PARROQUIA (CO_PARROQUIA,TX_DESCRIPCION,FE_FIN,FE_INICIO,NB_PARROQUIA,CO_MUNICIPIO) values (372,null,null,to_timestamp('09/06/15','DD/MM/RR HH12:MI:SS,FF AM'),'PIEDRA GRANDE',112);
Insert into C004T_PARROQUIA (CO_PARROQUIA,TX_DESCRIPCION,FE_FIN,FE_INICIO,NB_PARROQUIA,CO_MUNICIPIO) values (373,null,null,to_timestamp('09/06/15','DD/MM/RR HH12:MI:SS,FF AM'),'PURURECHE  ',112);
Insert into C004T_PARROQUIA (CO_PARROQUIA,TX_DESCRIPCION,FE_FIN,FE_INICIO,NB_PARROQUIA,CO_MUNICIPIO) values (384,null,null,to_timestamp('09/06/15','DD/MM/RR HH12:MI:SS,FF AM'),'CHURUGUARA',114);
Insert into C004T_PARROQUIA (CO_PARROQUIA,TX_DESCRIPCION,FE_FIN,FE_INICIO,NB_PARROQUIA,CO_MUNICIPIO) values (386,null,null,to_timestamp('09/06/15','DD/MM/RR HH12:MI:SS,FF AM'),'INDEPENDENCIA',114);
Insert into C004T_PARROQUIA (CO_PARROQUIA,TX_DESCRIPCION,FE_FIN,FE_INICIO,NB_PARROQUIA,CO_MUNICIPIO) values (389,null,null,to_timestamp('09/06/15','DD/MM/RR HH12:MI:SS,FF AM'),'ARAURIMA',115);
Insert into C004T_PARROQUIA (CO_PARROQUIA,TX_DESCRIPCION,FE_FIN,FE_INICIO,NB_PARROQUIA,CO_MUNICIPIO) values (390,null,null,to_timestamp('09/06/15','DD/MM/RR HH12:MI:SS,FF AM'),'JACURA',115);
Insert into C004T_PARROQUIA (CO_PARROQUIA,TX_DESCRIPCION,FE_FIN,FE_INICIO,NB_PARROQUIA,CO_MUNICIPIO) values (391,null,null,to_timestamp('09/06/15','DD/MM/RR HH12:MI:SS,FF AM'),'JUDIBANA',116);
Insert into C004T_PARROQUIA (CO_PARROQUIA,TX_DESCRIPCION,FE_FIN,FE_INICIO,NB_PARROQUIA,CO_MUNICIPIO) values (393,null,null,to_timestamp('09/06/15','DD/MM/RR HH12:MI:SS,FF AM'),'CASIGUA',117);
Insert into C004T_PARROQUIA (CO_PARROQUIA,TX_DESCRIPCION,FE_FIN,FE_INICIO,NB_PARROQUIA,CO_MUNICIPIO) values (394,null,null,to_timestamp('09/06/15','DD/MM/RR HH12:MI:SS,FF AM'),'MENE DE MAUROA',117);
Insert into C004T_PARROQUIA (CO_PARROQUIA,TX_DESCRIPCION,FE_FIN,FE_INICIO,NB_PARROQUIA,CO_MUNICIPIO) values (403,null,null,to_timestamp('09/06/15','DD/MM/RR HH12:MI:SS,FF AM'),'BOCA DE TOCUYO',119);
Insert into C004T_PARROQUIA (CO_PARROQUIA,TX_DESCRIPCION,FE_FIN,FE_INICIO,NB_PARROQUIA,CO_MUNICIPIO) values (404,null,null,to_timestamp('09/06/15','DD/MM/RR HH12:MI:SS,FF AM'),'CHICHIRIVICHE',119);
Insert into C004T_PARROQUIA (CO_PARROQUIA,TX_DESCRIPCION,FE_FIN,FE_INICIO,NB_PARROQUIA,CO_MUNICIPIO) values (406,null,null,to_timestamp('09/06/15','DD/MM/RR HH12:MI:SS,FF AM'),'CABURE',121);
Insert into C004T_PARROQUIA (CO_PARROQUIA,TX_DESCRIPCION,FE_FIN,FE_INICIO,NB_PARROQUIA,CO_MUNICIPIO) values (407,null,null,to_timestamp('09/06/15','DD/MM/RR HH12:MI:SS,FF AM'),'COLINA',121);
Insert into C004T_PARROQUIA (CO_PARROQUIA,TX_DESCRIPCION,FE_FIN,FE_INICIO,NB_PARROQUIA,CO_MUNICIPIO) values (408,null,null,to_timestamp('09/06/15','DD/MM/RR HH12:MI:SS,FF AM'),'CURIMAGUA',121);
Insert into C004T_PARROQUIA (CO_PARROQUIA,TX_DESCRIPCION,FE_FIN,FE_INICIO,NB_PARROQUIA,CO_MUNICIPIO) values (413,null,null,to_timestamp('09/06/15','DD/MM/RR HH12:MI:SS,FF AM'),'TUCACAS',124);
Insert into C004T_PARROQUIA (CO_PARROQUIA,TX_DESCRIPCION,FE_FIN,FE_INICIO,NB_PARROQUIA,CO_MUNICIPIO) values (419,null,null,to_timestamp('09/06/15','DD/MM/RR HH12:MI:SS,FF AM'),'BRUZUAL',127);
Insert into C004T_PARROQUIA (CO_PARROQUIA,TX_DESCRIPCION,FE_FIN,FE_INICIO,NB_PARROQUIA,CO_MUNICIPIO) values (420,null,null,to_timestamp('09/06/15','DD/MM/RR HH12:MI:SS,FF AM'),'URUMACO',127);
Insert into C004T_PARROQUIA (CO_PARROQUIA,TX_DESCRIPCION,FE_FIN,FE_INICIO,NB_PARROQUIA,CO_MUNICIPIO) values (428,null,null,to_timestamp('09/06/15','DD/MM/RR HH12:MI:SS,FF AM'),'CHAGUARAMAS',130);
Insert into C004T_PARROQUIA (CO_PARROQUIA,TX_DESCRIPCION,FE_FIN,FE_INICIO,NB_PARROQUIA,CO_MUNICIPIO) values (436,null,null,to_timestamp('09/06/15','DD/MM/RR HH12:MI:SS,FF AM'),'LEZAMA',134);
Insert into C004T_PARROQUIA (CO_PARROQUIA,TX_DESCRIPCION,FE_FIN,FE_INICIO,NB_PARROQUIA,CO_MUNICIPIO) values (441,null,null,to_timestamp('09/06/15','DD/MM/RR HH12:MI:SS,FF AM'),'CANTAGALLO',135);
Insert into C004T_PARROQUIA (CO_PARROQUIA,TX_DESCRIPCION,FE_FIN,FE_INICIO,NB_PARROQUIA,CO_MUNICIPIO) values (442,null,null,to_timestamp('09/06/15','DD/MM/RR HH12:MI:SS,FF AM'),'PARAPARA',135);
Insert into C004T_PARROQUIA (CO_PARROQUIA,TX_DESCRIPCION,FE_FIN,FE_INICIO,NB_PARROQUIA,CO_MUNICIPIO) values (445,null,null,to_timestamp('09/06/15','DD/MM/RR HH12:MI:SS,FF AM'),'SOSA',136);
Insert into C004T_PARROQUIA (CO_PARROQUIA,TX_DESCRIPCION,FE_FIN,FE_INICIO,NB_PARROQUIA,CO_MUNICIPIO) values (446,null,null,to_timestamp('09/06/15','DD/MM/RR HH12:MI:SS,FF AM'),'CABRUTA',137);
Insert into C004T_PARROQUIA (CO_PARROQUIA,TX_DESCRIPCION,FE_FIN,FE_INICIO,NB_PARROQUIA,CO_MUNICIPIO) values (449,null,null,to_timestamp('09/06/15','DD/MM/RR HH12:MI:SS,FF AM'),'ESPINO',138);
Insert into C004T_PARROQUIA (CO_PARROQUIA,TX_DESCRIPCION,FE_FIN,FE_INICIO,NB_PARROQUIA,CO_MUNICIPIO) values (451,null,null,to_timestamp('09/06/15','DD/MM/RR HH12:MI:SS,FF AM'),'ORTÍZ',139);
Insert into C004T_PARROQUIA (CO_PARROQUIA,TX_DESCRIPCION,FE_FIN,FE_INICIO,NB_PARROQUIA,CO_MUNICIPIO) values (455,null,null,to_timestamp('09/06/15','DD/MM/RR HH12:MI:SS,FF AM'),'CAZORTA',140);
Insert into C004T_PARROQUIA (CO_PARROQUIA,TX_DESCRIPCION,FE_FIN,FE_INICIO,NB_PARROQUIA,CO_MUNICIPIO) values (466,null,null,to_timestamp('09/06/15','DD/MM/RR HH12:MI:SS,FF AM'),'DUACA',145);
Insert into C004T_PARROQUIA (CO_PARROQUIA,TX_DESCRIPCION,FE_FIN,FE_INICIO,NB_PARROQUIA,CO_MUNICIPIO) values (467,null,null,to_timestamp('09/06/15','DD/MM/RR HH12:MI:SS,FF AM'),'FREITEZ',145);
Insert into C004T_PARROQUIA (CO_PARROQUIA,TX_DESCRIPCION,FE_FIN,FE_INICIO,NB_PARROQUIA,CO_MUNICIPIO) values (469,null,null,to_timestamp('09/06/15','DD/MM/RR HH12:MI:SS,FF AM'),'BUENA VISTA',146);
Insert into C004T_PARROQUIA (CO_PARROQUIA,TX_DESCRIPCION,FE_FIN,FE_INICIO,NB_PARROQUIA,CO_MUNICIPIO) values (471,null,null,to_timestamp('09/06/15','DD/MM/RR HH12:MI:SS,FF AM'),'CONCEPCIÓN',146);
Insert into C004T_PARROQUIA (CO_PARROQUIA,TX_DESCRIPCION,FE_FIN,FE_INICIO,NB_PARROQUIA,CO_MUNICIPIO) values (472,null,null,to_timestamp('09/06/15','DD/MM/RR HH12:MI:SS,FF AM'),'FELIPE ALVARADO',146);
Insert into C004T_PARROQUIA (CO_PARROQUIA,TX_DESCRIPCION,FE_FIN,FE_INICIO,NB_PARROQUIA,CO_MUNICIPIO) values (474,null,null,to_timestamp('09/06/15','DD/MM/RR HH12:MI:SS,FF AM'),'JUÍREZ',146);
Insert into C004T_PARROQUIA (CO_PARROQUIA,TX_DESCRIPCION,FE_FIN,FE_INICIO,NB_PARROQUIA,CO_MUNICIPIO) values (475,null,null,to_timestamp('09/06/15','DD/MM/RR HH12:MI:SS,FF AM'),'SANTA ROSA',146);
Insert into C004T_PARROQUIA (CO_PARROQUIA,TX_DESCRIPCION,FE_FIN,FE_INICIO,NB_PARROQUIA,CO_MUNICIPIO) values (476,null,null,to_timestamp('09/06/15','DD/MM/RR HH12:MI:SS,FF AM'),'TAMACA',146);
Insert into C004T_PARROQUIA (CO_PARROQUIA,TX_DESCRIPCION,FE_FIN,FE_INICIO,NB_PARROQUIA,CO_MUNICIPIO) values (477,null,null,to_timestamp('09/06/15','DD/MM/RR HH12:MI:SS,FF AM'),'UNIÓN ',146);
Insert into C004T_PARROQUIA (CO_PARROQUIA,TX_DESCRIPCION,FE_FIN,FE_INICIO,NB_PARROQUIA,CO_MUNICIPIO) values (479,null,null,to_timestamp('09/06/15','DD/MM/RR HH12:MI:SS,FF AM'),'CUARA',147);
Insert into C004T_PARROQUIA (CO_PARROQUIA,TX_DESCRIPCION,FE_FIN,FE_INICIO,NB_PARROQUIA,CO_MUNICIPIO) values (480,null,null,to_timestamp('09/06/15','DD/MM/RR HH12:MI:SS,FF AM'),'DIEGO DE LOZADA',147);
Insert into C004T_PARROQUIA (CO_PARROQUIA,TX_DESCRIPCION,FE_FIN,FE_INICIO,NB_PARROQUIA,CO_MUNICIPIO) values (484,null,null,to_timestamp('09/06/15','DD/MM/RR HH12:MI:SS,FF AM'),'QUIBOR',147);
Insert into C004T_PARROQUIA (CO_PARROQUIA,TX_DESCRIPCION,FE_FIN,FE_INICIO,NB_PARROQUIA,CO_MUNICIPIO) values (486,null,null,to_timestamp('09/06/15','DD/MM/RR HH12:MI:SS,FF AM'),'TINTORERO ',147);
Insert into C004T_PARROQUIA (CO_PARROQUIA,TX_DESCRIPCION,FE_FIN,FE_INICIO,NB_PARROQUIA,CO_MUNICIPIO) values (488,null,null,to_timestamp('09/06/15','DD/MM/RR HH12:MI:SS,FF AM'),'BOLÍVAR',148);
Insert into C004T_PARROQUIA (CO_PARROQUIA,TX_DESCRIPCION,FE_FIN,FE_INICIO,NB_PARROQUIA,CO_MUNICIPIO) values (490,null,null,to_timestamp('09/06/15','DD/MM/RR HH12:MI:SS,FF AM'),'GUÁRICO',148);
Insert into C004T_PARROQUIA (CO_PARROQUIA,TX_DESCRIPCION,FE_FIN,FE_INICIO,NB_PARROQUIA,CO_MUNICIPIO) values (491,null,null,to_timestamp('09/06/15','DD/MM/RR HH12:MI:SS,FF AM'),'HILARIO LUNA Y LUNA',148);
Insert into C004T_PARROQUIA (CO_PARROQUIA,TX_DESCRIPCION,FE_FIN,FE_INICIO,NB_PARROQUIA,CO_MUNICIPIO) values (492,null,null,to_timestamp('09/06/15','DD/MM/RR HH12:MI:SS,FF AM'),'HUMOCARO ALTO',148);
Insert into C004T_PARROQUIA (CO_PARROQUIA,TX_DESCRIPCION,FE_FIN,FE_INICIO,NB_PARROQUIA,CO_MUNICIPIO) values (495,null,null,to_timestamp('09/06/15','DD/MM/RR HH12:MI:SS,FF AM'),'MORÍN ',148);
Insert into C004T_PARROQUIA (CO_PARROQUIA,TX_DESCRIPCION,FE_FIN,FE_INICIO,NB_PARROQUIA,CO_MUNICIPIO) values (499,null,null,to_timestamp('09/06/15','DD/MM/RR HH12:MI:SS,FF AM'),'BURÍA',150);
Insert into C004T_PARROQUIA (CO_PARROQUIA,TX_DESCRIPCION,FE_FIN,FE_INICIO,NB_PARROQUIA,CO_MUNICIPIO) values (500,null,null,to_timestamp('09/06/15','DD/MM/RR HH12:MI:SS,FF AM'),'VEGAS LEÓN',150);
Insert into C004T_PARROQUIA (CO_PARROQUIA,TX_DESCRIPCION,FE_FIN,FE_INICIO,NB_PARROQUIA,CO_MUNICIPIO) values (503,null,null,to_timestamp('09/06/15','DD/MM/RR HH12:MI:SS,FF AM'),'CAMACARO',151);
Insert into C004T_PARROQUIA (CO_PARROQUIA,TX_DESCRIPCION,FE_FIN,FE_INICIO,NB_PARROQUIA,CO_MUNICIPIO) values (504,null,null,to_timestamp('09/06/15','DD/MM/RR HH12:MI:SS,FF AM'),'CASTAÑEDA',151);
Insert into C004T_PARROQUIA (CO_PARROQUIA,TX_DESCRIPCION,FE_FIN,FE_INICIO,NB_PARROQUIA,CO_MUNICIPIO) values (505,null,null,to_timestamp('09/06/15','DD/MM/RR HH12:MI:SS,FF AM'),'CECILIO ZUBILLAGA',151);
Insert into C004T_PARROQUIA (CO_PARROQUIA,TX_DESCRIPCION,FE_FIN,FE_INICIO,NB_PARROQUIA,CO_MUNICIPIO) values (506,null,null,to_timestamp('09/06/15','DD/MM/RR HH12:MI:SS,FF AM'),'CHIQUINQUIRÁ',151);
Insert into C004T_PARROQUIA (CO_PARROQUIA,TX_DESCRIPCION,FE_FIN,FE_INICIO,NB_PARROQUIA,CO_MUNICIPIO) values (508,null,null,to_timestamp('09/06/15','DD/MM/RR HH12:MI:SS,FF AM'),'ESPINOZA DE LOS MONTEROS',151);
Insert into C004T_PARROQUIA (CO_PARROQUIA,TX_DESCRIPCION,FE_FIN,FE_INICIO,NB_PARROQUIA,CO_MUNICIPIO) values (509,null,null,to_timestamp('09/06/15','DD/MM/RR HH12:MI:SS,FF AM'),'HERIBERTO ARROYO',151);
Insert into C004T_PARROQUIA (CO_PARROQUIA,TX_DESCRIPCION,FE_FIN,FE_INICIO,NB_PARROQUIA,CO_MUNICIPIO) values (510,null,null,to_timestamp('09/06/15','DD/MM/RR HH12:MI:SS,FF AM'),'LARA',151);
Insert into C004T_PARROQUIA (CO_PARROQUIA,TX_DESCRIPCION,FE_FIN,FE_INICIO,NB_PARROQUIA,CO_MUNICIPIO) values (515,null,null,to_timestamp('09/06/15','DD/MM/RR HH12:MI:SS,FF AM'),'REYES VARGAS',151);
Insert into C004T_PARROQUIA (CO_PARROQUIA,TX_DESCRIPCION,FE_FIN,FE_INICIO,NB_PARROQUIA,CO_MUNICIPIO) values (516,null,null,to_timestamp('09/06/15','DD/MM/RR HH12:MI:SS,FF AM'),'TORRES',151);
Insert into C004T_PARROQUIA (CO_PARROQUIA,TX_DESCRIPCION,FE_FIN,FE_INICIO,NB_PARROQUIA,CO_MUNICIPIO) values (517,null,null,to_timestamp('09/06/15','DD/MM/RR HH12:MI:SS,FF AM'),'TRINIDAD SAMUEL  ',151);
Insert into C004T_PARROQUIA (CO_PARROQUIA,TX_DESCRIPCION,FE_FIN,FE_INICIO,NB_PARROQUIA,CO_MUNICIPIO) values (527,null,null,to_timestamp('09/06/15','DD/MM/RR HH12:MI:SS,FF AM'),'ACEQUIAS',156);
Insert into C004T_PARROQUIA (CO_PARROQUIA,TX_DESCRIPCION,FE_FIN,FE_INICIO,NB_PARROQUIA,CO_MUNICIPIO) values (529,null,null,to_timestamp('09/06/15','DD/MM/RR HH12:MI:SS,FF AM'),'JAJÍ',156);
Insert into C004T_PARROQUIA (CO_PARROQUIA,TX_DESCRIPCION,FE_FIN,FE_INICIO,NB_PARROQUIA,CO_MUNICIPIO) values (531,null,null,to_timestamp('09/06/15','DD/MM/RR HH12:MI:SS,FF AM'),'MATRIZ',156);
Insert into C004T_PARROQUIA (CO_PARROQUIA,TX_DESCRIPCION,FE_FIN,FE_INICIO,NB_PARROQUIA,CO_MUNICIPIO) values (562,null,null,to_timestamp('09/06/15','DD/MM/RR HH12:MI:SS,FF AM'),'OBISPO RAMOS DE LORA',160);
Insert into C004T_PARROQUIA (CO_PARROQUIA,TX_DESCRIPCION,FE_FIN,FE_INICIO,NB_PARROQUIA,CO_MUNICIPIO) values (563,null,null,to_timestamp('09/06/15','DD/MM/RR HH12:MI:SS,FF AM'),'CACUTE',163);
Insert into C004T_PARROQUIA (CO_PARROQUIA,TX_DESCRIPCION,FE_FIN,FE_INICIO,NB_PARROQUIA,CO_MUNICIPIO) values (566,null,null,to_timestamp('09/06/15','DD/MM/RR HH12:MI:SS,FF AM'),'MACURUBÁ',163);
Insert into C004T_PARROQUIA (CO_PARROQUIA,TX_DESCRIPCION,FE_FIN,FE_INICIO,NB_PARROQUIA,CO_MUNICIPIO) values (568,null,null,to_timestamp('09/06/15','DD/MM/RR HH12:MI:SS,FF AM'),'GERÓNIMO MALDONADO',164);
Insert into C004T_PARROQUIA (CO_PARROQUIA,TX_DESCRIPCION,FE_FIN,FE_INICIO,NB_PARROQUIA,CO_MUNICIPIO) values (582,null,null,to_timestamp('09/06/15','DD/MM/RR HH12:MI:SS,FF AM'),'ARAGÜITA',169);
Insert into C004T_PARROQUIA (CO_PARROQUIA,TX_DESCRIPCION,FE_FIN,FE_INICIO,NB_PARROQUIA,CO_MUNICIPIO) values (584,null,null,to_timestamp('09/06/15','DD/MM/RR HH12:MI:SS,FF AM'),'CAPAYA',169);
Insert into C004T_PARROQUIA (CO_PARROQUIA,TX_DESCRIPCION,FE_FIN,FE_INICIO,NB_PARROQUIA,CO_MUNICIPIO) values (585,null,null,to_timestamp('09/06/15','DD/MM/RR HH12:MI:SS,FF AM'),'CAUCAGUA',169);
Insert into C004T_PARROQUIA (CO_PARROQUIA,TX_DESCRIPCION,FE_FIN,FE_INICIO,NB_PARROQUIA,CO_MUNICIPIO) values (587,null,null,to_timestamp('09/06/15','DD/MM/RR HH12:MI:SS,FF AM'),'MARIZAPA',169);
Insert into C004T_PARROQUIA (CO_PARROQUIA,TX_DESCRIPCION,FE_FIN,FE_INICIO,NB_PARROQUIA,CO_MUNICIPIO) values (588,null,null,to_timestamp('09/06/15','DD/MM/RR HH12:MI:SS,FF AM'),'PANAQUIRE',169);
Insert into C004T_PARROQUIA (CO_PARROQUIA,TX_DESCRIPCION,FE_FIN,FE_INICIO,NB_PARROQUIA,CO_MUNICIPIO) values (589,null,null,to_timestamp('09/06/15','DD/MM/RR HH12:MI:SS,FF AM'),'RIBAS',169);
Insert into C004T_PARROQUIA (CO_PARROQUIA,TX_DESCRIPCION,FE_FIN,FE_INICIO,NB_PARROQUIA,CO_MUNICIPIO) values (594,null,null,to_timestamp('09/06/15','DD/MM/RR HH12:MI:SS,FF AM'),'CURIEPE',172);
Insert into C004T_PARROQUIA (CO_PARROQUIA,TX_DESCRIPCION,FE_FIN,FE_INICIO,NB_PARROQUIA,CO_MUNICIPIO) values (595,null,null,to_timestamp('09/06/15','DD/MM/RR HH12:MI:SS,FF AM'),'HIGUEROTE',172);
Insert into C004T_PARROQUIA (CO_PARROQUIA,TX_DESCRIPCION,FE_FIN,FE_INICIO,NB_PARROQUIA,CO_MUNICIPIO) values (596,null,null,to_timestamp('09/06/15','DD/MM/RR HH12:MI:SS,FF AM'),'TACARIGUA',172);
Insert into C004T_PARROQUIA (CO_PARROQUIA,TX_DESCRIPCION,FE_FIN,FE_INICIO,NB_PARROQUIA,CO_MUNICIPIO) values (597,null,null,to_timestamp('09/06/15','DD/MM/RR HH12:MI:SS,FF AM'),'MAMPORAL',173);
Insert into C004T_PARROQUIA (CO_PARROQUIA,TX_DESCRIPCION,FE_FIN,FE_INICIO,NB_PARROQUIA,CO_MUNICIPIO) values (600,null,null,to_timestamp('09/06/15','DD/MM/RR HH12:MI:SS,FF AM'),'CHARALLAVE',176);
Insert into C004T_PARROQUIA (CO_PARROQUIA,TX_DESCRIPCION,FE_FIN,FE_INICIO,NB_PARROQUIA,CO_MUNICIPIO) values (613,null,null,to_timestamp('09/06/15','DD/MM/RR HH12:MI:SS,FF AM'),'OCUMARE DEL TUY',180);
Insert into C004T_PARROQUIA (CO_PARROQUIA,TX_DESCRIPCION,FE_FIN,FE_INICIO,NB_PARROQUIA,CO_MUNICIPIO) values (622,null,null,to_timestamp('09/06/15','DD/MM/RR HH12:MI:SS,FF AM'),'CÚPIRA',184);
Insert into C004T_PARROQUIA (CO_PARROQUIA,TX_DESCRIPCION,FE_FIN,FE_INICIO,NB_PARROQUIA,CO_MUNICIPIO) values (623,null,null,to_timestamp('09/06/15','DD/MM/RR HH12:MI:SS,FF AM'),'MACHURUCUTO',184);
Insert into C004T_PARROQUIA (CO_PARROQUIA,TX_DESCRIPCION,FE_FIN,FE_INICIO,NB_PARROQUIA,CO_MUNICIPIO) values (624,null,null,to_timestamp('09/06/15','DD/MM/RR HH12:MI:SS,FF AM'),'GUARENAS',185);
Insert into C004T_PARROQUIA (CO_PARROQUIA,TX_DESCRIPCION,FE_FIN,FE_INICIO,NB_PARROQUIA,CO_MUNICIPIO) values (648,null,null,to_timestamp('09/06/15','DD/MM/RR HH12:MI:SS,FF AM'),'EZEQUIEL ZAMORA',195);
Insert into C004T_PARROQUIA (CO_PARROQUIA,TX_DESCRIPCION,FE_FIN,FE_INICIO,NB_PARROQUIA,CO_MUNICIPIO) values (655,null,null,to_timestamp('09/06/15','DD/MM/RR HH12:MI:SS,FF AM'),'BOQUERÓN',197);
Insert into C004T_PARROQUIA (CO_PARROQUIA,TX_DESCRIPCION,FE_FIN,FE_INICIO,NB_PARROQUIA,CO_MUNICIPIO) values (656,null,null,to_timestamp('09/06/15','DD/MM/RR HH12:MI:SS,FF AM'),'MATURÍN',197);
Insert into C004T_PARROQUIA (CO_PARROQUIA,TX_DESCRIPCION,FE_FIN,FE_INICIO,NB_PARROQUIA,CO_MUNICIPIO) values (673,null,null,to_timestamp('09/06/15','DD/MM/RR HH12:MI:SS,FF AM'),'PÚNCERES',199);
Insert into C004T_PARROQUIA (CO_PARROQUIA,TX_DESCRIPCION,FE_FIN,FE_INICIO,NB_PARROQUIA,CO_MUNICIPIO) values (674,null,null,to_timestamp('09/06/15','DD/MM/RR HH12:MI:SS,FF AM'),'SOTILLO',201);
Insert into C004T_PARROQUIA (CO_PARROQUIA,TX_DESCRIPCION,FE_FIN,FE_INICIO,NB_PARROQUIA,CO_MUNICIPIO) values (676,null,null,to_timestamp('09/06/15','DD/MM/RR HH12:MI:SS,FF AM'),'DÍAZ',205);
Insert into C004T_PARROQUIA (CO_PARROQUIA,TX_DESCRIPCION,FE_FIN,FE_INICIO,NB_PARROQUIA,CO_MUNICIPIO) values (677,null,null,to_timestamp('09/06/15','DD/MM/RR HH12:MI:SS,FF AM'),'ZABALA',205);
Insert into C004T_PARROQUIA (CO_PARROQUIA,TX_DESCRIPCION,FE_FIN,FE_INICIO,NB_PARROQUIA,CO_MUNICIPIO) values (678,null,null,to_timestamp('09/06/15','DD/MM/RR HH12:MI:SS,FF AM'),'GARCÍA',206);
Insert into C004T_PARROQUIA (CO_PARROQUIA,TX_DESCRIPCION,FE_FIN,FE_INICIO,NB_PARROQUIA,CO_MUNICIPIO) values (681,null,null,to_timestamp('09/06/15','DD/MM/RR HH12:MI:SS,FF AM'),'GÓMEZ',207);
Insert into C004T_PARROQUIA (CO_PARROQUIA,TX_DESCRIPCION,FE_FIN,FE_INICIO,NB_PARROQUIA,CO_MUNICIPIO) values (682,null,null,to_timestamp('09/06/15','DD/MM/RR HH12:MI:SS,FF AM'),'GUEVARA',207);
Insert into C004T_PARROQUIA (CO_PARROQUIA,TX_DESCRIPCION,FE_FIN,FE_INICIO,NB_PARROQUIA,CO_MUNICIPIO) values (683,null,null,to_timestamp('09/06/15','DD/MM/RR HH12:MI:SS,FF AM'),'MATASIETE',207);
Insert into C004T_PARROQUIA (CO_PARROQUIA,TX_DESCRIPCION,FE_FIN,FE_INICIO,NB_PARROQUIA,CO_MUNICIPIO) values (691,null,null,to_timestamp('09/06/15','DD/MM/RR HH12:MI:SS,FF AM'),'TUBORES',212);
Insert into C004T_PARROQUIA (CO_PARROQUIA,TX_DESCRIPCION,FE_FIN,FE_INICIO,NB_PARROQUIA,CO_MUNICIPIO) values (693,null,null,to_timestamp('09/06/15','DD/MM/RR HH12:MI:SS,FF AM'),'VILLALBA',213);
Insert into C004T_PARROQUIA (CO_PARROQUIA,TX_DESCRIPCION,FE_FIN,FE_INICIO,NB_PARROQUIA,CO_MUNICIPIO) values (697,null,null,to_timestamp('09/06/15','DD/MM/RR HH12:MI:SS,FF AM'),'ESTELLER',216);
Insert into C004T_PARROQUIA (CO_PARROQUIA,TX_DESCRIPCION,FE_FIN,FE_INICIO,NB_PARROQUIA,CO_MUNICIPIO) values (698,null,null,to_timestamp('09/06/15','DD/MM/RR HH12:MI:SS,FF AM'),'UVERAL',216);
Insert into C004T_PARROQUIA (CO_PARROQUIA,TX_DESCRIPCION,FE_FIN,FE_INICIO,NB_PARROQUIA,CO_MUNICIPIO) values (709,null,null,to_timestamp('09/06/15','DD/MM/RR HH12:MI:SS,FF AM'),'APARICIÓN',220);
Insert into C004T_PARROQUIA (CO_PARROQUIA,TX_DESCRIPCION,FE_FIN,FE_INICIO,NB_PARROQUIA,CO_MUNICIPIO) values (710,null,null,to_timestamp('09/06/15','DD/MM/RR HH12:MI:SS,FF AM'),'OSPINO',220);
Insert into C004T_PARROQUIA (CO_PARROQUIA,TX_DESCRIPCION,FE_FIN,FE_INICIO,NB_PARROQUIA,CO_MUNICIPIO) values (717,null,null,to_timestamp('09/06/15','DD/MM/RR HH12:MI:SS,FF AM'),'PAPELÓN',222);
Insert into C004T_PARROQUIA (CO_PARROQUIA,TX_DESCRIPCION,FE_FIN,FE_INICIO,NB_PARROQUIA,CO_MUNICIPIO) values (732,null,null,to_timestamp('09/06/15','DD/MM/RR HH12:MI:SS,FF AM'),'CANELONES',228);
Insert into C004T_PARROQUIA (CO_PARROQUIA,TX_DESCRIPCION,FE_FIN,FE_INICIO,NB_PARROQUIA,CO_MUNICIPIO) values (733,null,null,to_timestamp('09/06/15','DD/MM/RR HH12:MI:SS,FF AM'),'TURÉN',228);
Insert into C004T_PARROQUIA (CO_PARROQUIA,TX_DESCRIPCION,FE_FIN,FE_INICIO,NB_PARROQUIA,CO_MUNICIPIO) values (734,null,null,to_timestamp('09/06/15','DD/MM/RR HH12:MI:SS,FF AM'),'SANTA CRUZ',228);
Insert into C004T_PARROQUIA (CO_PARROQUIA,TX_DESCRIPCION,FE_FIN,FE_INICIO,NB_PARROQUIA,CO_MUNICIPIO) values (737,null,null,to_timestamp('09/06/15','DD/MM/RR HH12:MI:SS,FF AM'),'SAN JOSÉ DE AEROCUAR',230);
Insert into C004T_PARROQUIA (CO_PARROQUIA,TX_DESCRIPCION,FE_FIN,FE_INICIO,NB_PARROQUIA,CO_MUNICIPIO) values (738,null,null,to_timestamp('09/06/15','DD/MM/RR HH12:MI:SS,FF AM'),'TAVERA ACOSTA',230);
Insert into C004T_PARROQUIA (CO_PARROQUIA,TX_DESCRIPCION,FE_FIN,FE_INICIO,NB_PARROQUIA,CO_MUNICIPIO) values (744,null,null,to_timestamp('09/06/15','DD/MM/RR HH12:MI:SS,FF AM'),'EL PILAR',232);
Insert into C004T_PARROQUIA (CO_PARROQUIA,TX_DESCRIPCION,FE_FIN,FE_INICIO,NB_PARROQUIA,CO_MUNICIPIO) values (745,null,null,to_timestamp('09/06/15','DD/MM/RR HH12:MI:SS,FF AM'),'EL RINCÓN',232);
Insert into C004T_PARROQUIA (CO_PARROQUIA,TX_DESCRIPCION,FE_FIN,FE_INICIO,NB_PARROQUIA,CO_MUNICIPIO) values (746,null,null,to_timestamp('09/06/15','DD/MM/RR HH12:MI:SS,FF AM'),'GENERAL FRANCISCO ANTONIO V??SQUEZ',232);
Insert into C004T_PARROQUIA (CO_PARROQUIA,TX_DESCRIPCION,FE_FIN,FE_INICIO,NB_PARROQUIA,CO_MUNICIPIO) values (747,null,null,to_timestamp('09/06/15','DD/MM/RR HH12:MI:SS,FF AM'),'GUARAUNOS',232);
Insert into C004T_PARROQUIA (CO_PARROQUIA,TX_DESCRIPCION,FE_FIN,FE_INICIO,NB_PARROQUIA,CO_MUNICIPIO) values (748,null,null,to_timestamp('09/06/15','DD/MM/RR HH12:MI:SS,FF AM'),'TUNAPUICITO',232);
Insert into C004T_PARROQUIA (CO_PARROQUIA,TX_DESCRIPCION,FE_FIN,FE_INICIO,NB_PARROQUIA,CO_MUNICIPIO) values (751,null,null,to_timestamp('09/06/15','DD/MM/RR HH12:MI:SS,FF AM'),'MACARAPANA',233);
Insert into C004T_PARROQUIA (CO_PARROQUIA,TX_DESCRIPCION,FE_FIN,FE_INICIO,NB_PARROQUIA,CO_MUNICIPIO) values (752,null,null,to_timestamp('09/06/15','DD/MM/RR HH12:MI:SS,FF AM'),'SANTA CATALINA',233);
Insert into C004T_PARROQUIA (CO_PARROQUIA,TX_DESCRIPCION,FE_FIN,FE_INICIO,NB_PARROQUIA,CO_MUNICIPIO) values (753,null,null,to_timestamp('09/06/15','DD/MM/RR HH12:MI:SS,FF AM'),'SANTA ROSA',233);
Insert into C004T_PARROQUIA (CO_PARROQUIA,TX_DESCRIPCION,FE_FIN,FE_INICIO,NB_PARROQUIA,CO_MUNICIPIO) values (754,null,null,to_timestamp('09/06/15','DD/MM/RR HH12:MI:SS,FF AM'),'SANTA TERESA',233);
Insert into C004T_PARROQUIA (CO_PARROQUIA,TX_DESCRIPCION,FE_FIN,FE_INICIO,NB_PARROQUIA,CO_MUNICIPIO) values (755,null,null,to_timestamp('09/06/15','DD/MM/RR HH12:MI:SS,FF AM'),'EL PAUJIL',235);
Insert into C004T_PARROQUIA (CO_PARROQUIA,TX_DESCRIPCION,FE_FIN,FE_INICIO,NB_PARROQUIA,CO_MUNICIPIO) values (757,null,null,to_timestamp('09/06/15','DD/MM/RR HH12:MI:SS,FF AM'),'YAGUARAPARO',235);
Insert into C004T_PARROQUIA (CO_PARROQUIA,TX_DESCRIPCION,FE_FIN,FE_INICIO,NB_PARROQUIA,CO_MUNICIPIO) values (758,null,null,to_timestamp('09/06/15','DD/MM/RR HH12:MI:SS,FF AM'),'ARAYA',236);
Insert into C004T_PARROQUIA (CO_PARROQUIA,TX_DESCRIPCION,FE_FIN,FE_INICIO,NB_PARROQUIA,CO_MUNICIPIO) values (759,null,null,to_timestamp('09/06/15','DD/MM/RR HH12:MI:SS,FF AM'),'CHACOPATA',236);
Insert into C004T_PARROQUIA (CO_PARROQUIA,TX_DESCRIPCION,FE_FIN,FE_INICIO,NB_PARROQUIA,CO_MUNICIPIO) values (760,null,null,to_timestamp('09/06/15','DD/MM/RR HH12:MI:SS,FF AM'),'MANICUARE',236);
Insert into C004T_PARROQUIA (CO_PARROQUIA,TX_DESCRIPCION,FE_FIN,FE_INICIO,NB_PARROQUIA,CO_MUNICIPIO) values (774,null,null,to_timestamp('09/06/15','DD/MM/RR HH12:MI:SS,FF AM'),'CATUARO',241);
Insert into C004T_PARROQUIA (CO_PARROQUIA,TX_DESCRIPCION,FE_FIN,FE_INICIO,NB_PARROQUIA,CO_MUNICIPIO) values (775,null,null,to_timestamp('09/06/15','DD/MM/RR HH12:MI:SS,FF AM'),'RENDÓN',241);
Insert into C004T_PARROQUIA (CO_PARROQUIA,TX_DESCRIPCION,FE_FIN,FE_INICIO,NB_PARROQUIA,CO_MUNICIPIO) values (778,null,null,to_timestamp('09/06/15','DD/MM/RR HH12:MI:SS,FF AM'),'VILLA FRONTADO (MUELLE DE CARIACO)',241);
Insert into C004T_PARROQUIA (CO_PARROQUIA,TX_DESCRIPCION,FE_FIN,FE_INICIO,NB_PARROQUIA,CO_MUNICIPIO) values (789,null,null,to_timestamp('09/06/15','DD/MM/RR HH12:MI:SS,FF AM'),'AYACUCHO',245);
Insert into C004T_PARROQUIA (CO_PARROQUIA,TX_DESCRIPCION,FE_FIN,FE_INICIO,NB_PARROQUIA,CO_MUNICIPIO) values (790,null,null,to_timestamp('09/06/15','DD/MM/RR HH12:MI:SS,FF AM'),'RIVAS BERTI',245);
Insert into C004T_PARROQUIA (CO_PARROQUIA,TX_DESCRIPCION,FE_FIN,FE_INICIO,NB_PARROQUIA,CO_MUNICIPIO) values (791,null,null,to_timestamp('09/06/15','DD/MM/RR HH12:MI:SS,FF AM'),'SAN PEDRO DEL R??O',245);
Insert into C004T_PARROQUIA (CO_PARROQUIA,TX_DESCRIPCION,FE_FIN,FE_INICIO,NB_PARROQUIA,CO_MUNICIPIO) values (800,null,null,to_timestamp('09/06/15','DD/MM/RR HH12:MI:SS,FF AM'),'BOCONÓ',249);
Insert into C004T_PARROQUIA (CO_PARROQUIA,TX_DESCRIPCION,FE_FIN,FE_INICIO,NB_PARROQUIA,CO_MUNICIPIO) values (801,null,null,to_timestamp('09/06/15','DD/MM/RR HH12:MI:SS,FF AM'),'DARÍO MALDONADO',249);
Insert into C004T_PARROQUIA (CO_PARROQUIA,TX_DESCRIPCION,FE_FIN,FE_INICIO,NB_PARROQUIA,CO_MUNICIPIO) values (802,null,null,to_timestamp('09/06/15','DD/MM/RR HH12:MI:SS,FF AM'),'HERNÁNDEZ',249);
Insert into C004T_PARROQUIA (CO_PARROQUIA,TX_DESCRIPCION,FE_FIN,FE_INICIO,NB_PARROQUIA,CO_MUNICIPIO) values (803,null,null,to_timestamp('09/06/15','DD/MM/RR HH12:MI:SS,FF AM'),'ALBERTO ADRIANI',250);
Insert into C004T_PARROQUIA (CO_PARROQUIA,TX_DESCRIPCION,FE_FIN,FE_INICIO,NB_PARROQUIA,CO_MUNICIPIO) values (804,null,null,to_timestamp('09/06/15','DD/MM/RR HH12:MI:SS,FF AM'),'FERNÁNDEZ FEO',250);
Insert into C004T_PARROQUIA (CO_PARROQUIA,TX_DESCRIPCION,FE_FIN,FE_INICIO,NB_PARROQUIA,CO_MUNICIPIO) values (805,null,null,to_timestamp('09/06/15','DD/MM/RR HH12:MI:SS,FF AM'),'SANTO DOMINGO',250);
Insert into C004T_PARROQUIA (CO_PARROQUIA,TX_DESCRIPCION,FE_FIN,FE_INICIO,NB_PARROQUIA,CO_MUNICIPIO) values (806,null,null,to_timestamp('09/06/15','DD/MM/RR HH12:MI:SS,FF AM'),'BOCA DE GRITA',251);
Insert into C004T_PARROQUIA (CO_PARROQUIA,TX_DESCRIPCION,FE_FIN,FE_INICIO,NB_PARROQUIA,CO_MUNICIPIO) values (807,null,null,to_timestamp('09/06/15','DD/MM/RR HH12:MI:SS,FF AM'),'GARCÍA DE HEVIA',251);
Insert into C004T_PARROQUIA (CO_PARROQUIA,TX_DESCRIPCION,FE_FIN,FE_INICIO,NB_PARROQUIA,CO_MUNICIPIO) values (808,null,null,to_timestamp('09/06/15','DD/MM/RR HH12:MI:SS,FF AM'),'JOSÉ ANTONIO PÁEZ',251);
Insert into C004T_PARROQUIA (CO_PARROQUIA,TX_DESCRIPCION,FE_FIN,FE_INICIO,NB_PARROQUIA,CO_MUNICIPIO) values (812,null,null,to_timestamp('09/06/15','DD/MM/RR HH12:MI:SS,FF AM'),'EMILIO CONSTANTINO GUERRERO',254);
Insert into C004T_PARROQUIA (CO_PARROQUIA,TX_DESCRIPCION,FE_FIN,FE_INICIO,NB_PARROQUIA,CO_MUNICIPIO) values (813,null,null,to_timestamp('09/06/15','DD/MM/RR HH12:MI:SS,FF AM'),'JÁUREGUI',254);
Insert into C004T_PARROQUIA (CO_PARROQUIA,TX_DESCRIPCION,FE_FIN,FE_INICIO,NB_PARROQUIA,CO_MUNICIPIO) values (814,null,null,to_timestamp('09/06/15','DD/MM/RR HH12:MI:SS,FF AM'),'JOSÉ MARÍA VARGAS',254);
Insert into C004T_PARROQUIA (CO_PARROQUIA,TX_DESCRIPCION,FE_FIN,FE_INICIO,NB_PARROQUIA,CO_MUNICIPIO) values (815,null,null,to_timestamp('09/06/15','DD/MM/RR HH12:MI:SS,FF AM'),'MONSEÑOR MIGUEL ANTONIO SALAS',254);
Insert into C004T_PARROQUIA (CO_PARROQUIA,TX_DESCRIPCION,FE_FIN,FE_INICIO,NB_PARROQUIA,CO_MUNICIPIO) values (816,null,null,to_timestamp('09/06/15','DD/MM/RR HH12:MI:SS,FF AM'),'BRAMÓN',255);

	INSERT INTO C006T_TIPO_OFICINA (CO_TIPO_OFICINA,TX_DESCRIPCION,IDEN_TIPO_OFICINA,FE_FIN,FE_INICIO,NB_OFICINA) values (1,'OFICINA DE REGISTRO CIVIL MUNICIPAL','MUNIC',null,'2016-01-01','MUNICIPAL');
	INSERT INTO C006T_TIPO_OFICINA (CO_TIPO_OFICINA,TX_DESCRIPCION,IDEN_TIPO_OFICINA,FE_FIN,FE_INICIO,NB_OFICINA) values (2,'UNIDAD DE REGISTRO CIVIL PARROQUIAL','PARRO',null,'2016-01-01','PARROQUIAL');
	INSERT INTO C006T_TIPO_OFICINA (CO_TIPO_OFICINA,TX_DESCRIPCION,IDEN_TIPO_OFICINA,FE_FIN,FE_INICIO,NB_OFICINA) values (3,'OFICINA DE REGISTRO CIVIL NACIONAL','NACIONAL',null,'2016-01-01','NACIONAL');
	INSERT INTO C006T_TIPO_OFICINA (CO_TIPO_OFICINA,TX_DESCRIPCION,IDEN_TIPO_OFICINA,FE_FIN,FE_INICIO,NB_OFICINA) values (4,'OFICINA DE REGISTRO CIVIL REGIONAL','REGIONAL',null,'2016-01-01','REGIONAL');
	INSERT INTO C006T_TIPO_OFICINA (CO_TIPO_OFICINA,TX_DESCRIPCION,IDEN_TIPO_OFICINA,FE_FIN,FE_INICIO,NB_OFICINA) values (5,'OFICINA MÓVIL','MOVIL',null,'2016-01-01','MÓVIL');
	INSERT INTO C006T_TIPO_OFICINA (CO_TIPO_OFICINA,TX_DESCRIPCION,IDEN_TIPO_OFICINA,FE_FIN,FE_INICIO,NB_OFICINA) values (6,'OFICINA CONSULAR','CONSULAR',null,'2016-01-01','CONSULAR');
	INSERT INTO C006T_TIPO_OFICINA (CO_TIPO_OFICINA,TX_DESCRIPCION,IDEN_TIPO_OFICINA,FE_FIN,FE_INICIO,NB_OFICINA) values (7,'OFICINA DE REGISTRO CIVIL EN ESTABLECIMIENTO DE SALUD','URCES',null,'2016-01-01','OFICINA DE REGISTRO CIVIL EN ESTABLECIMIENTO DE SALUD');
	INSERT INTO C006T_TIPO_OFICINA (CO_TIPO_OFICINA,TX_DESCRIPCION,IDEN_TIPO_OFICINA,FE_FIN,FE_INICIO,NB_OFICINA) values (8,'OFICINA ACCIDENTAL ESTRATÉGICA','ACCID',null,'2016-01-01','ACCIDENTAL ESTRATÉGICA');
	INSERT INTO C006T_TIPO_OFICINA (CO_TIPO_OFICINA,TX_DESCRIPCION,IDEN_TIPO_OFICINA,FE_FIN,FE_INICIO,NB_OFICINA) values (9,'OFICINA DE REGISTRO CIVIL REGIONAL','REGIONAL',null,'2016-01-01','REGIONAL');
	INSERT INTO C006T_TIPO_OFICINA (CO_TIPO_OFICINA,TX_DESCRIPCION,IDEN_TIPO_OFICINA,FE_FIN,FE_INICIO,NB_OFICINA) values (10,'OFICINA ACCIDENTAL FORENCE','MFORE',null,'2016-01-01','ACCIDENTAL FORENCE');
	INSERT INTO C006T_TIPO_OFICINA (CO_TIPO_OFICINA,TX_DESCRIPCION,IDEN_TIPO_OFICINA,FE_FIN,FE_INICIO,NB_OFICINA) values (11,'OFICINA ACCIDENTAL DE CEMENTERIO','CEMENT',null,'2016-01-01','ACCIDENTAL DE CEMENTERIO');
	INSERT INTO C006T_TIPO_OFICINA (CO_TIPO_OFICINA,TX_DESCRIPCION,IDEN_TIPO_OFICINA,FE_FIN,FE_INICIO,NB_OFICINA) values (12,'OFICINA ACCIDENTAL INDÍGENA','INDI',null,'2016-01-01','ACCIDENTAL INDÍGENA');

	INSERT into C007T_TIPO_FUNCIONARIO (C007PK_TIPO_FUNCIONARIO,CO_TIPO_FUNCIONARIO,TX_DESCRIPCION,FE_FIN,FE_INICIO,NB_TIPO_FUNCIONARIO) values ('1','A','PERSONAL DE AREA DE INSCRIPCION',null,'2015-06-09','PERSONAL DE ÁREA DE INSCRIPCIÓN');
	INSERT into C007T_TIPO_FUNCIONARIO (C007PK_TIPO_FUNCIONARIO,CO_TIPO_FUNCIONARIO,TX_DESCRIPCION,FE_FIN,FE_INICIO,NB_TIPO_FUNCIONARIO) values ('2','D','DIRECTOR',null,'2016-06-27','DIRECTOR');


	INSERT into C008T_NACIONALIDAD (CO_NACIONALIDAD,CO_NACIONALIDAD,TX_DESCRIPCION,FE_FIN,FE_INICIO,NB_NACIONALIDAD) values ('1','1','DESCRIPCION NACIONALIDAD',null,'2015-06-09','AFGANA');
	INSERT into C008T_NACIONALIDAD (CO_NACIONALIDAD,CO_NACIONALIDAD,TX_DESCRIPCION,FE_FIN,FE_INICIO,NB_NACIONALIDAD) values ('2','2','DESCRIPCION NACIONALIDAD',null,'2015-06-09','ALBANESA');
	INSERT into C008T_NACIONALIDAD (CO_NACIONALIDAD,CO_NACIONALIDAD,TX_DESCRIPCION,FE_FIN,FE_INICIO,NB_NACIONALIDAD) values ('3','3','DESCRIPCION NACIONALIDAD',null,'2015-06-09','ALEMANA');
	INSERT into C008T_NACIONALIDAD (CO_NACIONALIDAD,CO_NACIONALIDAD,TX_DESCRIPCION,FE_FIN,FE_INICIO,NB_NACIONALIDAD) values ('4','4','DESCRIPCION NACIONALIDAD',null,'2015-06-09','ANDORRANA');
	INSERT into C008T_NACIONALIDAD (CO_NACIONALIDAD,CO_NACIONALIDAD,TX_DESCRIPCION,FE_FIN,FE_INICIO,NB_NACIONALIDAD) values ('5','5','DESCRIPCION NACIONALIDAD',null,'2015-06-09','ANGOLEÑA');
	INSERT into C008T_NACIONALIDAD (CO_NACIONALIDAD,CO_NACIONALIDAD,TX_DESCRIPCION,FE_FIN,FE_INICIO,NB_NACIONALIDAD) values ('6','6','DESCRIPCION NACIONALIDAD',null,'2015-06-09','ARGELINA');
	INSERT into C008T_NACIONALIDAD (CO_NACIONALIDAD,CO_NACIONALIDAD,TX_DESCRIPCION,FE_FIN,FE_INICIO,NB_NACIONALIDAD) values ('7','7','DESCRIPCION NACIONALIDAD',null,'2015-06-09','ARGENTINA');
	INSERT into C008T_NACIONALIDAD (CO_NACIONALIDAD,CO_NACIONALIDAD,TX_DESCRIPCION,FE_FIN,FE_INICIO,NB_NACIONALIDAD) values ('8','8','DESCRIPCION NACIONALIDAD',null,'2015-06-09','ARMENIA');
	INSERT into C008T_NACIONALIDAD (CO_NACIONALIDAD,CO_NACIONALIDAD,TX_DESCRIPCION,FE_FIN,FE_INICIO,NB_NACIONALIDAD) values ('9','9','DESCRIPCION NACIONALIDAD',null,'2015-06-09','ARUBANA');
	INSERT into C008T_NACIONALIDAD (CO_NACIONALIDAD,CO_NACIONALIDAD,TX_DESCRIPCION,FE_FIN,FE_INICIO,NB_NACIONALIDAD) values ('10','10','DESCRIPCION NACIONALIDAD',null,'2015-06-09','AUSTRALIANA');
	INSERT into C008T_NACIONALIDAD (CO_NACIONALIDAD,CO_NACIONALIDAD,TX_DESCRIPCION,FE_FIN,FE_INICIO,NB_NACIONALIDAD) values ('11','11','DESCRIPCION NACIONALIDAD',null,'2015-06-09','AUSTRÍACA');
	INSERT into C008T_NACIONALIDAD (CO_NACIONALIDAD,CO_NACIONALIDAD,TX_DESCRIPCION,FE_FIN,FE_INICIO,NB_NACIONALIDAD) values ('12','12','DESCRIPCION NACIONALIDAD',null,'2015-06-09','AZERBAIYANA');
	INSERT into C008T_NACIONALIDAD (CO_NACIONALIDAD,CO_NACIONALIDAD,TX_DESCRIPCION,FE_FIN,FE_INICIO,NB_NACIONALIDAD) values ('13','13','DESCRIPCION NACIONALIDAD',null,'2015-06-09','BAHAMEÑA');
	INSERT into C008T_NACIONALIDAD (CO_NACIONALIDAD,CO_NACIONALIDAD,TX_DESCRIPCION,FE_FIN,FE_INICIO,NB_NACIONALIDAD) values ('14','14','DESCRIPCION NACIONALIDAD',null,'2015-06-09','BANGLADESÍ');
	INSERT into C008T_NACIONALIDAD (CO_NACIONALIDAD,CO_NACIONALIDAD,TX_DESCRIPCION,FE_FIN,FE_INICIO,NB_NACIONALIDAD) values ('15','15','DESCRIPCION NACIONALIDAD',null,'2015-06-09','BARBADENSE');
	INSERT into C008T_NACIONALIDAD (CO_NACIONALIDAD,CO_NACIONALIDAD,TX_DESCRIPCION,FE_FIN,FE_INICIO,NB_NACIONALIDAD) values ('16','16','DESCRIPCION NACIONALIDAD',null,'2015-06-09','BAREINÍ');
	INSERT into C008T_NACIONALIDAD (CO_NACIONALIDAD,CO_NACIONALIDAD,TX_DESCRIPCION,FE_FIN,FE_INICIO,NB_NACIONALIDAD) values ('17','17','DESCRIPCION NACIONALIDAD',null,'2015-06-09','BELGA');
	INSERT into C008T_NACIONALIDAD (CO_NACIONALIDAD,CO_NACIONALIDAD,TX_DESCRIPCION,FE_FIN,FE_INICIO,NB_NACIONALIDAD) values ('18','18','DESCRIPCION NACIONALIDAD',null,'2015-06-09','BELICEÑA');
	INSERT into C008T_NACIONALIDAD (CO_NACIONALIDAD,CO_NACIONALIDAD,TX_DESCRIPCION,FE_FIN,FE_INICIO,NB_NACIONALIDAD) values ('19','19','DESCRIPCION NACIONALIDAD',null,'2015-06-09','BIELORRUSA');
	INSERT into C008T_NACIONALIDAD (CO_NACIONALIDAD,CO_NACIONALIDAD,TX_DESCRIPCION,FE_FIN,FE_INICIO,NB_NACIONALIDAD) values ('20','20','DESCRIPCION NACIONALIDAD',null,'2015-06-09','BOLIVIANA');
	INSERT into C008T_NACIONALIDAD (CO_NACIONALIDAD,CO_NACIONALIDAD,TX_DESCRIPCION,FE_FIN,FE_INICIO,NB_NACIONALIDAD) values ('21','21','DESCRIPCION NACIONALIDAD',null,'2015-06-09','BOSNIA');
	INSERT into C008T_NACIONALIDAD (CO_NACIONALIDAD,CO_NACIONALIDAD,TX_DESCRIPCION,FE_FIN,FE_INICIO,NB_NACIONALIDAD) values ('22','22','DESCRIPCION NACIONALIDAD',null,'2015-06-09','BRASILEÑA');
	INSERT into C008T_NACIONALIDAD (CO_NACIONALIDAD,CO_NACIONALIDAD,TX_DESCRIPCION,FE_FIN,FE_INICIO,NB_NACIONALIDAD) values ('23','23','DESCRIPCION NACIONALIDAD',null,'2015-06-09','BRITÁNICA');
	INSERT into C008T_NACIONALIDAD (CO_NACIONALIDAD,CO_NACIONALIDAD,TX_DESCRIPCION,FE_FIN,FE_INICIO,NB_NACIONALIDAD) values ('24','24','DESCRIPCION NACIONALIDAD',null,'2015-06-09','BÚLGARA');
	INSERT into C008T_NACIONALIDAD (CO_NACIONALIDAD,CO_NACIONALIDAD,TX_DESCRIPCION,FE_FIN,FE_INICIO,NB_NACIONALIDAD) values ('25','25','DESCRIPCION NACIONALIDAD',null,'2015-06-09','CAMERUNESA');
	INSERT into C008T_NACIONALIDAD (CO_NACIONALIDAD,CO_NACIONALIDAD,TX_DESCRIPCION,FE_FIN,FE_INICIO,NB_NACIONALIDAD) values ('26','26','DESCRIPCION NACIONALIDAD',null,'2015-06-09','CANADIENSE');
	INSERT into C008T_NACIONALIDAD (CO_NACIONALIDAD,CO_NACIONALIDAD,TX_DESCRIPCION,FE_FIN,FE_INICIO,NB_NACIONALIDAD) values ('27','27','DESCRIPCION NACIONALIDAD',null,'2015-06-09','CHECA');
	INSERT into C008T_NACIONALIDAD (CO_NACIONALIDAD,CO_NACIONALIDAD,TX_DESCRIPCION,FE_FIN,FE_INICIO,NB_NACIONALIDAD) values ('28','28','DESCRIPCION NACIONALIDAD',null,'2015-06-09','CHILENA');
	INSERT into C008T_NACIONALIDAD (CO_NACIONALIDAD,CO_NACIONALIDAD,TX_DESCRIPCION,FE_FIN,FE_INICIO,NB_NACIONALIDAD) values ('29','29','DESCRIPCION NACIONALIDAD',null,'2015-06-09','CHINA');
	INSERT into C008T_NACIONALIDAD (CO_NACIONALIDAD,CO_NACIONALIDAD,TX_DESCRIPCION,FE_FIN,FE_INICIO,NB_NACIONALIDAD) values ('30','30','DESCRIPCION NACIONALIDAD',null,'2015-06-09','CHIPRIOTA');
	INSERT into C008T_NACIONALIDAD (CO_NACIONALIDAD,CO_NACIONALIDAD,TX_DESCRIPCION,FE_FIN,FE_INICIO,NB_NACIONALIDAD) values ('31','31','DESCRIPCION NACIONALIDAD',null,'2015-06-09','COLOMBIANA');
	INSERT into C008T_NACIONALIDAD (CO_NACIONALIDAD,CO_NACIONALIDAD,TX_DESCRIPCION,FE_FIN,FE_INICIO,NB_NACIONALIDAD) values ('32','32','DESCRIPCION NACIONALIDAD',null,'2015-06-09','COSTARRICENSE');
	INSERT into C008T_NACIONALIDAD (CO_NACIONALIDAD,CO_NACIONALIDAD,TX_DESCRIPCION,FE_FIN,FE_INICIO,NB_NACIONALIDAD) values ('33','33','DESCRIPCION NACIONALIDAD',null,'2015-06-09','CROATA');
	INSERT into C008T_NACIONALIDAD (CO_NACIONALIDAD,CO_NACIONALIDAD,TX_DESCRIPCION,FE_FIN,FE_INICIO,NB_NACIONALIDAD) values ('34','34','DESCRIPCION NACIONALIDAD',null,'2015-06-09','CUBANA');
	INSERT into C008T_NACIONALIDAD (CO_NACIONALIDAD,CO_NACIONALIDAD,TX_DESCRIPCION,FE_FIN,FE_INICIO,NB_NACIONALIDAD) values ('35','35','DESCRIPCION NACIONALIDAD',null,'2015-06-09','DANESA');
	INSERT into C008T_NACIONALIDAD (CO_NACIONALIDAD,CO_NACIONALIDAD,TX_DESCRIPCION,FE_FIN,FE_INICIO,NB_NACIONALIDAD) values ('36','36','DESCRIPCION NACIONALIDAD',null,'2015-06-09','DOMINICANA');
	INSERT into C008T_NACIONALIDAD (CO_NACIONALIDAD,CO_NACIONALIDAD,TX_DESCRIPCION,FE_FIN,FE_INICIO,NB_NACIONALIDAD) values ('37','37','DESCRIPCION NACIONALIDAD',null,'2015-06-09','DOMINIQUESA');
	INSERT into C008T_NACIONALIDAD (CO_NACIONALIDAD,CO_NACIONALIDAD,TX_DESCRIPCION,FE_FIN,FE_INICIO,NB_NACIONALIDAD) values ('38','38','DESCRIPCION NACIONALIDAD',null,'2015-06-09','ECUATOGUINEANA');
	INSERT into C008T_NACIONALIDAD (CO_NACIONALIDAD,CO_NACIONALIDAD,TX_DESCRIPCION,FE_FIN,FE_INICIO,NB_NACIONALIDAD) values ('39','39','DESCRIPCION NACIONALIDAD',null,'2015-06-09','ECUATORIANA');
	INSERT into C008T_NACIONALIDAD (CO_NACIONALIDAD,CO_NACIONALIDAD,TX_DESCRIPCION,FE_FIN,FE_INICIO,NB_NACIONALIDAD) values ('40','40','DESCRIPCION NACIONALIDAD',null,'2015-06-09','EGIPCIA');
	INSERT into C008T_NACIONALIDAD (CO_NACIONALIDAD,CO_NACIONALIDAD,TX_DESCRIPCION,FE_FIN,FE_INICIO,NB_NACIONALIDAD) values ('41','41','DESCRIPCION NACIONALIDAD',null,'2015-06-09','ESCOCESA');
	INSERT into C008T_NACIONALIDAD (CO_NACIONALIDAD,CO_NACIONALIDAD,TX_DESCRIPCION,FE_FIN,FE_INICIO,NB_NACIONALIDAD) values ('42','42','DESCRIPCION NACIONALIDAD',null,'2015-06-09','ESLOVACA');
	INSERT into C008T_NACIONALIDAD (CO_NACIONALIDAD,CO_NACIONALIDAD,TX_DESCRIPCION,FE_FIN,FE_INICIO,NB_NACIONALIDAD) values ('43','43','DESCRIPCION NACIONALIDAD',null,'2015-06-09','ESLOVENA');
	INSERT into C008T_NACIONALIDAD (CO_NACIONALIDAD,CO_NACIONALIDAD,TX_DESCRIPCION,FE_FIN,FE_INICIO,NB_NACIONALIDAD) values ('44','44','DESCRIPCION NACIONALIDAD',null,'2015-06-09','ESPAÑOLA');
	INSERT into C008T_NACIONALIDAD (CO_NACIONALIDAD,CO_NACIONALIDAD,TX_DESCRIPCION,FE_FIN,FE_INICIO,NB_NACIONALIDAD) values ('45','45','DESCRIPCION NACIONALIDAD',null,'2015-06-09','ESTADOUNIDENSE');
	INSERT into C008T_NACIONALIDAD (CO_NACIONALIDAD,CO_NACIONALIDAD,TX_DESCRIPCION,FE_FIN,FE_INICIO,NB_NACIONALIDAD) values ('46','46','DESCRIPCION NACIONALIDAD',null,'2015-06-09','ESTONIA');
	INSERT into C008T_NACIONALIDAD (CO_NACIONALIDAD,CO_NACIONALIDAD,TX_DESCRIPCION,FE_FIN,FE_INICIO,NB_NACIONALIDAD) values ('47','47','DESCRIPCION NACIONALIDAD',null,'2015-06-09','ETÍOPE');
	INSERT into C008T_NACIONALIDAD (CO_NACIONALIDAD,CO_NACIONALIDAD,TX_DESCRIPCION,FE_FIN,FE_INICIO,NB_NACIONALIDAD) values ('48','48','DESCRIPCION NACIONALIDAD',null,'2015-06-09','FILIPINA');
	INSERT into C008T_NACIONALIDAD (CO_NACIONALIDAD,CO_NACIONALIDAD,TX_DESCRIPCION,FE_FIN,FE_INICIO,NB_NACIONALIDAD) values ('49','49','DESCRIPCION NACIONALIDAD',null,'2015-06-09','FINLANDESA');
	INSERT into C008T_NACIONALIDAD (CO_NACIONALIDAD,CO_NACIONALIDAD,TX_DESCRIPCION,FE_FIN,FE_INICIO,NB_NACIONALIDAD) values ('50','50','DESCRIPCION NACIONALIDAD',null,'2015-06-09','FRANCESA');
	INSERT into C008T_NACIONALIDAD (CO_NACIONALIDAD,CO_NACIONALIDAD,TX_DESCRIPCION,FE_FIN,FE_INICIO,NB_NACIONALIDAD) values ('51','51','DESCRIPCION NACIONALIDAD',null,'2015-06-09','GEORGIANA');
	INSERT into C008T_NACIONALIDAD (CO_NACIONALIDAD,CO_NACIONALIDAD,TX_DESCRIPCION,FE_FIN,FE_INICIO,NB_NACIONALIDAD) values ('52','52','DESCRIPCION NACIONALIDAD',null,'2015-06-09','GRIEGA');
	INSERT into C008T_NACIONALIDAD (CO_NACIONALIDAD,CO_NACIONALIDAD,TX_DESCRIPCION,FE_FIN,FE_INICIO,NB_NACIONALIDAD) values ('53','53','DESCRIPCION NACIONALIDAD',null,'2015-06-09','GUATEMALTECA');
	INSERT into C008T_NACIONALIDAD (CO_NACIONALIDAD,CO_NACIONALIDAD,TX_DESCRIPCION,FE_FIN,FE_INICIO,NB_NACIONALIDAD) values ('54','54','DESCRIPCION NACIONALIDAD',null,'2015-06-09','GUYANESA');
	INSERT into C008T_NACIONALIDAD (CO_NACIONALIDAD,CO_NACIONALIDAD,TX_DESCRIPCION,FE_FIN,FE_INICIO,NB_NACIONALIDAD) values ('55','55','DESCRIPCION NACIONALIDAD',null,'2015-06-09','HAITIANA');
	INSERT into C008T_NACIONALIDAD (CO_NACIONALIDAD,CO_NACIONALIDAD,TX_DESCRIPCION,FE_FIN,FE_INICIO,NB_NACIONALIDAD) values ('56','56','DESCRIPCION NACIONALIDAD',null,'2015-06-09','HONDUREÑA');
	INSERT into C008T_NACIONALIDAD (CO_NACIONALIDAD,CO_NACIONALIDAD,TX_DESCRIPCION,FE_FIN,FE_INICIO,NB_NACIONALIDAD) values ('57','57','DESCRIPCION NACIONALIDAD',null,'2015-06-09','HÚNGARA');
	INSERT into C008T_NACIONALIDAD (CO_NACIONALIDAD,CO_NACIONALIDAD,TX_DESCRIPCION,FE_FIN,FE_INICIO,NB_NACIONALIDAD) values ('58','58','DESCRIPCION NACIONALIDAD',null,'2015-06-09','INDONESIA');
	INSERT into C008T_NACIONALIDAD (CO_NACIONALIDAD,CO_NACIONALIDAD,TX_DESCRIPCION,FE_FIN,FE_INICIO,NB_NACIONALIDAD) values ('59','59','DESCRIPCION NACIONALIDAD',null,'2015-06-09','IRLANDESA');
	INSERT into C008T_NACIONALIDAD (CO_NACIONALIDAD,CO_NACIONALIDAD,TX_DESCRIPCION,FE_FIN,FE_INICIO,NB_NACIONALIDAD) values ('60','60','DESCRIPCION NACIONALIDAD',null,'2015-06-09','ISRAELÍ');
	INSERT into C008T_NACIONALIDAD (CO_NACIONALIDAD,CO_NACIONALIDAD,TX_DESCRIPCION,FE_FIN,FE_INICIO,NB_NACIONALIDAD) values ('61','61','DESCRIPCION NACIONALIDAD',null,'2015-06-09','ITALIANA');
	INSERT into C008T_NACIONALIDAD (CO_NACIONALIDAD,CO_NACIONALIDAD,TX_DESCRIPCION,FE_FIN,FE_INICIO,NB_NACIONALIDAD) values ('62','62','DESCRIPCION NACIONALIDAD',null,'2015-06-09','JAMAIQUINA');
	INSERT into C008T_NACIONALIDAD (CO_NACIONALIDAD,CO_NACIONALIDAD,TX_DESCRIPCION,FE_FIN,FE_INICIO,NB_NACIONALIDAD) values ('63','63','DESCRIPCION NACIONALIDAD',null,'2015-06-09','JAPONESA');
	INSERT into C008T_NACIONALIDAD (CO_NACIONALIDAD,CO_NACIONALIDAD,TX_DESCRIPCION,FE_FIN,FE_INICIO,NB_NACIONALIDAD) values ('64','64','DESCRIPCION NACIONALIDAD',null,'2015-06-09','LETONA');
	INSERT into C008T_NACIONALIDAD (CO_NACIONALIDAD,CO_NACIONALIDAD,TX_DESCRIPCION,FE_FIN,FE_INICIO,NB_NACIONALIDAD) values ('65','65','DESCRIPCION NACIONALIDAD',null,'2015-06-09','LIBANESA');
	INSERT into C008T_NACIONALIDAD (CO_NACIONALIDAD,CO_NACIONALIDAD,TX_DESCRIPCION,FE_FIN,FE_INICIO,NB_NACIONALIDAD) values ('66','66','DESCRIPCION NACIONALIDAD',null,'2015-06-09','LIBERIANA');
	INSERT into C008T_NACIONALIDAD (CO_NACIONALIDAD,CO_NACIONALIDAD,TX_DESCRIPCION,FE_FIN,FE_INICIO,NB_NACIONALIDAD) values ('67','67','DESCRIPCION NACIONALIDAD',null,'2015-06-09','LIBIA');
	INSERT into C008T_NACIONALIDAD (CO_NACIONALIDAD,CO_NACIONALIDAD,TX_DESCRIPCION,FE_FIN,FE_INICIO,NB_NACIONALIDAD) values ('68','68','DESCRIPCION NACIONALIDAD',null,'2015-06-09','LITUANA');
	INSERT into C008T_NACIONALIDAD (CO_NACIONALIDAD,CO_NACIONALIDAD,TX_DESCRIPCION,FE_FIN,FE_INICIO,NB_NACIONALIDAD) values ('69','69','DESCRIPCION NACIONALIDAD',null,'2015-06-09','LUXEMBURGUESA');
	INSERT into C008T_NACIONALIDAD (CO_NACIONALIDAD,CO_NACIONALIDAD,TX_DESCRIPCION,FE_FIN,FE_INICIO,NB_NACIONALIDAD) values ('70','70','DESCRIPCION NACIONALIDAD',null,'2015-06-09','MALTESA');
	INSERT into C008T_NACIONALIDAD (CO_NACIONALIDAD,CO_NACIONALIDAD,TX_DESCRIPCION,FE_FIN,FE_INICIO,NB_NACIONALIDAD) values ('71','71','DESCRIPCION NACIONALIDAD',null,'2015-06-09','MARROQUÍ');
	INSERT into C008T_NACIONALIDAD (CO_NACIONALIDAD,CO_NACIONALIDAD,TX_DESCRIPCION,FE_FIN,FE_INICIO,NB_NACIONALIDAD) values ('72','72','DESCRIPCION NACIONALIDAD',null,'2015-06-09','MEXICANA');
	INSERT into C008T_NACIONALIDAD (CO_NACIONALIDAD,CO_NACIONALIDAD,TX_DESCRIPCION,FE_FIN,FE_INICIO,NB_NACIONALIDAD) values ('73','73','DESCRIPCION NACIONALIDAD',null,'2015-06-09','MOLDAVA');
	INSERT into C008T_NACIONALIDAD (CO_NACIONALIDAD,CO_NACIONALIDAD,TX_DESCRIPCION,FE_FIN,FE_INICIO,NB_NACIONALIDAD) values ('74','74','DESCRIPCION NACIONALIDAD',null,'2015-06-09','MONEGASCA');
	INSERT into C008T_NACIONALIDAD (CO_NACIONALIDAD,CO_NACIONALIDAD,TX_DESCRIPCION,FE_FIN,FE_INICIO,NB_NACIONALIDAD) values ('75','75','DESCRIPCION NACIONALIDAD',null,'2015-06-09','MONGOLA');
	INSERT into C008T_NACIONALIDAD (CO_NACIONALIDAD,CO_NACIONALIDAD,TX_DESCRIPCION,FE_FIN,FE_INICIO,NB_NACIONALIDAD) values ('76','76','DESCRIPCION NACIONALIDAD',null,'2015-06-09','MONTENEGRINA');
	INSERT into C008T_NACIONALIDAD (CO_NACIONALIDAD,CO_NACIONALIDAD,TX_DESCRIPCION,FE_FIN,FE_INICIO,NB_NACIONALIDAD) values ('77','77','DESCRIPCION NACIONALIDAD',null,'2015-06-09','NAMIBIA');
	INSERT into C008T_NACIONALIDAD (CO_NACIONALIDAD,CO_NACIONALIDAD,TX_DESCRIPCION,FE_FIN,FE_INICIO,NB_NACIONALIDAD) values ('78','78','DESCRIPCION NACIONALIDAD',null,'2015-06-09','NEERLANDESA');
	INSERT into C008T_NACIONALIDAD (CO_NACIONALIDAD,CO_NACIONALIDAD,TX_DESCRIPCION,FE_FIN,FE_INICIO,NB_NACIONALIDAD) values ('79','79','DESCRIPCION NACIONALIDAD',null,'2015-06-09','NEOZELANDESA');
	INSERT into C008T_NACIONALIDAD (CO_NACIONALIDAD,CO_NACIONALIDAD,TX_DESCRIPCION,FE_FIN,FE_INICIO,NB_NACIONALIDAD) values ('80','80','DESCRIPCION NACIONALIDAD',null,'2015-06-09','NICARAGÜENSE');
	INSERT into C008T_NACIONALIDAD (CO_NACIONALIDAD,CO_NACIONALIDAD,TX_DESCRIPCION,FE_FIN,FE_INICIO,NB_NACIONALIDAD) values ('81','81','DESCRIPCION NACIONALIDAD',null,'2015-06-09','NIGERIANA');
	INSERT into C008T_NACIONALIDAD (CO_NACIONALIDAD,CO_NACIONALIDAD,TX_DESCRIPCION,FE_FIN,FE_INICIO,NB_NACIONALIDAD) values ('82','82','DESCRIPCION NACIONALIDAD',null,'2015-06-09','NORCOREANA');
	INSERT into C008T_NACIONALIDAD (CO_NACIONALIDAD,CO_NACIONALIDAD,TX_DESCRIPCION,FE_FIN,FE_INICIO,NB_NACIONALIDAD) values ('83','83','DESCRIPCION NACIONALIDAD',null,'2015-06-09','NORUEGA');
	INSERT into C008T_NACIONALIDAD (CO_NACIONALIDAD,CO_NACIONALIDAD,TX_DESCRIPCION,FE_FIN,FE_INICIO,NB_NACIONALIDAD) values ('84','84','DESCRIPCION NACIONALIDAD',null,'2015-06-09','PANAMEÑA');
	INSERT into C008T_NACIONALIDAD (CO_NACIONALIDAD,CO_NACIONALIDAD,TX_DESCRIPCION,FE_FIN,FE_INICIO,NB_NACIONALIDAD) values ('85','85','DESCRIPCION NACIONALIDAD',null,'2015-06-09','PARAGUAYA');
	INSERT into C008T_NACIONALIDAD (CO_NACIONALIDAD,CO_NACIONALIDAD,TX_DESCRIPCION,FE_FIN,FE_INICIO,NB_NACIONALIDAD) values ('86','86','DESCRIPCION NACIONALIDAD',null,'2015-06-09','PERUANA');
	INSERT into C008T_NACIONALIDAD (CO_NACIONALIDAD,CO_NACIONALIDAD,TX_DESCRIPCION,FE_FIN,FE_INICIO,NB_NACIONALIDAD) values ('87','87','DESCRIPCION NACIONALIDAD',null,'2015-06-09','POLACA');
	INSERT into C008T_NACIONALIDAD (CO_NACIONALIDAD,CO_NACIONALIDAD,TX_DESCRIPCION,FE_FIN,FE_INICIO,NB_NACIONALIDAD) values ('88','88','DESCRIPCION NACIONALIDAD',null,'2015-06-09','PORTUGUESA');
	INSERT into C008T_NACIONALIDAD (CO_NACIONALIDAD,CO_NACIONALIDAD,TX_DESCRIPCION,FE_FIN,FE_INICIO,NB_NACIONALIDAD) values ('89','89','DESCRIPCION NACIONALIDAD',null,'2015-06-09','PUERTORRIQUEÑA');
	INSERT into C008T_NACIONALIDAD (CO_NACIONALIDAD,CO_NACIONALIDAD,TX_DESCRIPCION,FE_FIN,FE_INICIO,NB_NACIONALIDAD) values ('90','90','DESCRIPCION NACIONALIDAD',null,'2015-06-09','RUMANA');
	INSERT into C008T_NACIONALIDAD (CO_NACIONALIDAD,CO_NACIONALIDAD,TX_DESCRIPCION,FE_FIN,FE_INICIO,NB_NACIONALIDAD) values ('91','91','DESCRIPCION NACIONALIDAD',null,'2015-06-09','RUSA');
	INSERT into C008T_NACIONALIDAD (CO_NACIONALIDAD,CO_NACIONALIDAD,TX_DESCRIPCION,FE_FIN,FE_INICIO,NB_NACIONALIDAD) values ('92','92','DESCRIPCION NACIONALIDAD',null,'2015-06-09','SAHARAUI');
	INSERT into C008T_NACIONALIDAD (CO_NACIONALIDAD,CO_NACIONALIDAD,TX_DESCRIPCION,FE_FIN,FE_INICIO,NB_NACIONALIDAD) values ('93','93','DESCRIPCION NACIONALIDAD',null,'2015-06-09','SALVADOREÑA');
	INSERT into C008T_NACIONALIDAD (CO_NACIONALIDAD,CO_NACIONALIDAD,TX_DESCRIPCION,FE_FIN,FE_INICIO,NB_NACIONALIDAD) values ('94','94','DESCRIPCION NACIONALIDAD',null,'2015-06-09','SANCRISTOBALEÑA');
	INSERT into C008T_NACIONALIDAD (CO_NACIONALIDAD,CO_NACIONALIDAD,TX_DESCRIPCION,FE_FIN,FE_INICIO,NB_NACIONALIDAD) values ('95','95','DESCRIPCION NACIONALIDAD',null,'2015-06-09','SANTALUCIANA');
	INSERT into C008T_NACIONALIDAD (CO_NACIONALIDAD,CO_NACIONALIDAD,TX_DESCRIPCION,FE_FIN,FE_INICIO,NB_NACIONALIDAD) values ('96','96','DESCRIPCION NACIONALIDAD',null,'2015-06-09','SANVICENTINA');
	INSERT into C008T_NACIONALIDAD (CO_NACIONALIDAD,CO_NACIONALIDAD,TX_DESCRIPCION,FE_FIN,FE_INICIO,NB_NACIONALIDAD) values ('97','97','DESCRIPCION NACIONALIDAD',null,'2015-06-09','SENEGALESA');
	INSERT into C008T_NACIONALIDAD (CO_NACIONALIDAD,CO_NACIONALIDAD,TX_DESCRIPCION,FE_FIN,FE_INICIO,NB_NACIONALIDAD) values ('98','98','DESCRIPCION NACIONALIDAD',null,'2015-06-09','SERBIA');
	INSERT into C008T_NACIONALIDAD (CO_NACIONALIDAD,CO_NACIONALIDAD,TX_DESCRIPCION,FE_FIN,FE_INICIO,NB_NACIONALIDAD) values ('99','99','DESCRIPCION NACIONALIDAD',null,'2015-06-09','SIRIA');
	INSERT into C008T_NACIONALIDAD (CO_NACIONALIDAD,CO_NACIONALIDAD,TX_DESCRIPCION,FE_FIN,FE_INICIO,NB_NACIONALIDAD) values ('100','100','DESCRIPCION NACIONALIDAD',null,'2015-06-09','SUDAFRICANA');
	INSERT into C008T_NACIONALIDAD (CO_NACIONALIDAD,CO_NACIONALIDAD,TX_DESCRIPCION,FE_FIN,FE_INICIO,NB_NACIONALIDAD) values ('101','101','DESCRIPCION NACIONALIDAD',null,'2015-06-09','SUECA');
	INSERT into C008T_NACIONALIDAD (CO_NACIONALIDAD,CO_NACIONALIDAD,TX_DESCRIPCION,FE_FIN,FE_INICIO,NB_NACIONALIDAD) values ('102','102','DESCRIPCION NACIONALIDAD',null,'2015-06-09','SUIZA');
	INSERT into C008T_NACIONALIDAD (CO_NACIONALIDAD,CO_NACIONALIDAD,TX_DESCRIPCION,FE_FIN,FE_INICIO,NB_NACIONALIDAD) values ('103','103','DESCRIPCION NACIONALIDAD',null,'2015-06-09','SURCOREANA');
	INSERT into C008T_NACIONALIDAD (CO_NACIONALIDAD,CO_NACIONALIDAD,TX_DESCRIPCION,FE_FIN,FE_INICIO,NB_NACIONALIDAD) values ('104','104','DESCRIPCION NACIONALIDAD',null,'2015-06-09','SURINAMESA');
	INSERT into C008T_NACIONALIDAD (CO_NACIONALIDAD,CO_NACIONALIDAD,TX_DESCRIPCION,FE_FIN,FE_INICIO,NB_NACIONALIDAD) values ('105','105','DESCRIPCION NACIONALIDAD',null,'2015-06-09','TOGOLESA');
	INSERT into C008T_NACIONALIDAD (CO_NACIONALIDAD,CO_NACIONALIDAD,TX_DESCRIPCION,FE_FIN,FE_INICIO,NB_NACIONALIDAD) values ('106','106','DESCRIPCION NACIONALIDAD',null,'2015-06-09','TURCA');
	INSERT into C008T_NACIONALIDAD (CO_NACIONALIDAD,CO_NACIONALIDAD,TX_DESCRIPCION,FE_FIN,FE_INICIO,NB_NACIONALIDAD) values ('107','107','DESCRIPCION NACIONALIDAD',null,'2015-06-09','UCRANIANA');
	INSERT into C008T_NACIONALIDAD (CO_NACIONALIDAD,CO_NACIONALIDAD,TX_DESCRIPCION,FE_FIN,FE_INICIO,NB_NACIONALIDAD) values ('108','108','DESCRIPCION NACIONALIDAD',null,'2015-06-09','URUGUAYA');
	INSERT into C008T_NACIONALIDAD (CO_NACIONALIDAD,CO_NACIONALIDAD,TX_DESCRIPCION,FE_FIN,FE_INICIO,NB_NACIONALIDAD) values ('109','109','DESCRIPCION NACIONALIDAD',null,'2015-06-09','VENEZOLANA');
	INSERT into C008T_NACIONALIDAD (CO_NACIONALIDAD,CO_NACIONALIDAD,TX_DESCRIPCION,FE_FIN,FE_INICIO,NB_NACIONALIDAD) values ('110','110','DESCRIPCION NACIONALIDAD',null,'2015-06-09','VIETNAMITA');
	REM INSERTING into C012T_TIPO_LIBRO
	SET DEFINE OFF;
	INSERT into C012T_TIPO_LIBRO (C012PK_TIPO_LIBRO,CO_TIPO_LIBRO,TX_DESCRIPCION,FE_FIN,FE_INICIO,NB_TIPO_LIBRO) values ('2','NAC','LIBRO DE MÓDULO DE NACIMIENTO',null,'2015-08-15','NACIMIENTO');
	INSERT into C012T_TIPO_LIBRO (C012PK_TIPO_LIBRO,CO_TIPO_LIBRO,TX_DESCRIPCION,FE_FIN,FE_INICIO,NB_TIPO_LIBRO) values ('3','MAT','LIBRO DE MÓDULO DE MATRIMONIO',null,'2015-08-15','MATRIMONIO');
	INSERT into C012T_TIPO_LIBRO (C012PK_TIPO_LIBRO,CO_TIPO_LIBRO,TX_DESCRIPCION,FE_FIN,FE_INICIO,NB_TIPO_LIBRO) values ('4','DEF','LIBRO DE MÓDULO DE DEFUNCIÓN',null,'2015-08-15','DEFUNCIÓN');
	INSERT into C012T_TIPO_LIBRO (C012PK_TIPO_LIBRO,CO_TIPO_LIBRO,TX_DESCRIPCION,FE_FIN,FE_INICIO,NB_TIPO_LIBRO) values ('5','UEH','LIBRO DE UNIÓN ESTABLE DE HECHO',null,'2015-08-15','UEH (UNIÓN ESTABLE DE HECHO)');
	INSERT into C012T_TIPO_LIBRO (C012PK_TIPO_LIBRO,CO_TIPO_LIBRO,TX_DESCRIPCION,FE_FIN,FE_INICIO,NB_TIPO_LIBRO) values ('6','NYC','LIBRO DE NACIONALIDAD Y CAPACIDAD',null,'2015-08-15','NACIONALIDAD Y CAPACIDAD');
	INSERT into C012T_TIPO_LIBRO (C012PK_TIPO_LIBRO,CO_TIPO_LIBRO,TX_DESCRIPCION,FE_FIN,FE_INICIO,NB_TIPO_LIBRO) values ('7','RYE','LIBRO DE RESIDENCIA Y EXTRANJERÍA',null,'2015-08-15','RESIDENCIA Y EXTRANJERÍA');


	INSERT into C013T_MODULO (C013PK_MODULO,CO_MODULO,TX_DESCRIPCION,FE_FIN,FE_INICIO,NB_MODULO) values ('1','NACIM','MODULO DE NACIMIENTO',null,'2015-06-15','NACIMIENTO');
	INSERT into C013T_MODULO (C013PK_MODULO,CO_MODULO,TX_DESCRIPCION,FE_FIN,FE_INICIO,NB_MODULO) values ('2','MATRI','MODULO DE MATRIMONIO',null,'2015-06-15','MATRIMONIO');
	INSERT into C013T_MODULO (C013PK_MODULO,CO_MODULO,TX_DESCRIPCION,FE_FIN,FE_INICIO,NB_MODULO) values ('3','MDUEH','MODULO DE UNION ESTABLE DE HECHO',null,'2015-06-15','UNIÓN ESTABLE DE HECHO (UEH)');
	INSERT into C013T_MODULO (C013PK_MODULO,CO_MODULO,TX_DESCRIPCION,FE_FIN,FE_INICIO,NB_MODULO) values ('4','REYEX','MODULO DE RESIDENCIA Y EXTRANJERIA',null,'2015-06-15','RESIDENCIA Y EXTRANJERÍA');
	INSERT into C013T_MODULO (C013PK_MODULO,CO_MODULO,TX_DESCRIPCION,FE_FIN,FE_INICIO,NB_MODULO) values ('5','NACCA','MODULO DE NACIONALIDAD Y CAPACIDAD',null,'2015-06-15','NACIONALIDAD Y CAPACIDAD');
	INSERT into C013T_MODULO (C013PK_MODULO,CO_MODULO,TX_DESCRIPCION,FE_FIN,FE_INICIO,NB_MODULO) values ('6','DEFUN','MODULO DE DEFUNCION',null,'2015-06-15','DEFUNCIÓN');
	INSERT into C013T_MODULO (C013PK_MODULO,CO_MODULO,TX_DESCRIPCION,FE_FIN,FE_INICIO,NB_MODULO) values ('7','NOTAS','MODULO DE NOTAS MARGINALES',null,'2015-06-15','NOTAS MARGINALES');
	INSERT into C013T_MODULO (C013PK_MODULO,CO_MODULO,TX_DESCRIPCION,FE_FIN,FE_INICIO,NB_MODULO) values ('8','GESAC','MODULO DE GESTION DE ACTAS',null,'2015-06-15','GESTIÓN DE ACTAS');

	INSERT into C033T_ROL (CO_ROL,CO_ROL,TX_DESCRIPCION,FE_FIN,FE_INICIO,NB_ROL) values ('1','R_REG','REGISTRADOR(A) CIVIL',null,'2015-06-15','REGISTRADOR(A) CIVIL');
	INSERT into C033T_ROL (CO_ROL,CO_ROL,TX_DESCRIPCION,FE_FIN,FE_INICIO,NB_ROL) values ('2','R_PRO','PROFESIONAL DE INSCRIPCION',null,'2015-06-15','PROFESIONAL DE INSCRIPCION');
	INSERT into C033T_ROL (CO_ROL,CO_ROL,TX_DESCRIPCION,FE_FIN,FE_INICIO,NB_ROL) values ('3','R_AST','ASISTENTE DE ATENCION',null,'2015-06-15','ASISTENTE DE ATENCION');

	INSERT into C014T_TRAMITE (CO_TRAMITE,CO_TRAMITE,TX_DESCRIPCION,FE_FIN,FE_INICIO,NB_TRAMITE,C013PK_MODULO) values ('38','INSCA','INSERTAR CAPACIDAD',null,'2015-06-15','INSERTAR CAPACIDAD','5');
	INSERT into C014T_TRAMITE (CO_TRAMITE,CO_TRAMITE,TX_DESCRIPCION,FE_FIN,FE_INICIO,NB_TRAMITE,C013PK_MODULO) values ('1','RNACI','REGISTRO DE NACIMIENTO',null,'2015-06-15','REGISTRAR NACIMIENTO','1');
	INSERT into C014T_TRAMITE (CO_TRAMITE,CO_TRAMITE,TX_DESCRIPCION,FE_FIN,FE_INICIO,NB_TRAMITE,C013PK_MODULO) values ('2','RADOP','REGISTRO DE ADOPCION',null,'2015-06-15','REGISTRAR ADOPCIÓN','1');
	INSERT into C014T_TRAMITE (CO_TRAMITE,CO_TRAMITE,TX_DESCRIPCION,FE_FIN,FE_INICIO,NB_TRAMITE,C013PK_MODULO) values ('3','RRECO','REGISTRO DE RECONOCIMIENTO',null,'2015-06-15','REGISTRAR RECONOCIMIENTO','1');
	INSERT into C014T_TRAMITE (CO_TRAMITE,CO_TRAMITE,TX_DESCRIPCION,FE_FIN,FE_INICIO,NB_TRAMITE,C013PK_MODULO) values ('4','RRFIL','REGISTRO DE RECOMPOSICION DE FILIACION',null,'2015-06-15','REGISTRAR RECOMPOSICIÓN DE FILIACIÓN','1');
	INSERT into C014T_TRAMITE (CO_TRAMITE,CO_TRAMITE,TX_DESCRIPCION,FE_FIN,FE_INICIO,NB_TRAMITE,C013PK_MODULO) values ('5','RMA18','REGISTRO DE MAYOR DE 18 A?OS',null,'2015-06-15','REGISTRAR MAYOR DE EDAD','1');
	INSERT into C014T_TRAMITE (CO_TRAMITE,CO_TRAMITE,TX_DESCRIPCION,FE_FIN,FE_INICIO,NB_TRAMITE,C013PK_MODULO) values ('7','RMATR','REGISTRO DE MATRIMONIO',null,'2015-06-15','REGISTRAR MATRIMONIO','2');
	INSERT into C014T_TRAMITE (CO_TRAMITE,CO_TRAMITE,TX_DESCRIPCION,FE_FIN,FE_INICIO,NB_TRAMITE,C013PK_MODULO) values ('9','REUEH','REGISTRO DE UEH',null,'2015-06-15','REGISTRAR UEH','3');
	INSERT into C014T_TRAMITE (CO_TRAMITE,CO_TRAMITE,TX_DESCRIPCION,FE_FIN,FE_INICIO,NB_TRAMITE,C013PK_MODULO) values ('10','RDUEH','REGISTRO DE UEH',null,'2015-06-15','REGISTRAR DISOLUCIÓN DE LA UEH','3');
	INSERT into C014T_TRAMITE (CO_TRAMITE,CO_TRAMITE,TX_DESCRIPCION,FE_FIN,FE_INICIO,NB_TRAMITE,C013PK_MODULO) values ('11','IRESI','INSCRIPCION DE RESIDENCIA',null,'2015-06-15','INSCRIBIR RESIDENCIA','4');
	INSERT into C014T_TRAMITE (CO_TRAMITE,CO_TRAMITE,TX_DESCRIPCION,FE_FIN,FE_INICIO,NB_TRAMITE,C013PK_MODULO) values ('12','ICMTP','INSCRIPCION DE CONDICION DE MIGRANTE TEMPORAL O PERMANENTE',null,'2015-06-15','INSCRIBIR CONDICIÓN DE MIGRANTE TEMPORAL O PERMANENTE','4');
	INSERT into C014T_TRAMITE (CO_TRAMITE,CO_TRAMITE,TX_DESCRIPCION,FE_FIN,FE_INICIO,NB_TRAMITE,C013PK_MODULO) values ('13','IDANV','INSCRICION PARA ACOJERSE A LA NACIONALIDAD VENEZOLANA',null,'2015-06-15','INSCRIBIR DECLARACIÓN DE ACOGERSE A LA NACIONALIDAD VENEZOLANA','5');
	INSERT into C014T_TRAMITE (CO_TRAMITE,CO_TRAMITE,TX_DESCRIPCION,FE_FIN,FE_INICIO,NB_TRAMITE,C013PK_MODULO) values ('14','ICNCN','INSCRIPCION CARTA DE NATURALEZA O CERTIFICADO DE NATURALIZACIÓN',null,'2015-06-15','INSCRIBIR CARTA DE NATURALEZA O CERTIFICADO DE NATURALIZACIÓN','5');
	INSERT into C014T_TRAMITE (CO_TRAMITE,CO_TRAMITE,TX_DESCRIPCION,FE_FIN,FE_INICIO,NB_TRAMITE,C013PK_MODULO) values ('15','RRNAC','REGISTRO RENUNCIA a LA NACIONALIDAD',null,'2015-06-15','REGISTRAR RENUNCIA A LA NACIONALIDAD','5');
	INSERT into C014T_TRAMITE (CO_TRAMITE,CO_TRAMITE,TX_DESCRIPCION,FE_FIN,FE_INICIO,NB_TRAMITE,C013PK_MODULO) values ('16','IRENA','INSCRIPCION RECUPERACIÓN DE LA NACIONALIDAD',null,'2015-06-15','INSCRIBIR RECUPERACIÓN DE LA NACIONALIDAD','5');
	INSERT into C014T_TRAMITE (CO_TRAMITE,CO_TRAMITE,TX_DESCRIPCION,FE_FIN,FE_INICIO,NB_TRAMITE,C013PK_MODULO) values ('17','RDEFU','REGISTRO DE DEFUNCIÓN',null,'2015-06-15','REGISTRAR DEFUNCIÓN','6');
	INSERT into C014T_TRAMITE (CO_TRAMITE,CO_TRAMITE,TX_DESCRIPCION,FE_FIN,FE_INICIO,NB_TRAMITE,C013PK_MODULO) values ('18','EPDIC','Permiso inhumación y/o cremación',null,'2015-06-15','PERMISO INHUMACIÓN Y/O CREMACIÓN','6');
	INSERT into C014T_TRAMITE (CO_TRAMITE,CO_TRAMITE,TX_DESCRIPCION,FE_FIN,FE_INICIO,NB_TRAMITE,C013PK_MODULO) values ('20','RPMAT','RECONOCIMIENTO POR MATRIMONIO',null,'2015-06-15','RECONOCIMIENTO POR MATRIMONIO','7');
	INSERT into C014T_TRAMITE (CO_TRAMITE,CO_TRAMITE,TX_DESCRIPCION,FE_FIN,FE_INICIO,NB_TRAMITE,C013PK_MODULO) values ('21','NMUEH','UEH',null,'2015-06-15','UEH','7');
	INSERT into C014T_TRAMITE (CO_TRAMITE,CO_TRAMITE,TX_DESCRIPCION,FE_FIN,FE_INICIO,NB_TRAMITE,C013PK_MODULO) values ('22','DPUAU','DOCUMENTO PÚBLICO O AUTÉNTICO',null,'2015-06-15','DOCUMENTO PÚBLICO O AUTÉNTICO','7');
	INSERT into C014T_TRAMITE (CO_TRAMITE,CO_TRAMITE,TX_DESCRIPCION,FE_FIN,FE_INICIO,NB_TRAMITE,C013PK_MODULO) values ('23','PDJOF','POR DECISIÓN JUDICIAL QUE ORDENA LA FILIACIÓN',null,'2015-06-15','POR DECISIÓN JUDICIAL QUE ORDENA LA FILIACIÓN','7');
	INSERT into C014T_TRAMITE (CO_TRAMITE,CO_TRAMITE,TX_DESCRIPCION,FE_FIN,FE_INICIO,NB_TRAMITE,C013PK_MODULO) values ('24','RAPDJ','RECTIFICAR ACTA (POR DECISIÓN JUDICIAL)',null,'2015-06-15','RECTIFICAR ACTA (POR DECISIÓN JUDICIAL)','7');
	INSERT into C014T_TRAMITE (CO_TRAMITE,CO_TRAMITE,TX_DESCRIPCION,FE_FIN,FE_INICIO,NB_TRAMITE,C013PK_MODULO) values ('25','NAPDJ','NULIDAD DE ACTA (POR DECISIÓN JUDICIAL)',null,'2015-06-15','NULIDAD DE ACTA (POR DECISIÓN JUDICIAL)','7');
	INSERT into C014T_TRAMITE (CO_TRAMITE,CO_TRAMITE,TX_DESCRIPCION,FE_FIN,FE_INICIO,NB_TRAMITE,C013PK_MODULO) values ('26','NMDDM','DISOLUCIÓN DEL MATRIMONIO',null,'2015-06-15','DISOLUCIÓN DEL MATRIMONIO','7');
	INSERT into C014T_TRAMITE (CO_TRAMITE,CO_TRAMITE,TX_DESCRIPCION,FE_FIN,FE_INICIO,NB_TRAMITE,C013PK_MODULO) values ('27','NMPSC','SEPARACIÓN DE CUERPOS',null,'2015-06-15','SEPARACIÓN DE CUERPOS','7');
	INSERT into C014T_TRAMITE (CO_TRAMITE,CO_TRAMITE,TX_DESCRIPCION,FE_FIN,FE_INICIO,NB_TRAMITE,C013PK_MODULO) values ('28','DSESC','POR DECISIÓN JUDICIAL QUE DEJA SIN EFECTO LA SEPARACIÓN DE CUERPOS',null,'2015-06-15','POR DECISIÓN JUDICIAL QUE DEJA SIN EFECTO LA SEPARACIÓN DE CUERPOS','7');
	INSERT into C014T_TRAMITE (CO_TRAMITE,CO_TRAMITE,TX_DESCRIPCION,FE_FIN,FE_INICIO,NB_TRAMITE,C013PK_MODULO) values ('29','DSEDM','POR DECISIÓN JUDICIAL QUE DEJA SIN EFECTO LA DEFUNCIÓN, PRESUNCIÓN DE MUERTE, DECLARACIÓN DE AUSENCIA O PRESUNCIÓN DE AUSENCIA',null,'2015-06-15','POR DECISIÓN JUDICIAL QUE DEJA SIN EFECTO LA DEFUNCIÓN, PRESUNCIÓN DE MUERTE, DECLARACIÓN DE AUSENCIA O PRESUNCIÓN DE AUSENCIA','7');
	INSERT into C014T_TRAMITE (CO_TRAMITE,CO_TRAMITE,TX_DESCRIPCION,FE_FIN,FE_INICIO,NB_TRAMITE,C013PK_MODULO) values ('30','DUEHJ','DISOLUCIÓN DE LA UEH (POR DECISIÓN JUDICIAL)',null,'2015-06-15','DISOLUCIÓN DE LA UEH (POR DECISIÓN JUDICIAL)','7');
	INSERT into C014T_TRAMITE (CO_TRAMITE,CO_TRAMITE,TX_DESCRIPCION,FE_FIN,FE_INICIO,NB_TRAMITE,C013PK_MODULO) values ('31','RPNDJ','REVOCATORIA O PERDIDA DE LA NACIONALIDAD (POR DECISIÓN JUDICIAL)',null,'2015-06-15','REVOCATORIA O PERDIDA DE LA NACIONALIDAD (POR DECISIÓN JUDICIAL)','7');
	INSERT into C014T_TRAMITE (CO_TRAMITE,CO_TRAMITE,TX_DESCRIPCION,FE_FIN,FE_INICIO,NB_TRAMITE,C013PK_MODULO) values ('32','RINHA','REVOCATORIA DE INTERDICCIÓN O INHABILITACIÓN',null,'2015-06-15','REVOCATORIA DE INTERDICCIÓN O INHABILITACIÓN','7');
	INSERT into C014T_TRAMITE (CO_TRAMITE,CO_TRAMITE,TX_DESCRIPCION,FE_FIN,FE_INICIO,NB_TRAMITE,C013PK_MODULO) values ('33','ECSPA','POR ACTO O HECHO QUE AFECTE EL ESTADO CIVIL DE LA PERSONA, QUE SEA SUCEPTIBLE DE INSCRIPCIÓN Y NO ESTE PREVISTO DONDE SE EFECTUARÁ SU ASIENTO',null,'2015-06-15','POR ACTO O HECHO QUE AFECTE EL ESTADO CIVIL DE LA PERSONA, QUE SEA SUCEPTIBLE DE INSCRIPCIÓN Y NO ESTE PREVISTO DONDE SE EFECTUARÁ SU ASIENTO','7');
	INSERT into C014T_TRAMITE (CO_TRAMITE,CO_TRAMITE,TX_DESCRIPCION,FE_FIN,FE_INICIO,NB_TRAMITE,C013PK_MODULO) values ('34','RAOCN','RECTIFICAR ACTA O CAMBIO DE NOMBRE',null,'2015-06-15','RECTIFICAR ACTA O CAMBIO DE NOMBRE','8');
	INSERT into C014T_TRAMITE (CO_TRAMITE,CO_TRAMITE,TX_DESCRIPCION,FE_FIN,FE_INICIO,NB_TRAMITE,C013PK_MODULO) values ('35','NAPDA','NULIDAD DE ACTA (POR DECISIÓN ADMINISTRATIVA)',null,'2015-06-15','NULIDAD DE ACTA (POR DECISIÓN ADMINISTRATIVA)','8');
	INSERT into C014T_TRAMITE (CO_TRAMITE,CO_TRAMITE,TX_DESCRIPCION,FE_FIN,FE_INICIO,NB_TRAMITE,C013PK_MODULO) values ('36','RECAC','RECONSTRUIR ACTA',null,'2015-06-15','RECONSTRUIR ACTA','8');
	INSERT into C014T_TRAMITE (CO_TRAMITE,CO_TRAMITE,TX_DESCRIPCION,FE_FIN,FE_INICIO,NB_TRAMITE,C013PK_MODULO) values ('37','GCEAC','GENERAR CERTIFICACIÓN DE ACTA',null,'2015-06-15','GENERAR CERTIFICACIÓN DE ACTA','8');


	INSERT into C015T_TLIBRO_TOFICINA (C015PK_TLIBRO_TOFICINA,TX_DESCRIPCION,FE_FIN,FE_INICIO,C012PK_TIPO_LIBRO,C006PK_TIPO_OFICINA) values ('6',null,null,'2016-08-16','2','1');
	INSERT into C015T_TLIBRO_TOFICINA (C015PK_TLIBRO_TOFICINA,TX_DESCRIPCION,FE_FIN,FE_INICIO,C012PK_TIPO_LIBRO,C006PK_TIPO_OFICINA) values ('7',null,null,'2016-08-16','2','3');
	INSERT into C015T_TLIBRO_TOFICINA (C015PK_TLIBRO_TOFICINA,TX_DESCRIPCION,FE_FIN,FE_INICIO,C012PK_TIPO_LIBRO,C006PK_TIPO_OFICINA) values ('8',null,null,'2016-08-16','2','4');
	INSERT into C015T_TLIBRO_TOFICINA (C015PK_TLIBRO_TOFICINA,TX_DESCRIPCION,FE_FIN,FE_INICIO,C012PK_TIPO_LIBRO,C006PK_TIPO_OFICINA) values ('9',null,null,'2016-08-16','2','5');
	INSERT into C015T_TLIBRO_TOFICINA (C015PK_TLIBRO_TOFICINA,TX_DESCRIPCION,FE_FIN,FE_INICIO,C012PK_TIPO_LIBRO,C006PK_TIPO_OFICINA) values ('10',null,null,'2016-08-16','3','1');
	INSERT into C015T_TLIBRO_TOFICINA (C015PK_TLIBRO_TOFICINA,TX_DESCRIPCION,FE_FIN,FE_INICIO,C012PK_TIPO_LIBRO,C006PK_TIPO_OFICINA) values ('11',null,null,'2016-08-16','3','3');
	INSERT into C015T_TLIBRO_TOFICINA (C015PK_TLIBRO_TOFICINA,TX_DESCRIPCION,FE_FIN,FE_INICIO,C012PK_TIPO_LIBRO,C006PK_TIPO_OFICINA) values ('12',null,null,'2016-08-16','3','4');
	INSERT into C015T_TLIBRO_TOFICINA (C015PK_TLIBRO_TOFICINA,TX_DESCRIPCION,FE_FIN,FE_INICIO,C012PK_TIPO_LIBRO,C006PK_TIPO_OFICINA) values ('13',null,null,'2016-08-16','4','1');
	INSERT into C015T_TLIBRO_TOFICINA (C015PK_TLIBRO_TOFICINA,TX_DESCRIPCION,FE_FIN,FE_INICIO,C012PK_TIPO_LIBRO,C006PK_TIPO_OFICINA) values ('14',null,null,'2016-08-16','4','2');
	INSERT into C015T_TLIBRO_TOFICINA (C015PK_TLIBRO_TOFICINA,TX_DESCRIPCION,FE_FIN,FE_INICIO,C012PK_TIPO_LIBRO,C006PK_TIPO_OFICINA) values ('15',null,null,'2016-08-16','4','3');
	INSERT into C015T_TLIBRO_TOFICINA (C015PK_TLIBRO_TOFICINA,TX_DESCRIPCION,FE_FIN,FE_INICIO,C012PK_TIPO_LIBRO,C006PK_TIPO_OFICINA) values ('16',null,null,'2016-08-16','4','4');
	INSERT into C015T_TLIBRO_TOFICINA (C015PK_TLIBRO_TOFICINA,TX_DESCRIPCION,FE_FIN,FE_INICIO,C012PK_TIPO_LIBRO,C006PK_TIPO_OFICINA) values ('17',null,null,'2016-08-16','4','5');
	INSERT into C015T_TLIBRO_TOFICINA (C015PK_TLIBRO_TOFICINA,TX_DESCRIPCION,FE_FIN,FE_INICIO,C012PK_TIPO_LIBRO,C006PK_TIPO_OFICINA) values ('18',null,null,'2016-08-16','5','1');
	INSERT into C015T_TLIBRO_TOFICINA (C015PK_TLIBRO_TOFICINA,TX_DESCRIPCION,FE_FIN,FE_INICIO,C012PK_TIPO_LIBRO,C006PK_TIPO_OFICINA) values ('19',null,null,'2016-08-16','5','3');
	INSERT into C015T_TLIBRO_TOFICINA (C015PK_TLIBRO_TOFICINA,TX_DESCRIPCION,FE_FIN,FE_INICIO,C012PK_TIPO_LIBRO,C006PK_TIPO_OFICINA) values ('20',null,null,'2016-08-16','5','4');
	INSERT into C015T_TLIBRO_TOFICINA (C015PK_TLIBRO_TOFICINA,TX_DESCRIPCION,FE_FIN,FE_INICIO,C012PK_TIPO_LIBRO,C006PK_TIPO_OFICINA) values ('21',null,null,'2016-08-16','6','3');
	INSERT into C015T_TLIBRO_TOFICINA (C015PK_TLIBRO_TOFICINA,TX_DESCRIPCION,FE_FIN,FE_INICIO,C012PK_TIPO_LIBRO,C006PK_TIPO_OFICINA) values ('22',null,null,'2016-08-16','7','1');
	INSERT into C015T_TLIBRO_TOFICINA (C015PK_TLIBRO_TOFICINA,TX_DESCRIPCION,FE_FIN,FE_INICIO,C012PK_TIPO_LIBRO,C006PK_TIPO_OFICINA) values ('23',null,null,'2016-08-16','7','3');
	INSERT into C015T_TLIBRO_TOFICINA (C015PK_TLIBRO_TOFICINA,TX_DESCRIPCION,FE_FIN,FE_INICIO,C012PK_TIPO_LIBRO,C006PK_TIPO_OFICINA) values ('24',null,null,'2016-08-16','7','4');

	INSERT into C029T_CIUDAD (CO_CIUDAD,CO_CIUDAD,TX_DESCRIPCION,FE_FIN,FE_INICIO,NB_CIUDAD,C001PK_PAIS) values ('1','DF','LA GRAN CARACAS','2015-01-01','2015-01-01','VENEZUELA','1');

	INSERT into C052T_TRAMITE_ROL_ESTATUS (C052PK_TRAMITE_ROL_ESTATUS,CO_TRAMITE_ROL_ESTATUS,TX_DESCRIPCION,FE_FIN,FE_INICIO,NB_TRAMITE_ROL_ESTATUS)values ('1','I','INHABILITADO',null,'2016-12-15','INHABILITADO');
	INSERT into C052T_TRAMITE_ROL_ESTATUS (C052PK_TRAMITE_ROL_ESTATUS,CO_TRAMITE_ROL_ESTATUS,TX_DESCRIPCION,FE_FIN,FE_INICIO,NB_TRAMITE_ROL_ESTATUS)values ('2','H','HABILITADO
	',null,'2016-12-15','HABILITADO');

	INSERT into C030T_TRAMITE_ROL (C030PK_TRAMITE_ROL,CO_ROL,CO_TRAMITE,C052PK_TRAMITE_ROL_ESTATUS) values ('1','1','1','2');
	INSERT into C030T_TRAMITE_ROL (C030PK_TRAMITE_ROL,CO_ROL,CO_TRAMITE,C052PK_TRAMITE_ROL_ESTATUS) values ('2','1','2','2');
	INSERT into C030T_TRAMITE_ROL (C030PK_TRAMITE_ROL,CO_ROL,CO_TRAMITE,C052PK_TRAMITE_ROL_ESTATUS) values ('3','1','3','2');
	INSERT into C030T_TRAMITE_ROL (C030PK_TRAMITE_ROL,CO_ROL,CO_TRAMITE,C052PK_TRAMITE_ROL_ESTATUS) values ('4','1','4','2');
	INSERT into C030T_TRAMITE_ROL (C030PK_TRAMITE_ROL,CO_ROL,CO_TRAMITE,C052PK_TRAMITE_ROL_ESTATUS) values ('5','1','5','2');
	INSERT into C030T_TRAMITE_ROL (C030PK_TRAMITE_ROL,CO_ROL,CO_TRAMITE,C052PK_TRAMITE_ROL_ESTATUS) values ('6','1','7','2');
	INSERT into C030T_TRAMITE_ROL (C030PK_TRAMITE_ROL,CO_ROL,CO_TRAMITE,C052PK_TRAMITE_ROL_ESTATUS) values ('7','1','9','2');
	INSERT into C030T_TRAMITE_ROL (C030PK_TRAMITE_ROL,CO_ROL,CO_TRAMITE,C052PK_TRAMITE_ROL_ESTATUS) values ('8','1','10','2');
	INSERT into C030T_TRAMITE_ROL (C030PK_TRAMITE_ROL,CO_ROL,CO_TRAMITE,C052PK_TRAMITE_ROL_ESTATUS) values ('9','1','11','2');
	INSERT into C030T_TRAMITE_ROL (C030PK_TRAMITE_ROL,CO_ROL,CO_TRAMITE,C052PK_TRAMITE_ROL_ESTATUS) values ('10','1','12','2');
	INSERT into C030T_TRAMITE_ROL (C030PK_TRAMITE_ROL,CO_ROL,CO_TRAMITE,C052PK_TRAMITE_ROL_ESTATUS) values ('11','1','13','2');
	INSERT into C030T_TRAMITE_ROL (C030PK_TRAMITE_ROL,CO_ROL,CO_TRAMITE,C052PK_TRAMITE_ROL_ESTATUS) values ('12','1','14','2');
	INSERT into C030T_TRAMITE_ROL (C030PK_TRAMITE_ROL,CO_ROL,CO_TRAMITE,C052PK_TRAMITE_ROL_ESTATUS) values ('13','1','15','2');
	INSERT into C030T_TRAMITE_ROL (C030PK_TRAMITE_ROL,CO_ROL,CO_TRAMITE,C052PK_TRAMITE_ROL_ESTATUS) values ('14','1','16','2');
	INSERT into C030T_TRAMITE_ROL (C030PK_TRAMITE_ROL,CO_ROL,CO_TRAMITE,C052PK_TRAMITE_ROL_ESTATUS) values ('15','1','17','2');
	INSERT into C030T_TRAMITE_ROL (C030PK_TRAMITE_ROL,CO_ROL,CO_TRAMITE,C052PK_TRAMITE_ROL_ESTATUS) values ('16','1','18','2');
	INSERT into C030T_TRAMITE_ROL (C030PK_TRAMITE_ROL,CO_ROL,CO_TRAMITE,C052PK_TRAMITE_ROL_ESTATUS) values ('17','1','20','2');
	INSERT into C030T_TRAMITE_ROL (C030PK_TRAMITE_ROL,CO_ROL,CO_TRAMITE,C052PK_TRAMITE_ROL_ESTATUS) values ('18','1','21','2');
	INSERT into C030T_TRAMITE_ROL (C030PK_TRAMITE_ROL,CO_ROL,CO_TRAMITE,C052PK_TRAMITE_ROL_ESTATUS) values ('19','1','22','2');
	INSERT into C030T_TRAMITE_ROL (C030PK_TRAMITE_ROL,CO_ROL,CO_TRAMITE,C052PK_TRAMITE_ROL_ESTATUS) values ('20','1','23','2');
	INSERT into C030T_TRAMITE_ROL (C030PK_TRAMITE_ROL,CO_ROL,CO_TRAMITE,C052PK_TRAMITE_ROL_ESTATUS) values ('21','1','24','2');
	INSERT into C030T_TRAMITE_ROL (C030PK_TRAMITE_ROL,CO_ROL,CO_TRAMITE,C052PK_TRAMITE_ROL_ESTATUS) values ('22','1','25','2');
	INSERT into C030T_TRAMITE_ROL (C030PK_TRAMITE_ROL,CO_ROL,CO_TRAMITE,C052PK_TRAMITE_ROL_ESTATUS) values ('23','1','26','2');
	INSERT into C030T_TRAMITE_ROL (C030PK_TRAMITE_ROL,CO_ROL,CO_TRAMITE,C052PK_TRAMITE_ROL_ESTATUS) values ('24','1','27','2');
	INSERT into C030T_TRAMITE_ROL (C030PK_TRAMITE_ROL,CO_ROL,CO_TRAMITE,C052PK_TRAMITE_ROL_ESTATUS) values ('25','1','28','2');
	INSERT into C030T_TRAMITE_ROL (C030PK_TRAMITE_ROL,CO_ROL,CO_TRAMITE,C052PK_TRAMITE_ROL_ESTATUS) values ('26','1','29','2');
	INSERT into C030T_TRAMITE_ROL (C030PK_TRAMITE_ROL,CO_ROL,CO_TRAMITE,C052PK_TRAMITE_ROL_ESTATUS) values ('27','1','30','2');
	INSERT into C030T_TRAMITE_ROL (C030PK_TRAMITE_ROL,CO_ROL,CO_TRAMITE,C052PK_TRAMITE_ROL_ESTATUS) values ('28','1','31','2');
	INSERT into C030T_TRAMITE_ROL (C030PK_TRAMITE_ROL,CO_ROL,CO_TRAMITE,C052PK_TRAMITE_ROL_ESTATUS) values ('29','1','32','2');
	INSERT into C030T_TRAMITE_ROL (C030PK_TRAMITE_ROL,CO_ROL,CO_TRAMITE,C052PK_TRAMITE_ROL_ESTATUS) values ('30','1','33','2');
	INSERT into C030T_TRAMITE_ROL (C030PK_TRAMITE_ROL,CO_ROL,CO_TRAMITE,C052PK_TRAMITE_ROL_ESTATUS) values ('31','1','34','2');
	INSERT into C030T_TRAMITE_ROL (C030PK_TRAMITE_ROL,CO_ROL,CO_TRAMITE,C052PK_TRAMITE_ROL_ESTATUS) values ('32','1','35','2');
	INSERT into C030T_TRAMITE_ROL (C030PK_TRAMITE_ROL,CO_ROL,CO_TRAMITE,C052PK_TRAMITE_ROL_ESTATUS) values ('33','1','36','2');
	INSERT into C030T_TRAMITE_ROL (C030PK_TRAMITE_ROL,CO_ROL,CO_TRAMITE,C052PK_TRAMITE_ROL_ESTATUS) values ('34','1','37','2');
	INSERT into C030T_TRAMITE_ROL (C030PK_TRAMITE_ROL,CO_ROL,CO_TRAMITE,C052PK_TRAMITE_ROL_ESTATUS) values ('35','1','38','2');
	INSERT into C030T_TRAMITE_ROL (C030PK_TRAMITE_ROL,CO_ROL,CO_TRAMITE,C052PK_TRAMITE_ROL_ESTATUS) values ('36','2','20','2');
	INSERT into C030T_TRAMITE_ROL (C030PK_TRAMITE_ROL,CO_ROL,CO_TRAMITE,C052PK_TRAMITE_ROL_ESTATUS) values ('37','2','21','2');
	INSERT into C030T_TRAMITE_ROL (C030PK_TRAMITE_ROL,CO_ROL,CO_TRAMITE,C052PK_TRAMITE_ROL_ESTATUS) values ('38','2','22','2');
	INSERT into C030T_TRAMITE_ROL (C030PK_TRAMITE_ROL,CO_ROL,CO_TRAMITE,C052PK_TRAMITE_ROL_ESTATUS) values ('39','2','23','2');
	INSERT into C030T_TRAMITE_ROL (C030PK_TRAMITE_ROL,CO_ROL,CO_TRAMITE,C052PK_TRAMITE_ROL_ESTATUS) values ('40','2','24','2');
	INSERT into C030T_TRAMITE_ROL (C030PK_TRAMITE_ROL,CO_ROL,CO_TRAMITE,C052PK_TRAMITE_ROL_ESTATUS) values ('41','2','25','2');
	INSERT into C030T_TRAMITE_ROL (C030PK_TRAMITE_ROL,CO_ROL,CO_TRAMITE,C052PK_TRAMITE_ROL_ESTATUS) values ('42','2','26','2');
	INSERT into C030T_TRAMITE_ROL (C030PK_TRAMITE_ROL,CO_ROL,CO_TRAMITE,C052PK_TRAMITE_ROL_ESTATUS) values ('43','2','27','2');
	INSERT into C030T_TRAMITE_ROL (C030PK_TRAMITE_ROL,CO_ROL,CO_TRAMITE,C052PK_TRAMITE_ROL_ESTATUS) values ('44','2','28','2');
	INSERT into C030T_TRAMITE_ROL (C030PK_TRAMITE_ROL,CO_ROL,CO_TRAMITE,C052PK_TRAMITE_ROL_ESTATUS) values ('45','2','29','2');
	INSERT into C030T_TRAMITE_ROL (C030PK_TRAMITE_ROL,CO_ROL,CO_TRAMITE,C052PK_TRAMITE_ROL_ESTATUS) values ('46','2','30','2');
	INSERT into C030T_TRAMITE_ROL (C030PK_TRAMITE_ROL,CO_ROL,CO_TRAMITE,C052PK_TRAMITE_ROL_ESTATUS) values ('47','2','31','2');
	INSERT into C030T_TRAMITE_ROL (C030PK_TRAMITE_ROL,CO_ROL,CO_TRAMITE,C052PK_TRAMITE_ROL_ESTATUS) values ('48','2','32','2');
	INSERT into C030T_TRAMITE_ROL (C030PK_TRAMITE_ROL,CO_ROL,CO_TRAMITE,C052PK_TRAMITE_ROL_ESTATUS) values ('49','2','33','2');
	INSERT into C030T_TRAMITE_ROL (C030PK_TRAMITE_ROL,CO_ROL,CO_TRAMITE,C052PK_TRAMITE_ROL_ESTATUS) values ('50','2','34','2');
	INSERT into C030T_TRAMITE_ROL (C030PK_TRAMITE_ROL,CO_ROL,CO_TRAMITE,C052PK_TRAMITE_ROL_ESTATUS) values ('51','2','35','2');
	INSERT into C030T_TRAMITE_ROL (C030PK_TRAMITE_ROL,CO_ROL,CO_TRAMITE,C052PK_TRAMITE_ROL_ESTATUS) values ('52','2','36','2');
	INSERT into C030T_TRAMITE_ROL (C030PK_TRAMITE_ROL,CO_ROL,CO_TRAMITE,C052PK_TRAMITE_ROL_ESTATUS) values ('53','2','37','2');
	INSERT into C030T_TRAMITE_ROL (C030PK_TRAMITE_ROL,CO_ROL,CO_TRAMITE,C052PK_TRAMITE_ROL_ESTATUS) values ('54','3','1','2');
	INSERT into C030T_TRAMITE_ROL (C030PK_TRAMITE_ROL,CO_ROL,CO_TRAMITE,C052PK_TRAMITE_ROL_ESTATUS) values ('55','3','2','2');
	INSERT into C030T_TRAMITE_ROL (C030PK_TRAMITE_ROL,CO_ROL,CO_TRAMITE,C052PK_TRAMITE_ROL_ESTATUS) values ('56','3','3','2');
	INSERT into C030T_TRAMITE_ROL (C030PK_TRAMITE_ROL,CO_ROL,CO_TRAMITE,C052PK_TRAMITE_ROL_ESTATUS) values ('57','3','4','2');
	INSERT into C030T_TRAMITE_ROL (C030PK_TRAMITE_ROL,CO_ROL,CO_TRAMITE,C052PK_TRAMITE_ROL_ESTATUS) values ('58','3','5','2');
	INSERT into C030T_TRAMITE_ROL (C030PK_TRAMITE_ROL,CO_ROL,CO_TRAMITE,C052PK_TRAMITE_ROL_ESTATUS) values ('59','3','7','2');
	INSERT into C030T_TRAMITE_ROL (C030PK_TRAMITE_ROL,CO_ROL,CO_TRAMITE,C052PK_TRAMITE_ROL_ESTATUS) values ('60','3','9','2');
	INSERT into C030T_TRAMITE_ROL (C030PK_TRAMITE_ROL,CO_ROL,CO_TRAMITE,C052PK_TRAMITE_ROL_ESTATUS) values ('61','3','10','2');
	INSERT into C030T_TRAMITE_ROL (C030PK_TRAMITE_ROL,CO_ROL,CO_TRAMITE,C052PK_TRAMITE_ROL_ESTATUS) values ('62','3','11','2');
	INSERT into C030T_TRAMITE_ROL (C030PK_TRAMITE_ROL,CO_ROL,CO_TRAMITE,C052PK_TRAMITE_ROL_ESTATUS) values ('63','3','12','2');
	INSERT into C030T_TRAMITE_ROL (C030PK_TRAMITE_ROL,CO_ROL,CO_TRAMITE,C052PK_TRAMITE_ROL_ESTATUS) values ('64','3','13','2');
	INSERT into C030T_TRAMITE_ROL (C030PK_TRAMITE_ROL,CO_ROL,CO_TRAMITE,C052PK_TRAMITE_ROL_ESTATUS) values ('65','3','14','2');
	INSERT into C030T_TRAMITE_ROL (C030PK_TRAMITE_ROL,CO_ROL,CO_TRAMITE,C052PK_TRAMITE_ROL_ESTATUS) values ('66','3','15','2');
	INSERT into C030T_TRAMITE_ROL (C030PK_TRAMITE_ROL,CO_ROL,CO_TRAMITE,C052PK_TRAMITE_ROL_ESTATUS) values ('67','3','16','2');
	INSERT into C030T_TRAMITE_ROL (C030PK_TRAMITE_ROL,CO_ROL,CO_TRAMITE,C052PK_TRAMITE_ROL_ESTATUS) values ('68','3','17','2');
	INSERT into C030T_TRAMITE_ROL (C030PK_TRAMITE_ROL,CO_ROL,CO_TRAMITE,C052PK_TRAMITE_ROL_ESTATUS) values ('69','3','18','2');
	INSERT into C030T_TRAMITE_ROL (C030PK_TRAMITE_ROL,CO_ROL,CO_TRAMITE,C052PK_TRAMITE_ROL_ESTATUS) values ('70','3','20','2');
	INSERT into C030T_TRAMITE_ROL (C030PK_TRAMITE_ROL,CO_ROL,CO_TRAMITE,C052PK_TRAMITE_ROL_ESTATUS) values ('71','3','21','2');
	INSERT into C030T_TRAMITE_ROL (C030PK_TRAMITE_ROL,CO_ROL,CO_TRAMITE,C052PK_TRAMITE_ROL_ESTATUS) values ('72','3','22','2');
	INSERT into C030T_TRAMITE_ROL (C030PK_TRAMITE_ROL,CO_ROL,CO_TRAMITE,C052PK_TRAMITE_ROL_ESTATUS) values ('73','3','23','2');
	INSERT into C030T_TRAMITE_ROL (C030PK_TRAMITE_ROL,CO_ROL,CO_TRAMITE,C052PK_TRAMITE_ROL_ESTATUS) values ('74','3','24','2');
	INSERT into C030T_TRAMITE_ROL (C030PK_TRAMITE_ROL,CO_ROL,CO_TRAMITE,C052PK_TRAMITE_ROL_ESTATUS) values ('75','3','25','2');
	INSERT into C030T_TRAMITE_ROL (C030PK_TRAMITE_ROL,CO_ROL,CO_TRAMITE,C052PK_TRAMITE_ROL_ESTATUS) values ('76','3','26','2');
	INSERT into C030T_TRAMITE_ROL (C030PK_TRAMITE_ROL,CO_ROL,CO_TRAMITE,C052PK_TRAMITE_ROL_ESTATUS) values ('77','3','27','2');
	INSERT into C030T_TRAMITE_ROL (C030PK_TRAMITE_ROL,CO_ROL,CO_TRAMITE,C052PK_TRAMITE_ROL_ESTATUS) values ('78','3','28','2');
	INSERT into C030T_TRAMITE_ROL (C030PK_TRAMITE_ROL,CO_ROL,CO_TRAMITE,C052PK_TRAMITE_ROL_ESTATUS) values ('79','3','29','2');
	INSERT into C030T_TRAMITE_ROL (C030PK_TRAMITE_ROL,CO_ROL,CO_TRAMITE,C052PK_TRAMITE_ROL_ESTATUS) values ('80','3','30','2');
	INSERT into C030T_TRAMITE_ROL (C030PK_TRAMITE_ROL,CO_ROL,CO_TRAMITE,C052PK_TRAMITE_ROL_ESTATUS) values ('81','3','31','2');
	INSERT into C030T_TRAMITE_ROL (C030PK_TRAMITE_ROL,CO_ROL,CO_TRAMITE,C052PK_TRAMITE_ROL_ESTATUS) values ('82','3','32','2');
	INSERT into C030T_TRAMITE_ROL (C030PK_TRAMITE_ROL,CO_ROL,CO_TRAMITE,C052PK_TRAMITE_ROL_ESTATUS) values ('83','3','33','2');
	INSERT into C030T_TRAMITE_ROL (C030PK_TRAMITE_ROL,CO_ROL,CO_TRAMITE,C052PK_TRAMITE_ROL_ESTATUS) values ('84','3','34','2');
	INSERT into C030T_TRAMITE_ROL (C030PK_TRAMITE_ROL,CO_ROL,CO_TRAMITE,C052PK_TRAMITE_ROL_ESTATUS) values ('85','3','35','2');
	INSERT into C030T_TRAMITE_ROL (C030PK_TRAMITE_ROL,CO_ROL,CO_TRAMITE,C052PK_TRAMITE_ROL_ESTATUS) values ('86','3','36','2');
	INSERT into C030T_TRAMITE_ROL (C030PK_TRAMITE_ROL,CO_ROL,CO_TRAMITE,C052PK_TRAMITE_ROL_ESTATUS) values ('87','3','37','2');
	INSERT into C030T_TRAMITE_ROL (C030PK_TRAMITE_ROL,CO_ROL,CO_TRAMITE,C052PK_TRAMITE_ROL_ESTATUS) values ('88','3','38','2');

	INSERT into C031T_ENTE_PUBLICO (C031PK_ENTE_PUBLICO,CO_ENTE_PUBLICO,TX_DESCRIPCION,FE_FIN,FE_INICIO,NB_ENTE_PUBLICO) values ('1','MIJ','MINISTERIO DE INTERIOR Y JUSTICIA',null,'2015-06-15','MINISTERIO DE INTERIOR Y JUSTICIA');
	INSERT into C031T_ENTE_PUBLICO (C031PK_ENTE_PUBLICO,CO_ENTE_PUBLICO,TX_DESCRIPCION,FE_FIN,FE_INICIO,NB_ENTE_PUBLICO) values ('2','MCI','MINISTERIO DE COMUNICACIÓN E INFORMACIÓN',null,'2015-06-15','MINISTERIO DE COMUNICACIÓN E INFORMACIÓN');
	INSERT into C031T_ENTE_PUBLICO (C031PK_ENTE_PUBLICO,CO_ENTE_PUBLICO,TX_DESCRIPCION,FE_FIN,FE_INICIO,NB_ENTE_PUBLICO) values ('3','MDC','MINISTERIO DE LA COMUNAS',null,'2015-06-15','MINISTERIO DE LA COMUNA');
	INSERT into C031T_ENTE_PUBLICO (C031PK_ENTE_PUBLICO,CO_ENTE_PUBLICO,TX_DESCRIPCION,FE_FIN,FE_INICIO,NB_ENTE_PUBLICO) values ('4','MDA','MINISTERIO DE LA ALIMENTACIÓN',null,'2015-06-15','MINISTERIO DE LA ALIMENTACIÓN');

	INSERT into C032T_TIPO_OFICINA_MODULO (C032PK_TIPO_OFICINA_MODULO,FE_FIN,FE_INICIO,TX_OBSERVACION,C013PK_MODULO,C006PK_TIPO_OFICINA) values ('1',null,'2015-06-15',null,'1','1');
	INSERT into C032T_TIPO_OFICINA_MODULO (C032PK_TIPO_OFICINA_MODULO,FE_FIN,FE_INICIO,TX_OBSERVACION,C013PK_MODULO,C006PK_TIPO_OFICINA) values ('2',null,'2015-06-15',null,'2','1');
	INSERT into C032T_TIPO_OFICINA_MODULO (C032PK_TIPO_OFICINA_MODULO,FE_FIN,FE_INICIO,TX_OBSERVACION,C013PK_MODULO,C006PK_TIPO_OFICINA) values ('3',null,'2015-06-15',null,'3','1');
	INSERT into C032T_TIPO_OFICINA_MODULO (C032PK_TIPO_OFICINA_MODULO,FE_FIN,FE_INICIO,TX_OBSERVACION,C013PK_MODULO,C006PK_TIPO_OFICINA) values ('4',null,'2015-06-15',null,'4','1');
	INSERT into C032T_TIPO_OFICINA_MODULO (C032PK_TIPO_OFICINA_MODULO,FE_FIN,FE_INICIO,TX_OBSERVACION,C013PK_MODULO,C006PK_TIPO_OFICINA) values ('5',null,'2015-06-15',null,'6','1');
	INSERT into C032T_TIPO_OFICINA_MODULO (C032PK_TIPO_OFICINA_MODULO,FE_FIN,FE_INICIO,TX_OBSERVACION,C013PK_MODULO,C006PK_TIPO_OFICINA) values ('6',null,'2015-06-15',null,'7','1');
	INSERT into C032T_TIPO_OFICINA_MODULO (C032PK_TIPO_OFICINA_MODULO,FE_FIN,FE_INICIO,TX_OBSERVACION,C013PK_MODULO,C006PK_TIPO_OFICINA) values ('7',null,'2015-06-15',null,'8','1');
	INSERT into C032T_TIPO_OFICINA_MODULO (C032PK_TIPO_OFICINA_MODULO,FE_FIN,FE_INICIO,TX_OBSERVACION,C013PK_MODULO,C006PK_TIPO_OFICINA) values ('8',null,'2015-06-15',null,'6','2');
	INSERT into C032T_TIPO_OFICINA_MODULO (C032PK_TIPO_OFICINA_MODULO,FE_FIN,FE_INICIO,TX_OBSERVACION,C013PK_MODULO,C006PK_TIPO_OFICINA) values ('9',null,'2015-06-15',null,'1','3');
	INSERT into C032T_TIPO_OFICINA_MODULO (C032PK_TIPO_OFICINA_MODULO,FE_FIN,FE_INICIO,TX_OBSERVACION,C013PK_MODULO,C006PK_TIPO_OFICINA) values ('10',null,'2015-06-15',null,'2','3');
	INSERT into C032T_TIPO_OFICINA_MODULO (C032PK_TIPO_OFICINA_MODULO,FE_FIN,FE_INICIO,TX_OBSERVACION,C013PK_MODULO,C006PK_TIPO_OFICINA) values ('11',null,'2015-06-15',null,'3','3');
	INSERT into C032T_TIPO_OFICINA_MODULO (C032PK_TIPO_OFICINA_MODULO,FE_FIN,FE_INICIO,TX_OBSERVACION,C013PK_MODULO,C006PK_TIPO_OFICINA) values ('12',null,'2015-06-15',null,'4','3');
	INSERT into C032T_TIPO_OFICINA_MODULO (C032PK_TIPO_OFICINA_MODULO,FE_FIN,FE_INICIO,TX_OBSERVACION,C013PK_MODULO,C006PK_TIPO_OFICINA) values ('13',null,'2015-06-15',null,'5','3');
	INSERT into C032T_TIPO_OFICINA_MODULO (C032PK_TIPO_OFICINA_MODULO,FE_FIN,FE_INICIO,TX_OBSERVACION,C013PK_MODULO,C006PK_TIPO_OFICINA) values ('14',null,'2015-06-15',null,'6','3');
	INSERT into C032T_TIPO_OFICINA_MODULO (C032PK_TIPO_OFICINA_MODULO,FE_FIN,FE_INICIO,TX_OBSERVACION,C013PK_MODULO,C006PK_TIPO_OFICINA) values ('15',null,'2015-06-15',null,'7','3');
	INSERT into C032T_TIPO_OFICINA_MODULO (C032PK_TIPO_OFICINA_MODULO,FE_FIN,FE_INICIO,TX_OBSERVACION,C013PK_MODULO,C006PK_TIPO_OFICINA) values ('16',null,'2015-06-15',null,'8','3');
	INSERT into C032T_TIPO_OFICINA_MODULO (C032PK_TIPO_OFICINA_MODULO,FE_FIN,FE_INICIO,TX_OBSERVACION,C013PK_MODULO,C006PK_TIPO_OFICINA) values ('17',null,'2015-06-15',null,'1','4');
	INSERT into C032T_TIPO_OFICINA_MODULO (C032PK_TIPO_OFICINA_MODULO,FE_FIN,FE_INICIO,TX_OBSERVACION,C013PK_MODULO,C006PK_TIPO_OFICINA) values ('18',null,'2015-06-15',null,'2','4');
	INSERT into C032T_TIPO_OFICINA_MODULO (C032PK_TIPO_OFICINA_MODULO,FE_FIN,FE_INICIO,TX_OBSERVACION,C013PK_MODULO,C006PK_TIPO_OFICINA) values ('19',null,'2015-06-15',null,'3','4');
	INSERT into C032T_TIPO_OFICINA_MODULO (C032PK_TIPO_OFICINA_MODULO,FE_FIN,FE_INICIO,TX_OBSERVACION,C013PK_MODULO,C006PK_TIPO_OFICINA) values ('20',null,'2015-06-15',null,'4','4');
	INSERT into C032T_TIPO_OFICINA_MODULO (C032PK_TIPO_OFICINA_MODULO,FE_FIN,FE_INICIO,TX_OBSERVACION,C013PK_MODULO,C006PK_TIPO_OFICINA) values ('21',null,'2015-06-15',null,'6','4');
	INSERT into C032T_TIPO_OFICINA_MODULO (C032PK_TIPO_OFICINA_MODULO,FE_FIN,FE_INICIO,TX_OBSERVACION,C013PK_MODULO,C006PK_TIPO_OFICINA) values ('22',null,'2015-06-15',null,'7','4');
	INSERT into C032T_TIPO_OFICINA_MODULO (C032PK_TIPO_OFICINA_MODULO,FE_FIN,FE_INICIO,TX_OBSERVACION,C013PK_MODULO,C006PK_TIPO_OFICINA) values ('23',null,'2015-06-15',null,'8','4');
	INSERT into C032T_TIPO_OFICINA_MODULO (C032PK_TIPO_OFICINA_MODULO,FE_FIN,FE_INICIO,TX_OBSERVACION,C013PK_MODULO,C006PK_TIPO_OFICINA) values ('24',null,'2015-06-15',null,'1','5');
	INSERT into C032T_TIPO_OFICINA_MODULO (C032PK_TIPO_OFICINA_MODULO,FE_FIN,FE_INICIO,TX_OBSERVACION,C013PK_MODULO,C006PK_TIPO_OFICINA) values ('25',null,'2015-06-15',null,'6','5');
	INSERT into C032T_TIPO_OFICINA_MODULO (C032PK_TIPO_OFICINA_MODULO,FE_FIN,FE_INICIO,TX_OBSERVACION,C013PK_MODULO,C006PK_TIPO_OFICINA) values ('26',null,'2015-06-15',null,'5','1');


	INSERT into C043T_SOLICITUD_ESTATUS (CO_SOLICITUD_ESTATUS,CO_SOLICITUD_ESTATUS,TX_DESCRIPCION,FE_FIN,FE_INICIO,NB_SOLICITUD_ESTATUS) values ('1','AB','ABIERTA',null,'2015-11-30','ABIERTA');
	INSERT into C043T_SOLICITUD_ESTATUS (CO_SOLICITUD_ESTATUS,CO_SOLICITUD_ESTATUS,TX_DESCRIPCION,FE_FIN,FE_INICIO,NB_SOLICITUD_ESTATUS) values ('2','CE','CERRADA',null,'2015-11-30','CERRADA');
	INSERT into C043T_SOLICITUD_ESTATUS (CO_SOLICITUD_ESTATUS,CO_SOLICITUD_ESTATUS,TX_DESCRIPCION,FE_FIN,FE_INICIO,NB_SOLICITUD_ESTATUS) values ('4','CA','CANCELADA',null,'2015-11-30','CANCELADA');
	INSERT into C043T_SOLICITUD_ESTATUS (CO_SOLICITUD_ESTATUS,CO_SOLICITUD_ESTATUS,TX_DESCRIPCION,FE_FIN,FE_INICIO,NB_SOLICITUD_ESTATUS) values ('3','PC','PARCIALMENTE CERRADA',null,'2015-11-30','PARCIALMENTE CERRADA');
	INSERT into C043T_SOLICITUD_ESTATUS (CO_SOLICITUD_ESTATUS,CO_SOLICITUD_ESTATUS,TX_DESCRIPCION,FE_FIN,FE_INICIO,NB_SOLICITUD_ESTATUS) values ('9','NC','NO CONFORME POR REGISTRADOR CIVIL',null,'2016-04-22','NO CONFORME POR REGISTRADOR CIVIL');
	INSERT into C043T_SOLICITUD_ESTATUS (CO_SOLICITUD_ESTATUS,CO_SOLICITUD_ESTATUS,TX_DESCRIPCION,FE_FIN,FE_INICIO,NB_SOLICITUD_ESTATUS) values ('6','CP','CANCELADA  POR EXPIRACION DE TIEMPO',null,'2016-04-22','CANCELADA  POR EXPIRACION DE TIEMPO');
	INSERT into C043T_SOLICITUD_ESTATUS (CO_SOLICITUD_ESTATUS,CO_SOLICITUD_ESTATUS,TX_DESCRIPCION,FE_FIN,FE_INICIO,NB_SOLICITUD_ESTATUS) values ('7','PV','PENDIENTE POR VERIFICAR R.C',null,'2016-04-22','PENDIENTE POR VERIFICAR R.C');
	INSERT into C043T_SOLICITUD_ESTATUS (CO_SOLICITUD_ESTATUS,CO_SOLICITUD_ESTATUS,TX_DESCRIPCION,FE_FIN,FE_INICIO,NB_SOLICITUD_ESTATUS) values ('8','PI','PENDIENTE POR IMPRIMIR',null,'2016-04-22','PENDIENTE POR IMPRIMIR');
	INSERT into C043T_SOLICITUD_ESTATUS (CO_SOLICITUD_ESTATUS,CO_SOLICITUD_ESTATUS,TX_DESCRIPCION,FE_FIN,FE_INICIO,NB_SOLICITUD_ESTATUS) values ('5','PA','PENDIENTE POR AUTENTICAR',null,'2016-04-22','PENDIENTE POR AUTENTICAR');
	INSERT into C043T_SOLICITUD_ESTATUS (CO_SOLICITUD_ESTATUS,CO_SOLICITUD_ESTATUS,TX_DESCRIPCION,FE_FIN,FE_INICIO,NB_SOLICITUD_ESTATUS) values ('10','PIA','PENDIENTE POR AUTENTICAR',null,'2016-07-12','PENDIENTE POR AUTENTICAR');
	INSERT into C043T_SOLICITUD_ESTATUS (CO_SOLICITUD_ESTATUS,CO_SOLICITUD_ESTATUS,TX_DESCRIPCION,FE_FIN,FE_INICIO,NB_SOLICITUD_ESTATUS) values ('11','PVA','PENDIENTE POR VERIFICAR R.C',null,'2016-07-12','PENDIENTE POR VERIFICAR R.C');
	INSERT into C043T_SOLICITUD_ESTATUS (CO_SOLICITUD_ESTATUS,CO_SOLICITUD_ESTATUS,TX_DESCRIPCION,FE_FIN,FE_INICIO,NB_SOLICITUD_ESTATUS) values ('12','PRNM','PENDIENTE POR REGISTRAR NOTA MARGINAL',null,'2016-07-26','PENDIENTE POR REGISTRAR NOTA MARGINAL ');
	INSERT into C043T_SOLICITUD_ESTATUS (CO_SOLICITUD_ESTATUS,CO_SOLICITUD_ESTATUS,TX_DESCRIPCION,FE_FIN,FE_INICIO,NB_SOLICITUD_ESTATUS) values ('13','OEO','OFICIO ENVIADO AL ÓRGANO O ENTE COMPETENTE',null,'2016-07-26','OFICIO ENVIADO AL ÓRGANO O ENTE COMPETENTE');
	INSERT into C043T_SOLICITUD_ESTATUS (CO_SOLICITUD_ESTATUS,CO_SOLICITUD_ESTATUS,TX_DESCRIPCION,FE_FIN,FE_INICIO,NB_SOLICITUD_ESTATUS) values ('14','PEA','PENDIENTE POR ELABORAR ACTA',null,'2016-07-26','PENDIENTE POR ELABORAR ACTA');

	INSERT into C044T_SOLICITANTE_TIP_DOC_DEC (CO_SOLICITANTE_TIP_DOC_DEC,CO_SOLICITANTE_TIP_DOC_DEC,TX_DESCRIPCION,FE_FIN,FE_INICIO,NB_SOLICITANTE_TIP_DOC_DEC) values ('1','CED','CÉDULA',null,'2015-12-15','CÉDULA');
	INSERT into C044T_SOLICITANTE_TIP_DOC_DEC (CO_SOLICITANTE_TIP_DOC_DEC,CO_SOLICITANTE_TIP_DOC_DEC,TX_DESCRIPCION,FE_FIN,FE_INICIO,NB_SOLICITANTE_TIP_DOC_DEC) values ('2','NUI','NUI (NÚMERO ÚNICO DE IDENTIDAD)',null,'2015-12-15','NUI (NÚMERO ÚNICO DE IDENTIDAD)');
	INSERT into C044T_SOLICITANTE_TIP_DOC_DEC (CO_SOLICITANTE_TIP_DOC_DEC,CO_SOLICITANTE_TIP_DOC_DEC,TX_DESCRIPCION,FE_FIN,FE_INICIO,NB_SOLICITANTE_TIP_DOC_DEC) values ('3','PAS','PASAPORTE',null,'2015-12-15','PASAPORTE');
	REM INSERTING into C045T_ESTATUS

	INSERT into C062T_TIPO_ESTATUS (C062PK_TIPO_ESTATUS,CO_TIPO_ESTATUS,TX_DESCRIPCION,FE_FIN,FE_INICIO,NB_TIPO_ESTATUS) values ('1','AB','ABIERTO',null,'2015-12-15','ABIERTO');

	INSERT into C045T_ESTATUS (C045PK_ESTATUS,CO_ESTATUS,TX_DESCRIPCION,FE_FIN,FE_INICIO,NB_ESTATUS,C062PK_TIPO_ESTATUS) values ('1','AB','ABIERTO',null,'2015-12-15','ABIERTO','1');
	INSERT into C045T_ESTATUS (C045PK_ESTATUS,CO_ESTATUS,TX_DESCRIPCION,FE_FIN,FE_INICIO,NB_ESTATUS,C062PK_TIPO_ESTATUS) values ('2','CE','ABIERTO',null,'2015-12-15','CERRADA','1');
INSERT INTO I033T_TIPO_GEOGRAFICO (CO_TIPO_GEOGRAFICO,TX_DESCRIPCION) VALUES (1,'País');
INSERT INTO I033T_TIPO_GEOGRAFICO (CO_TIPO_GEOGRAFICO,TX_DESCRIPCION) VALUES (2,'Estado');
INSERT INTO I033T_TIPO_GEOGRAFICO (CO_TIPO_GEOGRAFICO,TX_DESCRIPCION) VALUES (3,'Municipio');
INSERT INTO I033T_TIPO_GEOGRAFICO (CO_TIPO_GEOGRAFICO,TX_DESCRIPCION) VALUES (4,'Parroquia');
INSERT INTO I033T_TIPO_GEOGRAFICO (CO_TIPO_GEOGRAFICO,TX_DESCRIPCION) VALUES (5,'Dependencia Federal');
INSERT INTO I033T_TIPO_GEOGRAFICO (CO_TIPO_GEOGRAFICO,TX_DESCRIPCION) VALUES (6,'Inhóspito');
INSERT INTO I033T_TIPO_GEOGRAFICO (CO_TIPO_GEOGRAFICO,TX_DESCRIPCION) VALUES (7,'Embajada');

	INSERT into C045T_SOLICITANTE_TIP_DOC_ENTE (C045PK_SOLICITANTE_TIP_DOC_ENT,CO_SOLICITANTE_TIP_DOC_ENTE,TX_DESCRIPCION,FE_FIN,FE_INICIO,NB_SOLICITANTE_TIP_DOC_ENTE) values ('1','DJU','DECISIÓN JUDICIAL',null,'2015-12-15','DECISIÓN JUDICIAL');
	INSERT into C045T_SOLICITANTE_TIP_DOC_ENTE (C045PK_SOLICITANTE_TIP_DOC_ENT,CO_SOLICITANTE_TIP_DOC_ENTE,TX_DESCRIPCION,FE_FIN,FE_INICIO,NB_SOLICITANTE_TIP_DOC_ENTE) values ('2','OFI','OFICIO',null,'2015-12-15','OFICIO');
	INSERT into C045T_SOLICITANTE_TIP_DOC_ENTE (C045PK_SOLICITANTE_TIP_DOC_ENT,CO_SOLICITANTE_TIP_DOC_ENTE,TX_DESCRIPCION,FE_FIN,FE_INICIO,NB_SOLICITANTE_TIP_DOC_ENTE) values ('3','DAD','DECISIÓN ADMINISTRATIVA',null,'2015-12-15','DECISIÓN ADMINISTRATIVA');

	INSERT into C046T_ESTATUS_TRAMITE (CO_ESTATUS_TRAMITE,C045PK_ESTATUS,C046PK_ESTATUS_ANTECESOR,CO_TRAMITE) values ('2','1',null,'2');
	INSERT into C046T_ESTATUS_TRAMITE (CO_ESTATUS_TRAMITE,C045PK_ESTATUS,C046PK_ESTATUS_ANTECESOR,CO_TRAMITE) values ('3','1',null,'3');
	INSERT into C046T_ESTATUS_TRAMITE (CO_ESTATUS_TRAMITE,C045PK_ESTATUS,C046PK_ESTATUS_ANTECESOR,CO_TRAMITE) values ('4','1',null,'4');
	INSERT into C046T_ESTATUS_TRAMITE (CO_ESTATUS_TRAMITE,C045PK_ESTATUS,C046PK_ESTATUS_ANTECESOR,CO_TRAMITE) values ('5','1',null,'5');
	INSERT into C046T_ESTATUS_TRAMITE (CO_ESTATUS_TRAMITE,C045PK_ESTATUS,C046PK_ESTATUS_ANTECESOR,CO_TRAMITE) values ('7','1',null,'7');
	INSERT into C046T_ESTATUS_TRAMITE (CO_ESTATUS_TRAMITE,C045PK_ESTATUS,C046PK_ESTATUS_ANTECESOR,CO_TRAMITE) values ('9','1',null,'9');
	INSERT into C046T_ESTATUS_TRAMITE (CO_ESTATUS_TRAMITE,C045PK_ESTATUS,C046PK_ESTATUS_ANTECESOR,CO_TRAMITE) values ('10','1',null,'10');
	INSERT into C046T_ESTATUS_TRAMITE (CO_ESTATUS_TRAMITE,C045PK_ESTATUS,C046PK_ESTATUS_ANTECESOR,CO_TRAMITE) values ('11','1',null,'11');
	INSERT into C046T_ESTATUS_TRAMITE (CO_ESTATUS_TRAMITE,C045PK_ESTATUS,C046PK_ESTATUS_ANTECESOR,CO_TRAMITE) values ('12','1',null,'12');
	INSERT into C046T_ESTATUS_TRAMITE (CO_ESTATUS_TRAMITE,C045PK_ESTATUS,C046PK_ESTATUS_ANTECESOR,CO_TRAMITE) values ('13','1',null,'13');
	INSERT into C046T_ESTATUS_TRAMITE (CO_ESTATUS_TRAMITE,C045PK_ESTATUS,C046PK_ESTATUS_ANTECESOR,CO_TRAMITE) values ('14','1',null,'14');
	INSERT into C046T_ESTATUS_TRAMITE (CO_ESTATUS_TRAMITE,C045PK_ESTATUS,C046PK_ESTATUS_ANTECESOR,CO_TRAMITE) values ('15','1',null,'15');
	INSERT into C046T_ESTATUS_TRAMITE (CO_ESTATUS_TRAMITE,C045PK_ESTATUS,C046PK_ESTATUS_ANTECESOR,CO_TRAMITE) values ('16','1',null,'16');
	INSERT into C046T_ESTATUS_TRAMITE (CO_ESTATUS_TRAMITE,C045PK_ESTATUS,C046PK_ESTATUS_ANTECESOR,CO_TRAMITE) values ('17','1',null,'17');
	INSERT into C046T_ESTATUS_TRAMITE (CO_ESTATUS_TRAMITE,C045PK_ESTATUS,C046PK_ESTATUS_ANTECESOR,CO_TRAMITE) values ('18','1',null,'18');
	INSERT into C046T_ESTATUS_TRAMITE (CO_ESTATUS_TRAMITE,C045PK_ESTATUS,C046PK_ESTATUS_ANTECESOR,CO_TRAMITE) values ('20','1',null,'20');
	INSERT into C046T_ESTATUS_TRAMITE (CO_ESTATUS_TRAMITE,C045PK_ESTATUS,C046PK_ESTATUS_ANTECESOR,CO_TRAMITE) values ('21','1',null,'21');
	INSERT into C046T_ESTATUS_TRAMITE (CO_ESTATUS_TRAMITE,C045PK_ESTATUS,C046PK_ESTATUS_ANTECESOR,CO_TRAMITE) values ('1','1',null,'1');
	INSERT into C046T_ESTATUS_TRAMITE (CO_ESTATUS_TRAMITE,C045PK_ESTATUS,C046PK_ESTATUS_ANTECESOR,CO_TRAMITE) values ('22','1',null,'22');
	INSERT into C046T_ESTATUS_TRAMITE (CO_ESTATUS_TRAMITE,C045PK_ESTATUS,C046PK_ESTATUS_ANTECESOR,CO_TRAMITE) values ('23','1',null,'23');
	INSERT into C046T_ESTATUS_TRAMITE (CO_ESTATUS_TRAMITE,C045PK_ESTATUS,C046PK_ESTATUS_ANTECESOR,CO_TRAMITE) values ('24','1',null,'24');
	INSERT into C046T_ESTATUS_TRAMITE (CO_ESTATUS_TRAMITE,C045PK_ESTATUS,C046PK_ESTATUS_ANTECESOR,CO_TRAMITE) values ('25','1',null,'25');
	INSERT into C046T_ESTATUS_TRAMITE (CO_ESTATUS_TRAMITE,C045PK_ESTATUS,C046PK_ESTATUS_ANTECESOR,CO_TRAMITE) values ('26','1',null,'26');
	INSERT into C046T_ESTATUS_TRAMITE (CO_ESTATUS_TRAMITE,C045PK_ESTATUS,C046PK_ESTATUS_ANTECESOR,CO_TRAMITE) values ('27','1',null,'27');
	INSERT into C046T_ESTATUS_TRAMITE (CO_ESTATUS_TRAMITE,C045PK_ESTATUS,C046PK_ESTATUS_ANTECESOR,CO_TRAMITE) values ('28','1',null,'28');
	INSERT into C046T_ESTATUS_TRAMITE (CO_ESTATUS_TRAMITE,C045PK_ESTATUS,C046PK_ESTATUS_ANTECESOR,CO_TRAMITE) values ('29','1',null,'29');
	INSERT into C046T_ESTATUS_TRAMITE (CO_ESTATUS_TRAMITE,C045PK_ESTATUS,C046PK_ESTATUS_ANTECESOR,CO_TRAMITE) values ('30','1',null,'30');
	INSERT into C046T_ESTATUS_TRAMITE (CO_ESTATUS_TRAMITE,C045PK_ESTATUS,C046PK_ESTATUS_ANTECESOR,CO_TRAMITE) values ('31','1',null,'31');
	INSERT into C046T_ESTATUS_TRAMITE (CO_ESTATUS_TRAMITE,C045PK_ESTATUS,C046PK_ESTATUS_ANTECESOR,CO_TRAMITE) values ('32','1',null,'32');
	INSERT into C046T_ESTATUS_TRAMITE (CO_ESTATUS_TRAMITE,C045PK_ESTATUS,C046PK_ESTATUS_ANTECESOR,CO_TRAMITE) values ('33','1',null,'33');
	INSERT into C046T_ESTATUS_TRAMITE (CO_ESTATUS_TRAMITE,C045PK_ESTATUS,C046PK_ESTATUS_ANTECESOR,CO_TRAMITE) values ('34','1',null,'34');
	INSERT into C046T_ESTATUS_TRAMITE (CO_ESTATUS_TRAMITE,C045PK_ESTATUS,C046PK_ESTATUS_ANTECESOR,CO_TRAMITE) values ('35','1',null,'35');
	INSERT into C046T_ESTATUS_TRAMITE (CO_ESTATUS_TRAMITE,C045PK_ESTATUS,C046PK_ESTATUS_ANTECESOR,CO_TRAMITE) values ('36','1',null,'36');
	INSERT into C046T_ESTATUS_TRAMITE (CO_ESTATUS_TRAMITE,C045PK_ESTATUS,C046PK_ESTATUS_ANTECESOR,CO_TRAMITE) values ('37','1',null,'37');
	INSERT into C046T_ESTATUS_TRAMITE (CO_ESTATUS_TRAMITE,C045PK_ESTATUS,C046PK_ESTATUS_ANTECESOR,CO_TRAMITE) values ('38','1',null,'38');
INSERT INTO I032T_GEOGRAFICO (CO_GEOGRAFICO,CO_TIPO_GEOGRAFICO,NU_PADRE_GEOGRAFICO,NB_GEOGRAFICO) VALUES (0,1,NULL,'VENEZUELA');
INSERT INTO I032T_GEOGRAFICO (CO_GEOGRAFICO,CO_TIPO_GEOGRAFICO,NU_PADRE_GEOGRAFICO,NB_GEOGRAFICO) VALUES (1,1,NULL,'ANTIGUA Y BARBUDA');
INSERT INTO I032T_GEOGRAFICO (CO_GEOGRAFICO,CO_TIPO_GEOGRAFICO,NU_PADRE_GEOGRAFICO,NB_GEOGRAFICO) VALUES (2,1,NULL,'ARABIA SAUDITA');
INSERT INTO I032T_GEOGRAFICO (CO_GEOGRAFICO,CO_TIPO_GEOGRAFICO,NU_PADRE_GEOGRAFICO,NB_GEOGRAFICO) VALUES (3,1,NULL,'ARGELIA');
INSERT INTO I032T_GEOGRAFICO (CO_GEOGRAFICO,CO_TIPO_GEOGRAFICO,NU_PADRE_GEOGRAFICO,NB_GEOGRAFICO) VALUES (4,1,NULL,'ARGENTINA');
INSERT INTO I032T_GEOGRAFICO (CO_GEOGRAFICO,CO_TIPO_GEOGRAFICO,NU_PADRE_GEOGRAFICO,NB_GEOGRAFICO) VALUES (5,1,NULL,'AUSTRALIA');
INSERT INTO I032T_GEOGRAFICO (CO_GEOGRAFICO,CO_TIPO_GEOGRAFICO,NU_PADRE_GEOGRAFICO,NB_GEOGRAFICO) VALUES (6,1,NULL,'AUSTRIA');
INSERT INTO I032T_GEOGRAFICO (CO_GEOGRAFICO,CO_TIPO_GEOGRAFICO,NU_PADRE_GEOGRAFICO,NB_GEOGRAFICO) VALUES (7,1,NULL,'BARBADOS');
INSERT INTO I032T_GEOGRAFICO (CO_GEOGRAFICO,CO_TIPO_GEOGRAFICO,NU_PADRE_GEOGRAFICO,NB_GEOGRAFICO) VALUES (8,1,NULL,'BELGICA');
INSERT INTO I032T_GEOGRAFICO (CO_GEOGRAFICO,CO_TIPO_GEOGRAFICO,NU_PADRE_GEOGRAFICO,NB_GEOGRAFICO) VALUES (9,1,NULL,'BELICE');
INSERT INTO I032T_GEOGRAFICO (CO_GEOGRAFICO,CO_TIPO_GEOGRAFICO,NU_PADRE_GEOGRAFICO,NB_GEOGRAFICO) VALUES (10,1,NULL,'BOLIVIA');
INSERT INTO I032T_GEOGRAFICO (CO_GEOGRAFICO,CO_TIPO_GEOGRAFICO,NU_PADRE_GEOGRAFICO,NB_GEOGRAFICO) VALUES (11,1,NULL,'BRASIL');
INSERT INTO I032T_GEOGRAFICO (CO_GEOGRAFICO,CO_TIPO_GEOGRAFICO,NU_PADRE_GEOGRAFICO,NB_GEOGRAFICO) VALUES (12,1,NULL,'BULGARIA');
INSERT INTO I032T_GEOGRAFICO (CO_GEOGRAFICO,CO_TIPO_GEOGRAFICO,NU_PADRE_GEOGRAFICO,NB_GEOGRAFICO) VALUES (13,1,NULL,'CANADA');
INSERT INTO I032T_GEOGRAFICO (CO_GEOGRAFICO,CO_TIPO_GEOGRAFICO,NU_PADRE_GEOGRAFICO,NB_GEOGRAFICO) VALUES (14,1,NULL,'REPUBLICA CHECA');
INSERT INTO I032T_GEOGRAFICO (CO_GEOGRAFICO,CO_TIPO_GEOGRAFICO,NU_PADRE_GEOGRAFICO,NB_GEOGRAFICO) VALUES (15,1,NULL,'CHILE');
INSERT INTO I032T_GEOGRAFICO (CO_GEOGRAFICO,CO_TIPO_GEOGRAFICO,NU_PADRE_GEOGRAFICO,NB_GEOGRAFICO) VALUES (16,1,NULL,'CHINA');
INSERT INTO I032T_GEOGRAFICO (CO_GEOGRAFICO,CO_TIPO_GEOGRAFICO,NU_PADRE_GEOGRAFICO,NB_GEOGRAFICO) VALUES (17,1,NULL,'COLOMBIA');
INSERT INTO I032T_GEOGRAFICO (CO_GEOGRAFICO,CO_TIPO_GEOGRAFICO,NU_PADRE_GEOGRAFICO,NB_GEOGRAFICO) VALUES (18,1,NULL,'COREA');
INSERT INTO I032T_GEOGRAFICO (CO_GEOGRAFICO,CO_TIPO_GEOGRAFICO,NU_PADRE_GEOGRAFICO,NB_GEOGRAFICO) VALUES (19,1,NULL,'COSTA RICA');
INSERT INTO I032T_GEOGRAFICO (CO_GEOGRAFICO,CO_TIPO_GEOGRAFICO,NU_PADRE_GEOGRAFICO,NB_GEOGRAFICO) VALUES (20,1,NULL,'CUBA');
INSERT INTO I032T_GEOGRAFICO (CO_GEOGRAFICO,CO_TIPO_GEOGRAFICO,NU_PADRE_GEOGRAFICO,NB_GEOGRAFICO) VALUES (21,1,NULL,'DINAMARCA');
INSERT INTO I032T_GEOGRAFICO (CO_GEOGRAFICO,CO_TIPO_GEOGRAFICO,NU_PADRE_GEOGRAFICO,NB_GEOGRAFICO) VALUES (22,1,NULL,'DOMINICA');
INSERT INTO I032T_GEOGRAFICO (CO_GEOGRAFICO,CO_TIPO_GEOGRAFICO,NU_PADRE_GEOGRAFICO,NB_GEOGRAFICO) VALUES (23,1,NULL,'ECUADOR');
INSERT INTO I032T_GEOGRAFICO (CO_GEOGRAFICO,CO_TIPO_GEOGRAFICO,NU_PADRE_GEOGRAFICO,NB_GEOGRAFICO) VALUES (24,1,NULL,'EGIPTO');
INSERT INTO I032T_GEOGRAFICO (CO_GEOGRAFICO,CO_TIPO_GEOGRAFICO,NU_PADRE_GEOGRAFICO,NB_GEOGRAFICO) VALUES (25,1,NULL,'EL SALVADOR');
INSERT INTO I032T_GEOGRAFICO (CO_GEOGRAFICO,CO_TIPO_GEOGRAFICO,NU_PADRE_GEOGRAFICO,NB_GEOGRAFICO) VALUES (26,1,NULL,'ESPAÑA');
INSERT INTO I032T_GEOGRAFICO (CO_GEOGRAFICO,CO_TIPO_GEOGRAFICO,NU_PADRE_GEOGRAFICO,NB_GEOGRAFICO) VALUES (27,1,NULL,'USA');
INSERT INTO I032T_GEOGRAFICO (CO_GEOGRAFICO,CO_TIPO_GEOGRAFICO,NU_PADRE_GEOGRAFICO,NB_GEOGRAFICO) VALUES (28,1,NULL,'RUSIA');
INSERT INTO I032T_GEOGRAFICO (CO_GEOGRAFICO,CO_TIPO_GEOGRAFICO,NU_PADRE_GEOGRAFICO,NB_GEOGRAFICO) VALUES (29,1,NULL,'FILIPINAS');
INSERT INTO I032T_GEOGRAFICO (CO_GEOGRAFICO,CO_TIPO_GEOGRAFICO,NU_PADRE_GEOGRAFICO,NB_GEOGRAFICO) VALUES (30,1,NULL,'FINLANDIA');
INSERT INTO I032T_GEOGRAFICO (CO_GEOGRAFICO,CO_TIPO_GEOGRAFICO,NU_PADRE_GEOGRAFICO,NB_GEOGRAFICO) VALUES (31,1,NULL,'FRANCIA');
INSERT INTO I032T_GEOGRAFICO (CO_GEOGRAFICO,CO_TIPO_GEOGRAFICO,NU_PADRE_GEOGRAFICO,NB_GEOGRAFICO) VALUES (32,1,NULL,'GRAN BRETAQA');
INSERT INTO I032T_GEOGRAFICO (CO_GEOGRAFICO,CO_TIPO_GEOGRAFICO,NU_PADRE_GEOGRAFICO,NB_GEOGRAFICO) VALUES (33,1,NULL,'GRECIA');
INSERT INTO I032T_GEOGRAFICO (CO_GEOGRAFICO,CO_TIPO_GEOGRAFICO,NU_PADRE_GEOGRAFICO,NB_GEOGRAFICO) VALUES (34,1,NULL,'GUATEMALA');
INSERT INTO I032T_GEOGRAFICO (CO_GEOGRAFICO,CO_TIPO_GEOGRAFICO,NU_PADRE_GEOGRAFICO,NB_GEOGRAFICO) VALUES (35,1,NULL,'GUAYANA');
INSERT INTO I032T_GEOGRAFICO (CO_GEOGRAFICO,CO_TIPO_GEOGRAFICO,NU_PADRE_GEOGRAFICO,NB_GEOGRAFICO) VALUES (36,1,NULL,'HAITI');
INSERT INTO I032T_GEOGRAFICO (CO_GEOGRAFICO,CO_TIPO_GEOGRAFICO,NU_PADRE_GEOGRAFICO,NB_GEOGRAFICO) VALUES (37,1,NULL,'HONDURAS');
INSERT INTO I032T_GEOGRAFICO (CO_GEOGRAFICO,CO_TIPO_GEOGRAFICO,NU_PADRE_GEOGRAFICO,NB_GEOGRAFICO) VALUES (38,1,NULL,'HUNGRIA');
INSERT INTO I032T_GEOGRAFICO (CO_GEOGRAFICO,CO_TIPO_GEOGRAFICO,NU_PADRE_GEOGRAFICO,NB_GEOGRAFICO) VALUES (39,1,NULL,'INDIA');
INSERT INTO I032T_GEOGRAFICO (CO_GEOGRAFICO,CO_TIPO_GEOGRAFICO,NU_PADRE_GEOGRAFICO,NB_GEOGRAFICO) VALUES (40,1,NULL,'INDONESIA');
INSERT INTO I032T_GEOGRAFICO (CO_GEOGRAFICO,CO_TIPO_GEOGRAFICO,NU_PADRE_GEOGRAFICO,NB_GEOGRAFICO) VALUES (41,1,NULL,'IRAK');
INSERT INTO I032T_GEOGRAFICO (CO_GEOGRAFICO,CO_TIPO_GEOGRAFICO,NU_PADRE_GEOGRAFICO,NB_GEOGRAFICO) VALUES (42,1,NULL,'ISRAEL');
INSERT INTO I032T_GEOGRAFICO (CO_GEOGRAFICO,CO_TIPO_GEOGRAFICO,NU_PADRE_GEOGRAFICO,NB_GEOGRAFICO) VALUES (43,1,NULL,'ITALIA');
INSERT INTO I032T_GEOGRAFICO (CO_GEOGRAFICO,CO_TIPO_GEOGRAFICO,NU_PADRE_GEOGRAFICO,NB_GEOGRAFICO) VALUES (44,1,NULL,'JAMAICA');
INSERT INTO I032T_GEOGRAFICO (CO_GEOGRAFICO,CO_TIPO_GEOGRAFICO,NU_PADRE_GEOGRAFICO,NB_GEOGRAFICO) VALUES (45,1,NULL,'JAPON');
INSERT INTO I032T_GEOGRAFICO (CO_GEOGRAFICO,CO_TIPO_GEOGRAFICO,NU_PADRE_GEOGRAFICO,NB_GEOGRAFICO) VALUES (46,1,NULL,'KENIA');
INSERT INTO I032T_GEOGRAFICO (CO_GEOGRAFICO,CO_TIPO_GEOGRAFICO,NU_PADRE_GEOGRAFICO,NB_GEOGRAFICO) VALUES (47,1,NULL,'KUWAIT');
INSERT INTO I032T_GEOGRAFICO (CO_GEOGRAFICO,CO_TIPO_GEOGRAFICO,NU_PADRE_GEOGRAFICO,NB_GEOGRAFICO) VALUES (48,1,NULL,'LIBANO');
INSERT INTO I032T_GEOGRAFICO (CO_GEOGRAFICO,CO_TIPO_GEOGRAFICO,NU_PADRE_GEOGRAFICO,NB_GEOGRAFICO) VALUES (49,1,NULL,'LIBIA');
INSERT INTO I032T_GEOGRAFICO (CO_GEOGRAFICO,CO_TIPO_GEOGRAFICO,NU_PADRE_GEOGRAFICO,NB_GEOGRAFICO) VALUES (50,1,NULL,'MALASIA');
INSERT INTO I032T_GEOGRAFICO (CO_GEOGRAFICO,CO_TIPO_GEOGRAFICO,NU_PADRE_GEOGRAFICO,NB_GEOGRAFICO) VALUES (51,1,NULL,'MARRUECOS');
INSERT INTO I032T_GEOGRAFICO (CO_GEOGRAFICO,CO_TIPO_GEOGRAFICO,NU_PADRE_GEOGRAFICO,NB_GEOGRAFICO) VALUES (52,1,NULL,'MEXICO');
INSERT INTO I032T_GEOGRAFICO (CO_GEOGRAFICO,CO_TIPO_GEOGRAFICO,NU_PADRE_GEOGRAFICO,NB_GEOGRAFICO) VALUES (53,1,NULL,'NAMIBIA');
INSERT INTO I032T_GEOGRAFICO (CO_GEOGRAFICO,CO_TIPO_GEOGRAFICO,NU_PADRE_GEOGRAFICO,NB_GEOGRAFICO) VALUES (54,1,NULL,'NICARAGUA');
INSERT INTO I032T_GEOGRAFICO (CO_GEOGRAFICO,CO_TIPO_GEOGRAFICO,NU_PADRE_GEOGRAFICO,NB_GEOGRAFICO) VALUES (55,1,NULL,'NIGERIA');
INSERT INTO I032T_GEOGRAFICO (CO_GEOGRAFICO,CO_TIPO_GEOGRAFICO,NU_PADRE_GEOGRAFICO,NB_GEOGRAFICO) VALUES (56,1,NULL,'NORUEGA');
INSERT INTO I032T_GEOGRAFICO (CO_GEOGRAFICO,CO_TIPO_GEOGRAFICO,NU_PADRE_GEOGRAFICO,NB_GEOGRAFICO) VALUES (57,1,NULL,'PAISES BAJOS');
INSERT INTO I032T_GEOGRAFICO (CO_GEOGRAFICO,CO_TIPO_GEOGRAFICO,NU_PADRE_GEOGRAFICO,NB_GEOGRAFICO) VALUES (58,1,NULL,'PANAMA');
INSERT INTO I032T_GEOGRAFICO (CO_GEOGRAFICO,CO_TIPO_GEOGRAFICO,NU_PADRE_GEOGRAFICO,NB_GEOGRAFICO) VALUES (59,1,NULL,'PARAGUAY');
INSERT INTO I032T_GEOGRAFICO (CO_GEOGRAFICO,CO_TIPO_GEOGRAFICO,NU_PADRE_GEOGRAFICO,NB_GEOGRAFICO) VALUES (60,1,NULL,'PERU');
INSERT INTO I032T_GEOGRAFICO (CO_GEOGRAFICO,CO_TIPO_GEOGRAFICO,NU_PADRE_GEOGRAFICO,NB_GEOGRAFICO) VALUES (61,1,NULL,'POLONIA');
INSERT INTO I032T_GEOGRAFICO (CO_GEOGRAFICO,CO_TIPO_GEOGRAFICO,NU_PADRE_GEOGRAFICO,NB_GEOGRAFICO) VALUES (62,1,NULL,'PORTUGAL');
INSERT INTO I032T_GEOGRAFICO (CO_GEOGRAFICO,CO_TIPO_GEOGRAFICO,NU_PADRE_GEOGRAFICO,NB_GEOGRAFICO) VALUES (63,1,NULL,'REPUBLICA DOMINICANA');
INSERT INTO I032T_GEOGRAFICO (CO_GEOGRAFICO,CO_TIPO_GEOGRAFICO,NU_PADRE_GEOGRAFICO,NB_GEOGRAFICO) VALUES (64,1,NULL,'ALEMANIA');
INSERT INTO I032T_GEOGRAFICO (CO_GEOGRAFICO,CO_TIPO_GEOGRAFICO,NU_PADRE_GEOGRAFICO,NB_GEOGRAFICO) VALUES (65,1,NULL,'IRAN');
INSERT INTO I032T_GEOGRAFICO (CO_GEOGRAFICO,CO_TIPO_GEOGRAFICO,NU_PADRE_GEOGRAFICO,NB_GEOGRAFICO) VALUES (66,1,NULL,'RUMANIA');
INSERT INTO I032T_GEOGRAFICO (CO_GEOGRAFICO,CO_TIPO_GEOGRAFICO,NU_PADRE_GEOGRAFICO,NB_GEOGRAFICO) VALUES (67,1,NULL,'SAN KITTS Y NEVIS');
INSERT INTO I032T_GEOGRAFICO (CO_GEOGRAFICO,CO_TIPO_GEOGRAFICO,NU_PADRE_GEOGRAFICO,NB_GEOGRAFICO) VALUES (68,1,NULL,'SAN VICENTE Y LAS GR');
INSERT INTO I032T_GEOGRAFICO (CO_GEOGRAFICO,CO_TIPO_GEOGRAFICO,NU_PADRE_GEOGRAFICO,NB_GEOGRAFICO) VALUES (69,1,NULL,'SANTA LUCÍA');
INSERT INTO I032T_GEOGRAFICO (CO_GEOGRAFICO,CO_TIPO_GEOGRAFICO,NU_PADRE_GEOGRAFICO,NB_GEOGRAFICO) VALUES (70,1,NULL,'SIRIA');
INSERT INTO I032T_GEOGRAFICO (CO_GEOGRAFICO,CO_TIPO_GEOGRAFICO,NU_PADRE_GEOGRAFICO,NB_GEOGRAFICO) VALUES (71,1,NULL,'SUDAFRICA');
INSERT INTO I032T_GEOGRAFICO (CO_GEOGRAFICO,CO_TIPO_GEOGRAFICO,NU_PADRE_GEOGRAFICO,NB_GEOGRAFICO) VALUES (72,1,NULL,'SUECIA');
INSERT INTO I032T_GEOGRAFICO (CO_GEOGRAFICO,CO_TIPO_GEOGRAFICO,NU_PADRE_GEOGRAFICO,NB_GEOGRAFICO) VALUES (73,1,NULL,'SUIZA');
INSERT INTO I032T_GEOGRAFICO (CO_GEOGRAFICO,CO_TIPO_GEOGRAFICO,NU_PADRE_GEOGRAFICO,NB_GEOGRAFICO) VALUES (74,1,NULL,'SURINAME');
INSERT INTO I032T_GEOGRAFICO (CO_GEOGRAFICO,CO_TIPO_GEOGRAFICO,NU_PADRE_GEOGRAFICO,NB_GEOGRAFICO) VALUES (75,1,NULL,'TRINIDAD Y TOBAGO');
INSERT INTO I032T_GEOGRAFICO (CO_GEOGRAFICO,CO_TIPO_GEOGRAFICO,NU_PADRE_GEOGRAFICO,NB_GEOGRAFICO) VALUES (76,1,NULL,'TURQUIA');
INSERT INTO I032T_GEOGRAFICO (CO_GEOGRAFICO,CO_TIPO_GEOGRAFICO,NU_PADRE_GEOGRAFICO,NB_GEOGRAFICO) VALUES (77,1,NULL,'URUGUAY');
INSERT INTO I032T_GEOGRAFICO (CO_GEOGRAFICO,CO_TIPO_GEOGRAFICO,NU_PADRE_GEOGRAFICO,NB_GEOGRAFICO) VALUES (78,1,NULL,'GRENADA');
INSERT INTO I032T_GEOGRAFICO (CO_GEOGRAFICO,CO_TIPO_GEOGRAFICO,NU_PADRE_GEOGRAFICO,NB_GEOGRAFICO) VALUES (79,1,NULL,'SANTA LUCÍA');
INSERT INTO I032T_GEOGRAFICO (CO_GEOGRAFICO,CO_TIPO_GEOGRAFICO,NU_PADRE_GEOGRAFICO,NB_GEOGRAFICO) VALUES (80,1,NULL,'QATAR');
INSERT INTO I032T_GEOGRAFICO (CO_GEOGRAFICO,CO_TIPO_GEOGRAFICO,NU_PADRE_GEOGRAFICO,NB_GEOGRAFICO) VALUES (81,1,NULL,'PALESTINA');
INSERT INTO I032T_GEOGRAFICO (CO_GEOGRAFICO,CO_TIPO_GEOGRAFICO,NU_PADRE_GEOGRAFICO,NB_GEOGRAFICO) VALUES (82,1,NULL,'ETIOPIA');
INSERT INTO I032T_GEOGRAFICO (CO_GEOGRAFICO,CO_TIPO_GEOGRAFICO,NU_PADRE_GEOGRAFICO,NB_GEOGRAFICO) VALUES (83,1,NULL,'VIETNAM');
INSERT INTO I032T_GEOGRAFICO (CO_GEOGRAFICO,CO_TIPO_GEOGRAFICO,NU_PADRE_GEOGRAFICO,NB_GEOGRAFICO) VALUES (84,1,NULL,'SINGAPUR');
INSERT INTO I032T_GEOGRAFICO (CO_GEOGRAFICO,CO_TIPO_GEOGRAFICO,NU_PADRE_GEOGRAFICO,NB_GEOGRAFICO) VALUES (85,1,NULL,'SENEGAL');
INSERT INTO I032T_GEOGRAFICO (CO_GEOGRAFICO,CO_TIPO_GEOGRAFICO,NU_PADRE_GEOGRAFICO,NB_GEOGRAFICO) VALUES (86,1,NULL,'MALI');
INSERT INTO I032T_GEOGRAFICO (CO_GEOGRAFICO,CO_TIPO_GEOGRAFICO,NU_PADRE_GEOGRAFICO,NB_GEOGRAFICO) VALUES (87,1,NULL,'ANGOLA');
INSERT INTO I032T_GEOGRAFICO (CO_GEOGRAFICO,CO_TIPO_GEOGRAFICO,NU_PADRE_GEOGRAFICO,NB_GEOGRAFICO) VALUES (88,1,NULL,'BENIN');
INSERT INTO I032T_GEOGRAFICO (CO_GEOGRAFICO,CO_TIPO_GEOGRAFICO,NU_PADRE_GEOGRAFICO,NB_GEOGRAFICO) VALUES (89,1,NULL,'CONGO');
INSERT INTO I032T_GEOGRAFICO (CO_GEOGRAFICO,CO_TIPO_GEOGRAFICO,NU_PADRE_GEOGRAFICO,NB_GEOGRAFICO) VALUES (90,1,NULL,'GUINEA ECUATORIAL');
INSERT INTO I032T_GEOGRAFICO (CO_GEOGRAFICO,CO_TIPO_GEOGRAFICO,NU_PADRE_GEOGRAFICO,NB_GEOGRAFICO) VALUES (91,1,NULL,'GAMBIA');
INSERT INTO I032T_GEOGRAFICO (CO_GEOGRAFICO,CO_TIPO_GEOGRAFICO,NU_PADRE_GEOGRAFICO,NB_GEOGRAFICO) VALUES (92,1,NULL,'MOZAMBIQUE');
INSERT INTO I032T_GEOGRAFICO (CO_GEOGRAFICO,CO_TIPO_GEOGRAFICO,NU_PADRE_GEOGRAFICO,NB_GEOGRAFICO) VALUES (93,1,NULL,'SUDAN');
INSERT INTO I032T_GEOGRAFICO (CO_GEOGRAFICO,CO_TIPO_GEOGRAFICO,NU_PADRE_GEOGRAFICO,NB_GEOGRAFICO) VALUES (94,1,NULL,'EMIRATOS ARABES UNID');
INSERT INTO I032T_GEOGRAFICO (CO_GEOGRAFICO,CO_TIPO_GEOGRAFICO,NU_PADRE_GEOGRAFICO,NB_GEOGRAFICO) VALUES (95,1,NULL,'CURAZAO');
INSERT INTO I032T_GEOGRAFICO (CO_GEOGRAFICO,CO_TIPO_GEOGRAFICO,NU_PADRE_GEOGRAFICO,NB_GEOGRAFICO) VALUES (96,1,NULL,'BIELORRUSIA');
INSERT INTO I032T_GEOGRAFICO (CO_GEOGRAFICO,CO_TIPO_GEOGRAFICO,NU_PADRE_GEOGRAFICO,NB_GEOGRAFICO) VALUES (97,1,NULL,'JORDANIA');
INSERT INTO I032T_GEOGRAFICO (CO_GEOGRAFICO,CO_TIPO_GEOGRAFICO,NU_PADRE_GEOGRAFICO,NB_GEOGRAFICO) VALUES (98,1,NULL,'CHIPRE');
INSERT INTO I032T_GEOGRAFICO (CO_GEOGRAFICO,CO_TIPO_GEOGRAFICO,NU_PADRE_GEOGRAFICO,NB_GEOGRAFICO) VALUES (99,7,1,'ST. JOHN''S');
INSERT INTO I032T_GEOGRAFICO (CO_GEOGRAFICO,CO_TIPO_GEOGRAFICO,NU_PADRE_GEOGRAFICO,NB_GEOGRAFICO) VALUES (100,7,2,'RIYADH');
INSERT INTO I032T_GEOGRAFICO (CO_GEOGRAFICO,CO_TIPO_GEOGRAFICO,NU_PADRE_GEOGRAFICO,NB_GEOGRAFICO) VALUES (101,7,3,'ARGEL');
INSERT INTO I032T_GEOGRAFICO (CO_GEOGRAFICO,CO_TIPO_GEOGRAFICO,NU_PADRE_GEOGRAFICO,NB_GEOGRAFICO) VALUES (102,7,4,'BUENOS AIRES');
INSERT INTO I032T_GEOGRAFICO (CO_GEOGRAFICO,CO_TIPO_GEOGRAFICO,NU_PADRE_GEOGRAFICO,NB_GEOGRAFICO) VALUES (103,7,5,'CABERRA');
INSERT INTO I032T_GEOGRAFICO (CO_GEOGRAFICO,CO_TIPO_GEOGRAFICO,NU_PADRE_GEOGRAFICO,NB_GEOGRAFICO) VALUES (104,7,6,'VIENA');
INSERT INTO I032T_GEOGRAFICO (CO_GEOGRAFICO,CO_TIPO_GEOGRAFICO,NU_PADRE_GEOGRAFICO,NB_GEOGRAFICO) VALUES (105,7,7,'BRIDGETOWN');
INSERT INTO I032T_GEOGRAFICO (CO_GEOGRAFICO,CO_TIPO_GEOGRAFICO,NU_PADRE_GEOGRAFICO,NB_GEOGRAFICO) VALUES (106,7,8,'BRUSELA');
INSERT INTO I032T_GEOGRAFICO (CO_GEOGRAFICO,CO_TIPO_GEOGRAFICO,NU_PADRE_GEOGRAFICO,NB_GEOGRAFICO) VALUES (107,7,9,'BELMONPAN');
INSERT INTO I032T_GEOGRAFICO (CO_GEOGRAFICO,CO_TIPO_GEOGRAFICO,NU_PADRE_GEOGRAFICO,NB_GEOGRAFICO) VALUES (108,7,10,'LA PAZ');
INSERT INTO I032T_GEOGRAFICO (CO_GEOGRAFICO,CO_TIPO_GEOGRAFICO,NU_PADRE_GEOGRAFICO,NB_GEOGRAFICO) VALUES (109,7,11,'BELEM DO PARA');
INSERT INTO I032T_GEOGRAFICO (CO_GEOGRAFICO,CO_TIPO_GEOGRAFICO,NU_PADRE_GEOGRAFICO,NB_GEOGRAFICO) VALUES (110,7,11,'BOAVISTA');
INSERT INTO I032T_GEOGRAFICO (CO_GEOGRAFICO,CO_TIPO_GEOGRAFICO,NU_PADRE_GEOGRAFICO,NB_GEOGRAFICO) VALUES (111,7,11,'MANAOS');
INSERT INTO I032T_GEOGRAFICO (CO_GEOGRAFICO,CO_TIPO_GEOGRAFICO,NU_PADRE_GEOGRAFICO,NB_GEOGRAFICO) VALUES (112,7,11,'RÍO DE JANEIRO');
INSERT INTO I032T_GEOGRAFICO (CO_GEOGRAFICO,CO_TIPO_GEOGRAFICO,NU_PADRE_GEOGRAFICO,NB_GEOGRAFICO) VALUES (113,7,11,'SAO PAOLO');
INSERT INTO I032T_GEOGRAFICO (CO_GEOGRAFICO,CO_TIPO_GEOGRAFICO,NU_PADRE_GEOGRAFICO,NB_GEOGRAFICO) VALUES (114,7,11,'BRASILIA');
INSERT INTO I032T_GEOGRAFICO (CO_GEOGRAFICO,CO_TIPO_GEOGRAFICO,NU_PADRE_GEOGRAFICO,NB_GEOGRAFICO) VALUES (115,7,11,'PORTO ALEGRE');
INSERT INTO I032T_GEOGRAFICO (CO_GEOGRAFICO,CO_TIPO_GEOGRAFICO,NU_PADRE_GEOGRAFICO,NB_GEOGRAFICO) VALUES (116,7,11,'RECIFE - PERNAMBUCO');
INSERT INTO I032T_GEOGRAFICO (CO_GEOGRAFICO,CO_TIPO_GEOGRAFICO,NU_PADRE_GEOGRAFICO,NB_GEOGRAFICO) VALUES (117,7,12,'SOFIA');
INSERT INTO I032T_GEOGRAFICO (CO_GEOGRAFICO,CO_TIPO_GEOGRAFICO,NU_PADRE_GEOGRAFICO,NB_GEOGRAFICO) VALUES (118,7,13,'MONTREAL');
INSERT INTO I032T_GEOGRAFICO (CO_GEOGRAFICO,CO_TIPO_GEOGRAFICO,NU_PADRE_GEOGRAFICO,NB_GEOGRAFICO) VALUES (119,7,13,'TORONTO');
INSERT INTO I032T_GEOGRAFICO (CO_GEOGRAFICO,CO_TIPO_GEOGRAFICO,NU_PADRE_GEOGRAFICO,NB_GEOGRAFICO) VALUES (120,7,13,'OTTAWA');
INSERT INTO I032T_GEOGRAFICO (CO_GEOGRAFICO,CO_TIPO_GEOGRAFICO,NU_PADRE_GEOGRAFICO,NB_GEOGRAFICO) VALUES (121,7,13,'VANCOUVER');
INSERT INTO I032T_GEOGRAFICO (CO_GEOGRAFICO,CO_TIPO_GEOGRAFICO,NU_PADRE_GEOGRAFICO,NB_GEOGRAFICO) VALUES (122,7,14,'CHECA');
INSERT INTO I032T_GEOGRAFICO (CO_GEOGRAFICO,CO_TIPO_GEOGRAFICO,NU_PADRE_GEOGRAFICO,NB_GEOGRAFICO) VALUES (123,7,15,'SANTIAGO');
INSERT INTO I032T_GEOGRAFICO (CO_GEOGRAFICO,CO_TIPO_GEOGRAFICO,NU_PADRE_GEOGRAFICO,NB_GEOGRAFICO) VALUES (124,7,16,'HONG KONG');
INSERT INTO I032T_GEOGRAFICO (CO_GEOGRAFICO,CO_TIPO_GEOGRAFICO,NU_PADRE_GEOGRAFICO,NB_GEOGRAFICO) VALUES (125,7,16,'BEIJING');
INSERT INTO I032T_GEOGRAFICO (CO_GEOGRAFICO,CO_TIPO_GEOGRAFICO,NU_PADRE_GEOGRAFICO,NB_GEOGRAFICO) VALUES (126,7,16,'SHANGHAI');
INSERT INTO I032T_GEOGRAFICO (CO_GEOGRAFICO,CO_TIPO_GEOGRAFICO,NU_PADRE_GEOGRAFICO,NB_GEOGRAFICO) VALUES (127,7,17,'ARAUCA');
INSERT INTO I032T_GEOGRAFICO (CO_GEOGRAFICO,CO_TIPO_GEOGRAFICO,NU_PADRE_GEOGRAFICO,NB_GEOGRAFICO) VALUES (128,7,17,'BARRANQUILLA');
INSERT INTO I032T_GEOGRAFICO (CO_GEOGRAFICO,CO_TIPO_GEOGRAFICO,NU_PADRE_GEOGRAFICO,NB_GEOGRAFICO) VALUES (129,7,17,'BUCARAMANGA');
INSERT INTO I032T_GEOGRAFICO (CO_GEOGRAFICO,CO_TIPO_GEOGRAFICO,NU_PADRE_GEOGRAFICO,NB_GEOGRAFICO) VALUES (130,7,17,'CARTAGENA');
INSERT INTO I032T_GEOGRAFICO (CO_GEOGRAFICO,CO_TIPO_GEOGRAFICO,NU_PADRE_GEOGRAFICO,NB_GEOGRAFICO) VALUES (131,7,17,'CUCUTA');
INSERT INTO I032T_GEOGRAFICO (CO_GEOGRAFICO,CO_TIPO_GEOGRAFICO,NU_PADRE_GEOGRAFICO,NB_GEOGRAFICO) VALUES (132,7,17,'MEDELLIN');
INSERT INTO I032T_GEOGRAFICO (CO_GEOGRAFICO,CO_TIPO_GEOGRAFICO,NU_PADRE_GEOGRAFICO,NB_GEOGRAFICO) VALUES (133,7,17,'PUERTO CARRE O');
INSERT INTO I032T_GEOGRAFICO (CO_GEOGRAFICO,CO_TIPO_GEOGRAFICO,NU_PADRE_GEOGRAFICO,NB_GEOGRAFICO) VALUES (134,7,17,'PUERTO INIRIDA');
INSERT INTO I032T_GEOGRAFICO (CO_GEOGRAFICO,CO_TIPO_GEOGRAFICO,NU_PADRE_GEOGRAFICO,NB_GEOGRAFICO) VALUES (135,7,17,'RIOHACHA');
INSERT INTO I032T_GEOGRAFICO (CO_GEOGRAFICO,CO_TIPO_GEOGRAFICO,NU_PADRE_GEOGRAFICO,NB_GEOGRAFICO) VALUES (136,7,17,'BOGOTA');
INSERT INTO I032T_GEOGRAFICO (CO_GEOGRAFICO,CO_TIPO_GEOGRAFICO,NU_PADRE_GEOGRAFICO,NB_GEOGRAFICO) VALUES (137,7,18,'SEUL');
INSERT INTO I032T_GEOGRAFICO (CO_GEOGRAFICO,CO_TIPO_GEOGRAFICO,NU_PADRE_GEOGRAFICO,NB_GEOGRAFICO) VALUES (138,7,19,'SAN JOSÉ');
INSERT INTO I032T_GEOGRAFICO (CO_GEOGRAFICO,CO_TIPO_GEOGRAFICO,NU_PADRE_GEOGRAFICO,NB_GEOGRAFICO) VALUES (139,7,20,'LA HABANA');
INSERT INTO I032T_GEOGRAFICO (CO_GEOGRAFICO,CO_TIPO_GEOGRAFICO,NU_PADRE_GEOGRAFICO,NB_GEOGRAFICO) VALUES (140,7,20,'JAGUEY GRANDE');
INSERT INTO I032T_GEOGRAFICO (CO_GEOGRAFICO,CO_TIPO_GEOGRAFICO,NU_PADRE_GEOGRAFICO,NB_GEOGRAFICO) VALUES (141,7,20,'CAMAGUEY');
INSERT INTO I032T_GEOGRAFICO (CO_GEOGRAFICO,CO_TIPO_GEOGRAFICO,NU_PADRE_GEOGRAFICO,NB_GEOGRAFICO) VALUES (142,7,20,'ISLA DE LA JUVENTUD');
INSERT INTO I032T_GEOGRAFICO (CO_GEOGRAFICO,CO_TIPO_GEOGRAFICO,NU_PADRE_GEOGRAFICO,NB_GEOGRAFICO) VALUES (143,7,21,'COPENHAGUE');
INSERT INTO I032T_GEOGRAFICO (CO_GEOGRAFICO,CO_TIPO_GEOGRAFICO,NU_PADRE_GEOGRAFICO,NB_GEOGRAFICO) VALUES (144,7,22,'ROSEAU');
INSERT INTO I032T_GEOGRAFICO (CO_GEOGRAFICO,CO_TIPO_GEOGRAFICO,NU_PADRE_GEOGRAFICO,NB_GEOGRAFICO) VALUES (145,7,23,'GUAYAQUIL');
INSERT INTO I032T_GEOGRAFICO (CO_GEOGRAFICO,CO_TIPO_GEOGRAFICO,NU_PADRE_GEOGRAFICO,NB_GEOGRAFICO) VALUES (146,7,23,'QUITO');
INSERT INTO I032T_GEOGRAFICO (CO_GEOGRAFICO,CO_TIPO_GEOGRAFICO,NU_PADRE_GEOGRAFICO,NB_GEOGRAFICO) VALUES (147,7,24,'EL CAIRO');
INSERT INTO I032T_GEOGRAFICO (CO_GEOGRAFICO,CO_TIPO_GEOGRAFICO,NU_PADRE_GEOGRAFICO,NB_GEOGRAFICO) VALUES (148,7,25,'SAN SALVADOR');
INSERT INTO I032T_GEOGRAFICO (CO_GEOGRAFICO,CO_TIPO_GEOGRAFICO,NU_PADRE_GEOGRAFICO,NB_GEOGRAFICO) VALUES (149,7,26,'BARCELONA');
INSERT INTO I032T_GEOGRAFICO (CO_GEOGRAFICO,CO_TIPO_GEOGRAFICO,NU_PADRE_GEOGRAFICO,NB_GEOGRAFICO) VALUES (150,7,26,'BILBAO');
INSERT INTO I032T_GEOGRAFICO (CO_GEOGRAFICO,CO_TIPO_GEOGRAFICO,NU_PADRE_GEOGRAFICO,NB_GEOGRAFICO) VALUES (151,7,26,'SANTA CRUZ DE TENERIFE');
INSERT INTO I032T_GEOGRAFICO (CO_GEOGRAFICO,CO_TIPO_GEOGRAFICO,NU_PADRE_GEOGRAFICO,NB_GEOGRAFICO) VALUES (152,7,26,'VIGO');
INSERT INTO I032T_GEOGRAFICO (CO_GEOGRAFICO,CO_TIPO_GEOGRAFICO,NU_PADRE_GEOGRAFICO,NB_GEOGRAFICO) VALUES (153,7,26,'MADRID');
INSERT INTO I032T_GEOGRAFICO (CO_GEOGRAFICO,CO_TIPO_GEOGRAFICO,NU_PADRE_GEOGRAFICO,NB_GEOGRAFICO) VALUES (154,7,27,'BOSTON');
INSERT INTO I032T_GEOGRAFICO (CO_GEOGRAFICO,CO_TIPO_GEOGRAFICO,NU_PADRE_GEOGRAFICO,NB_GEOGRAFICO) VALUES (155,7,27,'CHICAGO');
INSERT INTO I032T_GEOGRAFICO (CO_GEOGRAFICO,CO_TIPO_GEOGRAFICO,NU_PADRE_GEOGRAFICO,NB_GEOGRAFICO) VALUES (156,7,27,'HOUSTON');
INSERT INTO I032T_GEOGRAFICO (CO_GEOGRAFICO,CO_TIPO_GEOGRAFICO,NU_PADRE_GEOGRAFICO,NB_GEOGRAFICO) VALUES (157,7,27,'MIAMI');
INSERT INTO I032T_GEOGRAFICO (CO_GEOGRAFICO,CO_TIPO_GEOGRAFICO,NU_PADRE_GEOGRAFICO,NB_GEOGRAFICO) VALUES (158,7,27,'NEW ORLEANS');
INSERT INTO I032T_GEOGRAFICO (CO_GEOGRAFICO,CO_TIPO_GEOGRAFICO,NU_PADRE_GEOGRAFICO,NB_GEOGRAFICO) VALUES (159,7,27,'NEW YORK');
INSERT INTO I032T_GEOGRAFICO (CO_GEOGRAFICO,CO_TIPO_GEOGRAFICO,NU_PADRE_GEOGRAFICO,NB_GEOGRAFICO) VALUES (160,7,27,'PUERTO RICO');
INSERT INTO I032T_GEOGRAFICO (CO_GEOGRAFICO,CO_TIPO_GEOGRAFICO,NU_PADRE_GEOGRAFICO,NB_GEOGRAFICO) VALUES (161,7,27,'SAN FRANCISCO');
INSERT INTO I032T_GEOGRAFICO (CO_GEOGRAFICO,CO_TIPO_GEOGRAFICO,NU_PADRE_GEOGRAFICO,NB_GEOGRAFICO) VALUES (162,7,27,'WASHINGTON');
INSERT INTO I032T_GEOGRAFICO (CO_GEOGRAFICO,CO_TIPO_GEOGRAFICO,NU_PADRE_GEOGRAFICO,NB_GEOGRAFICO) VALUES (163,7,28,'MOSCU');
INSERT INTO I032T_GEOGRAFICO (CO_GEOGRAFICO,CO_TIPO_GEOGRAFICO,NU_PADRE_GEOGRAFICO,NB_GEOGRAFICO) VALUES (164,7,29,'MANILA');
INSERT INTO I032T_GEOGRAFICO (CO_GEOGRAFICO,CO_TIPO_GEOGRAFICO,NU_PADRE_GEOGRAFICO,NB_GEOGRAFICO) VALUES (165,7,30,'HELSINKI');
INSERT INTO I032T_GEOGRAFICO (CO_GEOGRAFICO,CO_TIPO_GEOGRAFICO,NU_PADRE_GEOGRAFICO,NB_GEOGRAFICO) VALUES (166,7,31,'MARTINICA');
INSERT INTO I032T_GEOGRAFICO (CO_GEOGRAFICO,CO_TIPO_GEOGRAFICO,NU_PADRE_GEOGRAFICO,NB_GEOGRAFICO) VALUES (167,7,31,'PARIS');
INSERT INTO I032T_GEOGRAFICO (CO_GEOGRAFICO,CO_TIPO_GEOGRAFICO,NU_PADRE_GEOGRAFICO,NB_GEOGRAFICO) VALUES (168,7,32,'LONDRES');
INSERT INTO I032T_GEOGRAFICO (CO_GEOGRAFICO,CO_TIPO_GEOGRAFICO,NU_PADRE_GEOGRAFICO,NB_GEOGRAFICO) VALUES (169,7,33,'ATENAS');
INSERT INTO I032T_GEOGRAFICO (CO_GEOGRAFICO,CO_TIPO_GEOGRAFICO,NU_PADRE_GEOGRAFICO,NB_GEOGRAFICO) VALUES (170,7,34,'GUATEMALA');
INSERT INTO I032T_GEOGRAFICO (CO_GEOGRAFICO,CO_TIPO_GEOGRAFICO,NU_PADRE_GEOGRAFICO,NB_GEOGRAFICO) VALUES (171,7,35,'GEORGETOWN');
INSERT INTO I032T_GEOGRAFICO (CO_GEOGRAFICO,CO_TIPO_GEOGRAFICO,NU_PADRE_GEOGRAFICO,NB_GEOGRAFICO) VALUES (172,7,36,'PUERTO PRINCIPE');
INSERT INTO I032T_GEOGRAFICO (CO_GEOGRAFICO,CO_TIPO_GEOGRAFICO,NU_PADRE_GEOGRAFICO,NB_GEOGRAFICO) VALUES (173,7,37,'TEGUCIGALPA');
INSERT INTO I032T_GEOGRAFICO (CO_GEOGRAFICO,CO_TIPO_GEOGRAFICO,NU_PADRE_GEOGRAFICO,NB_GEOGRAFICO) VALUES (174,7,38,'BUDAPEST');
INSERT INTO I032T_GEOGRAFICO (CO_GEOGRAFICO,CO_TIPO_GEOGRAFICO,NU_PADRE_GEOGRAFICO,NB_GEOGRAFICO) VALUES (175,7,39,'NUEVA DELHI');
INSERT INTO I032T_GEOGRAFICO (CO_GEOGRAFICO,CO_TIPO_GEOGRAFICO,NU_PADRE_GEOGRAFICO,NB_GEOGRAFICO) VALUES (176,7,40,'JAKARTA');
INSERT INTO I032T_GEOGRAFICO (CO_GEOGRAFICO,CO_TIPO_GEOGRAFICO,NU_PADRE_GEOGRAFICO,NB_GEOGRAFICO) VALUES (177,7,41,'BAGDAD');
INSERT INTO I032T_GEOGRAFICO (CO_GEOGRAFICO,CO_TIPO_GEOGRAFICO,NU_PADRE_GEOGRAFICO,NB_GEOGRAFICO) VALUES (178,7,42,'TEL AVIV');
INSERT INTO I032T_GEOGRAFICO (CO_GEOGRAFICO,CO_TIPO_GEOGRAFICO,NU_PADRE_GEOGRAFICO,NB_GEOGRAFICO) VALUES (179,7,43,'MILAN');
INSERT INTO I032T_GEOGRAFICO (CO_GEOGRAFICO,CO_TIPO_GEOGRAFICO,NU_PADRE_GEOGRAFICO,NB_GEOGRAFICO) VALUES (180,7,43,'NAPOLES');
INSERT INTO I032T_GEOGRAFICO (CO_GEOGRAFICO,CO_TIPO_GEOGRAFICO,NU_PADRE_GEOGRAFICO,NB_GEOGRAFICO) VALUES (181,7,43,'ROMA');
INSERT INTO I032T_GEOGRAFICO (CO_GEOGRAFICO,CO_TIPO_GEOGRAFICO,NU_PADRE_GEOGRAFICO,NB_GEOGRAFICO) VALUES (182,7,44,'KINGSTON');
INSERT INTO I032T_GEOGRAFICO (CO_GEOGRAFICO,CO_TIPO_GEOGRAFICO,NU_PADRE_GEOGRAFICO,NB_GEOGRAFICO) VALUES (183,7,45,'TOKIO');
INSERT INTO I032T_GEOGRAFICO (CO_GEOGRAFICO,CO_TIPO_GEOGRAFICO,NU_PADRE_GEOGRAFICO,NB_GEOGRAFICO) VALUES (184,7,46,'NAIROBI');
INSERT INTO I032T_GEOGRAFICO (CO_GEOGRAFICO,CO_TIPO_GEOGRAFICO,NU_PADRE_GEOGRAFICO,NB_GEOGRAFICO) VALUES (185,7,47,'KUWAIT');
INSERT INTO I032T_GEOGRAFICO (CO_GEOGRAFICO,CO_TIPO_GEOGRAFICO,NU_PADRE_GEOGRAFICO,NB_GEOGRAFICO) VALUES (186,7,48,'BEIRUT');
INSERT INTO I032T_GEOGRAFICO (CO_GEOGRAFICO,CO_TIPO_GEOGRAFICO,NU_PADRE_GEOGRAFICO,NB_GEOGRAFICO) VALUES (187,7,49,'TRIPOLI');
INSERT INTO I032T_GEOGRAFICO (CO_GEOGRAFICO,CO_TIPO_GEOGRAFICO,NU_PADRE_GEOGRAFICO,NB_GEOGRAFICO) VALUES (188,7,50,'KUALA LUMPUR');
INSERT INTO I032T_GEOGRAFICO (CO_GEOGRAFICO,CO_TIPO_GEOGRAFICO,NU_PADRE_GEOGRAFICO,NB_GEOGRAFICO) VALUES (189,7,51,'RABAT');
INSERT INTO I032T_GEOGRAFICO (CO_GEOGRAFICO,CO_TIPO_GEOGRAFICO,NU_PADRE_GEOGRAFICO,NB_GEOGRAFICO) VALUES (190,7,52,'MEXICO');
INSERT INTO I032T_GEOGRAFICO (CO_GEOGRAFICO,CO_TIPO_GEOGRAFICO,NU_PADRE_GEOGRAFICO,NB_GEOGRAFICO) VALUES (191,7,53,'WINDHOEK');
INSERT INTO I032T_GEOGRAFICO (CO_GEOGRAFICO,CO_TIPO_GEOGRAFICO,NU_PADRE_GEOGRAFICO,NB_GEOGRAFICO) VALUES (192,7,54,'MANAGUA');
INSERT INTO I032T_GEOGRAFICO (CO_GEOGRAFICO,CO_TIPO_GEOGRAFICO,NU_PADRE_GEOGRAFICO,NB_GEOGRAFICO) VALUES (193,7,55,'LAGOS');
INSERT INTO I032T_GEOGRAFICO (CO_GEOGRAFICO,CO_TIPO_GEOGRAFICO,NU_PADRE_GEOGRAFICO,NB_GEOGRAFICO) VALUES (194,7,56,'OSLO');
INSERT INTO I032T_GEOGRAFICO (CO_GEOGRAFICO,CO_TIPO_GEOGRAFICO,NU_PADRE_GEOGRAFICO,NB_GEOGRAFICO) VALUES (195,7,57,'ARUBA');
INSERT INTO I032T_GEOGRAFICO (CO_GEOGRAFICO,CO_TIPO_GEOGRAFICO,NU_PADRE_GEOGRAFICO,NB_GEOGRAFICO) VALUES (196,7,57,'BONAIRE');
INSERT INTO I032T_GEOGRAFICO (CO_GEOGRAFICO,CO_TIPO_GEOGRAFICO,NU_PADRE_GEOGRAFICO,NB_GEOGRAFICO) VALUES (197,7,57,'CURAZAO');
INSERT INTO I032T_GEOGRAFICO (CO_GEOGRAFICO,CO_TIPO_GEOGRAFICO,NU_PADRE_GEOGRAFICO,NB_GEOGRAFICO) VALUES (198,7,57,'LA HAYA');
INSERT INTO I032T_GEOGRAFICO (CO_GEOGRAFICO,CO_TIPO_GEOGRAFICO,NU_PADRE_GEOGRAFICO,NB_GEOGRAFICO) VALUES (199,7,58,'PANAMA');
INSERT INTO I032T_GEOGRAFICO (CO_GEOGRAFICO,CO_TIPO_GEOGRAFICO,NU_PADRE_GEOGRAFICO,NB_GEOGRAFICO) VALUES (200,7,59,'ASUNCION');
INSERT INTO I032T_GEOGRAFICO (CO_GEOGRAFICO,CO_TIPO_GEOGRAFICO,NU_PADRE_GEOGRAFICO,NB_GEOGRAFICO) VALUES (201,7,60,'LIMA');
INSERT INTO I032T_GEOGRAFICO (CO_GEOGRAFICO,CO_TIPO_GEOGRAFICO,NU_PADRE_GEOGRAFICO,NB_GEOGRAFICO) VALUES (202,7,61,'VARSOVIA');
INSERT INTO I032T_GEOGRAFICO (CO_GEOGRAFICO,CO_TIPO_GEOGRAFICO,NU_PADRE_GEOGRAFICO,NB_GEOGRAFICO) VALUES (203,7,62,'FUNCHAL MADEIRA');
INSERT INTO I032T_GEOGRAFICO (CO_GEOGRAFICO,CO_TIPO_GEOGRAFICO,NU_PADRE_GEOGRAFICO,NB_GEOGRAFICO) VALUES (204,7,62,'LISBOA');
INSERT INTO I032T_GEOGRAFICO (CO_GEOGRAFICO,CO_TIPO_GEOGRAFICO,NU_PADRE_GEOGRAFICO,NB_GEOGRAFICO) VALUES (205,7,63,'SANTO DOMINGO');
INSERT INTO I032T_GEOGRAFICO (CO_GEOGRAFICO,CO_TIPO_GEOGRAFICO,NU_PADRE_GEOGRAFICO,NB_GEOGRAFICO) VALUES (206,7,64,'FRANKFURT');
INSERT INTO I032T_GEOGRAFICO (CO_GEOGRAFICO,CO_TIPO_GEOGRAFICO,NU_PADRE_GEOGRAFICO,NB_GEOGRAFICO) VALUES (207,7,64,'HAMBURGO');
INSERT INTO I032T_GEOGRAFICO (CO_GEOGRAFICO,CO_TIPO_GEOGRAFICO,NU_PADRE_GEOGRAFICO,NB_GEOGRAFICO) VALUES (208,7,64,'BONN');
INSERT INTO I032T_GEOGRAFICO (CO_GEOGRAFICO,CO_TIPO_GEOGRAFICO,NU_PADRE_GEOGRAFICO,NB_GEOGRAFICO) VALUES (209,7,64,'BERLIN');
INSERT INTO I032T_GEOGRAFICO (CO_GEOGRAFICO,CO_TIPO_GEOGRAFICO,NU_PADRE_GEOGRAFICO,NB_GEOGRAFICO) VALUES (210,7,65,'TEHERAN');
INSERT INTO I032T_GEOGRAFICO (CO_GEOGRAFICO,CO_TIPO_GEOGRAFICO,NU_PADRE_GEOGRAFICO,NB_GEOGRAFICO) VALUES (211,7,66,'BUCAREST');
INSERT INTO I032T_GEOGRAFICO (CO_GEOGRAFICO,CO_TIPO_GEOGRAFICO,NU_PADRE_GEOGRAFICO,NB_GEOGRAFICO) VALUES (212,7,67,'BASSETERRE');
INSERT INTO I032T_GEOGRAFICO (CO_GEOGRAFICO,CO_TIPO_GEOGRAFICO,NU_PADRE_GEOGRAFICO,NB_GEOGRAFICO) VALUES (213,7,68,'KINGSTOWN');
INSERT INTO I032T_GEOGRAFICO (CO_GEOGRAFICO,CO_TIPO_GEOGRAFICO,NU_PADRE_GEOGRAFICO,NB_GEOGRAFICO) VALUES (214,7,69,'CASTRIES');
INSERT INTO I032T_GEOGRAFICO (CO_GEOGRAFICO,CO_TIPO_GEOGRAFICO,NU_PADRE_GEOGRAFICO,NB_GEOGRAFICO) VALUES (215,7,70,'DAMASCO');
INSERT INTO I032T_GEOGRAFICO (CO_GEOGRAFICO,CO_TIPO_GEOGRAFICO,NU_PADRE_GEOGRAFICO,NB_GEOGRAFICO) VALUES (216,7,71,'PETRORIA');
INSERT INTO I032T_GEOGRAFICO (CO_GEOGRAFICO,CO_TIPO_GEOGRAFICO,NU_PADRE_GEOGRAFICO,NB_GEOGRAFICO) VALUES (217,7,72,'ESTOCOLMO');
INSERT INTO I032T_GEOGRAFICO (CO_GEOGRAFICO,CO_TIPO_GEOGRAFICO,NU_PADRE_GEOGRAFICO,NB_GEOGRAFICO) VALUES (218,7,73,'BERNA');
INSERT INTO I032T_GEOGRAFICO (CO_GEOGRAFICO,CO_TIPO_GEOGRAFICO,NU_PADRE_GEOGRAFICO,NB_GEOGRAFICO) VALUES (219,7,74,'PARAMARIBO');
INSERT INTO I032T_GEOGRAFICO (CO_GEOGRAFICO,CO_TIPO_GEOGRAFICO,NU_PADRE_GEOGRAFICO,NB_GEOGRAFICO) VALUES (220,7,75,'PUERTO ESPAÑA');
INSERT INTO I032T_GEOGRAFICO (CO_GEOGRAFICO,CO_TIPO_GEOGRAFICO,NU_PADRE_GEOGRAFICO,NB_GEOGRAFICO) VALUES (221,7,76,'ANKARA');
INSERT INTO I032T_GEOGRAFICO (CO_GEOGRAFICO,CO_TIPO_GEOGRAFICO,NU_PADRE_GEOGRAFICO,NB_GEOGRAFICO) VALUES (222,7,77,'MONTEVIDEO');
INSERT INTO I032T_GEOGRAFICO (CO_GEOGRAFICO,CO_TIPO_GEOGRAFICO,NU_PADRE_GEOGRAFICO,NB_GEOGRAFICO) VALUES (223,7,78,'ST. GEORGES');
INSERT INTO I032T_GEOGRAFICO (CO_GEOGRAFICO,CO_TIPO_GEOGRAFICO,NU_PADRE_GEOGRAFICO,NB_GEOGRAFICO) VALUES (224,7,79,'CASTRIES');
INSERT INTO I032T_GEOGRAFICO (CO_GEOGRAFICO,CO_TIPO_GEOGRAFICO,NU_PADRE_GEOGRAFICO,NB_GEOGRAFICO) VALUES (225,7,80,'DOHA');
INSERT INTO I032T_GEOGRAFICO (CO_GEOGRAFICO,CO_TIPO_GEOGRAFICO,NU_PADRE_GEOGRAFICO,NB_GEOGRAFICO) VALUES (226,7,81,'PALESTINA');
INSERT INTO I032T_GEOGRAFICO (CO_GEOGRAFICO,CO_TIPO_GEOGRAFICO,NU_PADRE_GEOGRAFICO,NB_GEOGRAFICO) VALUES (227,7,82,'ETIOPIA');
INSERT INTO I032T_GEOGRAFICO (CO_GEOGRAFICO,CO_TIPO_GEOGRAFICO,NU_PADRE_GEOGRAFICO,NB_GEOGRAFICO) VALUES (228,7,83,'VIETNAM');
INSERT INTO I032T_GEOGRAFICO (CO_GEOGRAFICO,CO_TIPO_GEOGRAFICO,NU_PADRE_GEOGRAFICO,NB_GEOGRAFICO) VALUES (229,7,84,'SINGAPUR');
INSERT INTO I032T_GEOGRAFICO (CO_GEOGRAFICO,CO_TIPO_GEOGRAFICO,NU_PADRE_GEOGRAFICO,NB_GEOGRAFICO) VALUES (230,7,85,'SENEGAL');
INSERT INTO I032T_GEOGRAFICO (CO_GEOGRAFICO,CO_TIPO_GEOGRAFICO,NU_PADRE_GEOGRAFICO,NB_GEOGRAFICO) VALUES (231,7,86,'MALI');
INSERT INTO I032T_GEOGRAFICO (CO_GEOGRAFICO,CO_TIPO_GEOGRAFICO,NU_PADRE_GEOGRAFICO,NB_GEOGRAFICO) VALUES (232,7,87,'LUANDA');
INSERT INTO I032T_GEOGRAFICO (CO_GEOGRAFICO,CO_TIPO_GEOGRAFICO,NU_PADRE_GEOGRAFICO,NB_GEOGRAFICO) VALUES (233,7,88,'COTONOU');
INSERT INTO I032T_GEOGRAFICO (CO_GEOGRAFICO,CO_TIPO_GEOGRAFICO,NU_PADRE_GEOGRAFICO,NB_GEOGRAFICO) VALUES (234,7,89,'BRAZAVILLE');
INSERT INTO I032T_GEOGRAFICO (CO_GEOGRAFICO,CO_TIPO_GEOGRAFICO,NU_PADRE_GEOGRAFICO,NB_GEOGRAFICO) VALUES (235,7,90,'MALABO');
INSERT INTO I032T_GEOGRAFICO (CO_GEOGRAFICO,CO_TIPO_GEOGRAFICO,NU_PADRE_GEOGRAFICO,NB_GEOGRAFICO) VALUES (236,7,91,'BANJUL');
INSERT INTO I032T_GEOGRAFICO (CO_GEOGRAFICO,CO_TIPO_GEOGRAFICO,NU_PADRE_GEOGRAFICO,NB_GEOGRAFICO) VALUES (237,7,92,'MAPUTO');
INSERT INTO I032T_GEOGRAFICO (CO_GEOGRAFICO,CO_TIPO_GEOGRAFICO,NU_PADRE_GEOGRAFICO,NB_GEOGRAFICO) VALUES (238,7,93,'JARTUM');
INSERT INTO I032T_GEOGRAFICO (CO_GEOGRAFICO,CO_TIPO_GEOGRAFICO,NU_PADRE_GEOGRAFICO,NB_GEOGRAFICO) VALUES (239,7,94,'ABU DHABI');
INSERT INTO I032T_GEOGRAFICO (CO_GEOGRAFICO,CO_TIPO_GEOGRAFICO,NU_PADRE_GEOGRAFICO,NB_GEOGRAFICO) VALUES (240,7,95,'WILLEMSTAD');
INSERT INTO I032T_GEOGRAFICO (CO_GEOGRAFICO,CO_TIPO_GEOGRAFICO,NU_PADRE_GEOGRAFICO,NB_GEOGRAFICO) VALUES (241,7,96,'MINSK');
INSERT INTO I032T_GEOGRAFICO (CO_GEOGRAFICO,CO_TIPO_GEOGRAFICO,NU_PADRE_GEOGRAFICO,NB_GEOGRAFICO) VALUES (242,7,97,'AMMAN');
INSERT INTO I032T_GEOGRAFICO (CO_GEOGRAFICO,CO_TIPO_GEOGRAFICO,NU_PADRE_GEOGRAFICO,NB_GEOGRAFICO) VALUES (243,7,98,'NICOSIA');
INSERT INTO I032T_GEOGRAFICO (CO_GEOGRAFICO,CO_TIPO_GEOGRAFICO,NU_PADRE_GEOGRAFICO,NB_GEOGRAFICO) VALUES (244,2,0,'DTTO. CAPITAL');
INSERT INTO I032T_GEOGRAFICO (CO_GEOGRAFICO,CO_TIPO_GEOGRAFICO,NU_PADRE_GEOGRAFICO,NB_GEOGRAFICO) VALUES (245,2,0,'ANZOÁTEGUI');
INSERT INTO I032T_GEOGRAFICO (CO_GEOGRAFICO,CO_TIPO_GEOGRAFICO,NU_PADRE_GEOGRAFICO,NB_GEOGRAFICO) VALUES (246,2,0,'APURE');
INSERT INTO I032T_GEOGRAFICO (CO_GEOGRAFICO,CO_TIPO_GEOGRAFICO,NU_PADRE_GEOGRAFICO,NB_GEOGRAFICO) VALUES (247,2,0,'ARAGUA');
INSERT INTO I032T_GEOGRAFICO (CO_GEOGRAFICO,CO_TIPO_GEOGRAFICO,NU_PADRE_GEOGRAFICO,NB_GEOGRAFICO) VALUES (248,2,0,'BARINAS');
INSERT INTO I032T_GEOGRAFICO (CO_GEOGRAFICO,CO_TIPO_GEOGRAFICO,NU_PADRE_GEOGRAFICO,NB_GEOGRAFICO) VALUES (249,2,0,'BOLÍVAR');
INSERT INTO I032T_GEOGRAFICO (CO_GEOGRAFICO,CO_TIPO_GEOGRAFICO,NU_PADRE_GEOGRAFICO,NB_GEOGRAFICO) VALUES (250,2,0,'CARABOBO');
INSERT INTO I032T_GEOGRAFICO (CO_GEOGRAFICO,CO_TIPO_GEOGRAFICO,NU_PADRE_GEOGRAFICO,NB_GEOGRAFICO) VALUES (251,2,0,'COJEDES');
INSERT INTO I032T_GEOGRAFICO (CO_GEOGRAFICO,CO_TIPO_GEOGRAFICO,NU_PADRE_GEOGRAFICO,NB_GEOGRAFICO) VALUES (252,2,0,'FALCON');
INSERT INTO I032T_GEOGRAFICO (CO_GEOGRAFICO,CO_TIPO_GEOGRAFICO,NU_PADRE_GEOGRAFICO,NB_GEOGRAFICO) VALUES (253,2,0,'GUÁRICO');
INSERT INTO I032T_GEOGRAFICO (CO_GEOGRAFICO,CO_TIPO_GEOGRAFICO,NU_PADRE_GEOGRAFICO,NB_GEOGRAFICO) VALUES (254,2,0,'LARA');
INSERT INTO I032T_GEOGRAFICO (CO_GEOGRAFICO,CO_TIPO_GEOGRAFICO,NU_PADRE_GEOGRAFICO,NB_GEOGRAFICO) VALUES (255,2,0,'MERIDA');
INSERT INTO I032T_GEOGRAFICO (CO_GEOGRAFICO,CO_TIPO_GEOGRAFICO,NU_PADRE_GEOGRAFICO,NB_GEOGRAFICO) VALUES (256,2,0,'MIRANDA');
INSERT INTO I032T_GEOGRAFICO (CO_GEOGRAFICO,CO_TIPO_GEOGRAFICO,NU_PADRE_GEOGRAFICO,NB_GEOGRAFICO) VALUES (257,2,0,'MONAGAS');
INSERT INTO I032T_GEOGRAFICO (CO_GEOGRAFICO,CO_TIPO_GEOGRAFICO,NU_PADRE_GEOGRAFICO,NB_GEOGRAFICO) VALUES (258,2,0,'NUEVA ESPARTA');
INSERT INTO I032T_GEOGRAFICO (CO_GEOGRAFICO,CO_TIPO_GEOGRAFICO,NU_PADRE_GEOGRAFICO,NB_GEOGRAFICO) VALUES (259,2,0,'PORTUGUESA');
INSERT INTO I032T_GEOGRAFICO (CO_GEOGRAFICO,CO_TIPO_GEOGRAFICO,NU_PADRE_GEOGRAFICO,NB_GEOGRAFICO) VALUES (260,2,0,'SUCRE');
INSERT INTO I032T_GEOGRAFICO (CO_GEOGRAFICO,CO_TIPO_GEOGRAFICO,NU_PADRE_GEOGRAFICO,NB_GEOGRAFICO) VALUES (261,2,0,'TÁCHIRA');
INSERT INTO I032T_GEOGRAFICO (CO_GEOGRAFICO,CO_TIPO_GEOGRAFICO,NU_PADRE_GEOGRAFICO,NB_GEOGRAFICO) VALUES (262,2,0,'TRUJILLO');
INSERT INTO I032T_GEOGRAFICO (CO_GEOGRAFICO,CO_TIPO_GEOGRAFICO,NU_PADRE_GEOGRAFICO,NB_GEOGRAFICO) VALUES (263,2,0,'YARACUY');
INSERT INTO I032T_GEOGRAFICO (CO_GEOGRAFICO,CO_TIPO_GEOGRAFICO,NU_PADRE_GEOGRAFICO,NB_GEOGRAFICO) VALUES (264,2,0,'ZULIA');
INSERT INTO I032T_GEOGRAFICO (CO_GEOGRAFICO,CO_TIPO_GEOGRAFICO,NU_PADRE_GEOGRAFICO,NB_GEOGRAFICO) VALUES (265,2,0,'AMAZONAS');
INSERT INTO I032T_GEOGRAFICO (CO_GEOGRAFICO,CO_TIPO_GEOGRAFICO,NU_PADRE_GEOGRAFICO,NB_GEOGRAFICO) VALUES (266,2,0,'DELTA AMACURO');
INSERT INTO I032T_GEOGRAFICO (CO_GEOGRAFICO,CO_TIPO_GEOGRAFICO,NU_PADRE_GEOGRAFICO,NB_GEOGRAFICO) VALUES (267,2,0,'VARGAS');
INSERT INTO I032T_GEOGRAFICO (CO_GEOGRAFICO,CO_TIPO_GEOGRAFICO,NU_PADRE_GEOGRAFICO,NB_GEOGRAFICO) VALUES (268,3,244,'BOLIVARIANO LIBERTADOR');
INSERT INTO I032T_GEOGRAFICO (CO_GEOGRAFICO,CO_TIPO_GEOGRAFICO,NU_PADRE_GEOGRAFICO,NB_GEOGRAFICO) VALUES (269,4,268,'ALTAGRACIA');
INSERT INTO I032T_GEOGRAFICO (CO_GEOGRAFICO,CO_TIPO_GEOGRAFICO,NU_PADRE_GEOGRAFICO,NB_GEOGRAFICO) VALUES (270,4,268,'CANDELARIA');
INSERT INTO I032T_GEOGRAFICO (CO_GEOGRAFICO,CO_TIPO_GEOGRAFICO,NU_PADRE_GEOGRAFICO,NB_GEOGRAFICO) VALUES (271,4,268,'CATEDRAL');
INSERT INTO I032T_GEOGRAFICO (CO_GEOGRAFICO,CO_TIPO_GEOGRAFICO,NU_PADRE_GEOGRAFICO,NB_GEOGRAFICO) VALUES (272,4,268,'LA PASTORA');
INSERT INTO I032T_GEOGRAFICO (CO_GEOGRAFICO,CO_TIPO_GEOGRAFICO,NU_PADRE_GEOGRAFICO,NB_GEOGRAFICO) VALUES (273,4,268,'SAN AGUSTÍN');
INSERT INTO I032T_GEOGRAFICO (CO_GEOGRAFICO,CO_TIPO_GEOGRAFICO,NU_PADRE_GEOGRAFICO,NB_GEOGRAFICO) VALUES (274,4,268,'SAN JOSÉ');
INSERT INTO I032T_GEOGRAFICO (CO_GEOGRAFICO,CO_TIPO_GEOGRAFICO,NU_PADRE_GEOGRAFICO,NB_GEOGRAFICO) VALUES (275,4,268,'SAN JUAN');
INSERT INTO I032T_GEOGRAFICO (CO_GEOGRAFICO,CO_TIPO_GEOGRAFICO,NU_PADRE_GEOGRAFICO,NB_GEOGRAFICO) VALUES (276,4,268,'SANTA ROSALIA');
INSERT INTO I032T_GEOGRAFICO (CO_GEOGRAFICO,CO_TIPO_GEOGRAFICO,NU_PADRE_GEOGRAFICO,NB_GEOGRAFICO) VALUES (277,4,268,'SANTA TERESA');
INSERT INTO I032T_GEOGRAFICO (CO_GEOGRAFICO,CO_TIPO_GEOGRAFICO,NU_PADRE_GEOGRAFICO,NB_GEOGRAFICO) VALUES (278,4,268,'SUCRE');
INSERT INTO I032T_GEOGRAFICO (CO_GEOGRAFICO,CO_TIPO_GEOGRAFICO,NU_PADRE_GEOGRAFICO,NB_GEOGRAFICO) VALUES (279,4,268,'23 DE ENERO');
INSERT INTO I032T_GEOGRAFICO (CO_GEOGRAFICO,CO_TIPO_GEOGRAFICO,NU_PADRE_GEOGRAFICO,NB_GEOGRAFICO) VALUES (280,4,268,'ANTIMANO');
INSERT INTO I032T_GEOGRAFICO (CO_GEOGRAFICO,CO_TIPO_GEOGRAFICO,NU_PADRE_GEOGRAFICO,NB_GEOGRAFICO) VALUES (281,4,268,'EL RECREO');
INSERT INTO I032T_GEOGRAFICO (CO_GEOGRAFICO,CO_TIPO_GEOGRAFICO,NU_PADRE_GEOGRAFICO,NB_GEOGRAFICO) VALUES (282,4,268,'EL VALLE');
INSERT INTO I032T_GEOGRAFICO (CO_GEOGRAFICO,CO_TIPO_GEOGRAFICO,NU_PADRE_GEOGRAFICO,NB_GEOGRAFICO) VALUES (283,4,268,'LA VEGA');
INSERT INTO I032T_GEOGRAFICO (CO_GEOGRAFICO,CO_TIPO_GEOGRAFICO,NU_PADRE_GEOGRAFICO,NB_GEOGRAFICO) VALUES (284,4,268,'MACARAO');
INSERT INTO I032T_GEOGRAFICO (CO_GEOGRAFICO,CO_TIPO_GEOGRAFICO,NU_PADRE_GEOGRAFICO,NB_GEOGRAFICO) VALUES (285,4,268,'CARICUAO');
INSERT INTO I032T_GEOGRAFICO (CO_GEOGRAFICO,CO_TIPO_GEOGRAFICO,NU_PADRE_GEOGRAFICO,NB_GEOGRAFICO) VALUES (286,4,268,'EL JUNQUITO');
INSERT INTO I032T_GEOGRAFICO (CO_GEOGRAFICO,CO_TIPO_GEOGRAFICO,NU_PADRE_GEOGRAFICO,NB_GEOGRAFICO) VALUES (287,4,268,'COCHE');
INSERT INTO I032T_GEOGRAFICO (CO_GEOGRAFICO,CO_TIPO_GEOGRAFICO,NU_PADRE_GEOGRAFICO,NB_GEOGRAFICO) VALUES (288,4,268,'SAN PEDRO');
INSERT INTO I032T_GEOGRAFICO (CO_GEOGRAFICO,CO_TIPO_GEOGRAFICO,NU_PADRE_GEOGRAFICO,NB_GEOGRAFICO) VALUES (289,4,268,'SAN BERNARDINO');
INSERT INTO I032T_GEOGRAFICO (CO_GEOGRAFICO,CO_TIPO_GEOGRAFICO,NU_PADRE_GEOGRAFICO,NB_GEOGRAFICO) VALUES (290,4,268,'EL PARAÍSO');
INSERT INTO I032T_GEOGRAFICO (CO_GEOGRAFICO,CO_TIPO_GEOGRAFICO,NU_PADRE_GEOGRAFICO,NB_GEOGRAFICO) VALUES (291,3,245,'ANACO');
INSERT INTO I032T_GEOGRAFICO (CO_GEOGRAFICO,CO_TIPO_GEOGRAFICO,NU_PADRE_GEOGRAFICO,NB_GEOGRAFICO) VALUES (292,3,245,'ARAGUA');
INSERT INTO I032T_GEOGRAFICO (CO_GEOGRAFICO,CO_TIPO_GEOGRAFICO,NU_PADRE_GEOGRAFICO,NB_GEOGRAFICO) VALUES (293,3,245,'SIMÓN BOLÍVAR');
INSERT INTO I032T_GEOGRAFICO (CO_GEOGRAFICO,CO_TIPO_GEOGRAFICO,NU_PADRE_GEOGRAFICO,NB_GEOGRAFICO) VALUES (294,3,245,'MANUEL EZEQUIEL BRUZUAL');
INSERT INTO I032T_GEOGRAFICO (CO_GEOGRAFICO,CO_TIPO_GEOGRAFICO,NU_PADRE_GEOGRAFICO,NB_GEOGRAFICO) VALUES (295,3,245,'JUAN MANUEL CAJIGAL');
INSERT INTO I032T_GEOGRAFICO (CO_GEOGRAFICO,CO_TIPO_GEOGRAFICO,NU_PADRE_GEOGRAFICO,NB_GEOGRAFICO) VALUES (296,3,245,'PEDRO MARÍA FREITES');
INSERT INTO I032T_GEOGRAFICO (CO_GEOGRAFICO,CO_TIPO_GEOGRAFICO,NU_PADRE_GEOGRAFICO,NB_GEOGRAFICO) VALUES (297,3,245,'INDEPENDENCIA');
INSERT INTO I032T_GEOGRAFICO (CO_GEOGRAFICO,CO_TIPO_GEOGRAFICO,NU_PADRE_GEOGRAFICO,NB_GEOGRAFICO) VALUES (298,3,245,'LIBERTAD');
INSERT INTO I032T_GEOGRAFICO (CO_GEOGRAFICO,CO_TIPO_GEOGRAFICO,NU_PADRE_GEOGRAFICO,NB_GEOGRAFICO) VALUES (299,3,245,'FRANCISCO DE MIRANDA');
INSERT INTO I032T_GEOGRAFICO (CO_GEOGRAFICO,CO_TIPO_GEOGRAFICO,NU_PADRE_GEOGRAFICO,NB_GEOGRAFICO) VALUES (300,3,245,'JOSÉ GREGORIO MONAGAS');
INSERT INTO I032T_GEOGRAFICO (CO_GEOGRAFICO,CO_TIPO_GEOGRAFICO,NU_PADRE_GEOGRAFICO,NB_GEOGRAFICO) VALUES (301,3,245,'FERNANDO DE PEÑALVER');
INSERT INTO I032T_GEOGRAFICO (CO_GEOGRAFICO,CO_TIPO_GEOGRAFICO,NU_PADRE_GEOGRAFICO,NB_GEOGRAFICO) VALUES (302,3,245,'SIMÓN RODRIGUEZ');
INSERT INTO I032T_GEOGRAFICO (CO_GEOGRAFICO,CO_TIPO_GEOGRAFICO,NU_PADRE_GEOGRAFICO,NB_GEOGRAFICO) VALUES (303,3,245,'JUAN ANTONIO SOTILLO');
INSERT INTO I032T_GEOGRAFICO (CO_GEOGRAFICO,CO_TIPO_GEOGRAFICO,NU_PADRE_GEOGRAFICO,NB_GEOGRAFICO) VALUES (304,3,245,'SAN JOSÉ DE GUANIPA');
INSERT INTO I032T_GEOGRAFICO (CO_GEOGRAFICO,CO_TIPO_GEOGRAFICO,NU_PADRE_GEOGRAFICO,NB_GEOGRAFICO) VALUES (305,3,245,'GUANTA');
INSERT INTO I032T_GEOGRAFICO (CO_GEOGRAFICO,CO_TIPO_GEOGRAFICO,NU_PADRE_GEOGRAFICO,NB_GEOGRAFICO) VALUES (306,3,245,'PÍRITU');
INSERT INTO I032T_GEOGRAFICO (CO_GEOGRAFICO,CO_TIPO_GEOGRAFICO,NU_PADRE_GEOGRAFICO,NB_GEOGRAFICO) VALUES (307,3,245,'DIEGO BAUTISTA URBANEJA');
INSERT INTO I032T_GEOGRAFICO (CO_GEOGRAFICO,CO_TIPO_GEOGRAFICO,NU_PADRE_GEOGRAFICO,NB_GEOGRAFICO) VALUES (308,3,245,'FRANCISCO DEL CARMEN CARVAJAL');
INSERT INTO I032T_GEOGRAFICO (CO_GEOGRAFICO,CO_TIPO_GEOGRAFICO,NU_PADRE_GEOGRAFICO,NB_GEOGRAFICO) VALUES (309,3,245,'SANTA ANA');
INSERT INTO I032T_GEOGRAFICO (CO_GEOGRAFICO,CO_TIPO_GEOGRAFICO,NU_PADRE_GEOGRAFICO,NB_GEOGRAFICO) VALUES (310,3,245,'SIR ARTHUR MC GREGOR');
INSERT INTO I032T_GEOGRAFICO (CO_GEOGRAFICO,CO_TIPO_GEOGRAFICO,NU_PADRE_GEOGRAFICO,NB_GEOGRAFICO) VALUES (311,3,245,'SAN JUAN DE CAPISTRANO');
INSERT INTO I032T_GEOGRAFICO (CO_GEOGRAFICO,CO_TIPO_GEOGRAFICO,NU_PADRE_GEOGRAFICO,NB_GEOGRAFICO) VALUES (312,4,291,'ANACO');
INSERT INTO I032T_GEOGRAFICO (CO_GEOGRAFICO,CO_TIPO_GEOGRAFICO,NU_PADRE_GEOGRAFICO,NB_GEOGRAFICO) VALUES (313,4,291,'SAN JOAQUÍN');
INSERT INTO I032T_GEOGRAFICO (CO_GEOGRAFICO,CO_TIPO_GEOGRAFICO,NU_PADRE_GEOGRAFICO,NB_GEOGRAFICO) VALUES (314,4,292,'CM. ARAGUA DE BARCELONA');
INSERT INTO I032T_GEOGRAFICO (CO_GEOGRAFICO,CO_TIPO_GEOGRAFICO,NU_PADRE_GEOGRAFICO,NB_GEOGRAFICO) VALUES (315,4,292,'CACHIPO');
INSERT INTO I032T_GEOGRAFICO (CO_GEOGRAFICO,CO_TIPO_GEOGRAFICO,NU_PADRE_GEOGRAFICO,NB_GEOGRAFICO) VALUES (316,4,293,'EL CARMEN');
INSERT INTO I032T_GEOGRAFICO (CO_GEOGRAFICO,CO_TIPO_GEOGRAFICO,NU_PADRE_GEOGRAFICO,NB_GEOGRAFICO) VALUES (317,4,293,'SAN CRISTÓBAL');
INSERT INTO I032T_GEOGRAFICO (CO_GEOGRAFICO,CO_TIPO_GEOGRAFICO,NU_PADRE_GEOGRAFICO,NB_GEOGRAFICO) VALUES (318,4,293,'BERGANTIN');
INSERT INTO I032T_GEOGRAFICO (CO_GEOGRAFICO,CO_TIPO_GEOGRAFICO,NU_PADRE_GEOGRAFICO,NB_GEOGRAFICO) VALUES (319,4,293,'CAIGUA');
INSERT INTO I032T_GEOGRAFICO (CO_GEOGRAFICO,CO_TIPO_GEOGRAFICO,NU_PADRE_GEOGRAFICO,NB_GEOGRAFICO) VALUES (320,4,293,'EL PILAR');
INSERT INTO I032T_GEOGRAFICO (CO_GEOGRAFICO,CO_TIPO_GEOGRAFICO,NU_PADRE_GEOGRAFICO,NB_GEOGRAFICO) VALUES (321,4,293,'NARICUAL');
INSERT INTO I032T_GEOGRAFICO (CO_GEOGRAFICO,CO_TIPO_GEOGRAFICO,NU_PADRE_GEOGRAFICO,NB_GEOGRAFICO) VALUES (322,4,294,'CM. CLARINES');
INSERT INTO I032T_GEOGRAFICO (CO_GEOGRAFICO,CO_TIPO_GEOGRAFICO,NU_PADRE_GEOGRAFICO,NB_GEOGRAFICO) VALUES (323,4,294,'GUANAPE');
INSERT INTO I032T_GEOGRAFICO (CO_GEOGRAFICO,CO_TIPO_GEOGRAFICO,NU_PADRE_GEOGRAFICO,NB_GEOGRAFICO) VALUES (324,4,294,'SABANA DE UCHIRE');
INSERT INTO I032T_GEOGRAFICO (CO_GEOGRAFICO,CO_TIPO_GEOGRAFICO,NU_PADRE_GEOGRAFICO,NB_GEOGRAFICO) VALUES (325,4,295,'CM. ONOTO');
INSERT INTO I032T_GEOGRAFICO (CO_GEOGRAFICO,CO_TIPO_GEOGRAFICO,NU_PADRE_GEOGRAFICO,NB_GEOGRAFICO) VALUES (326,4,295,'SAN PABLO');
INSERT INTO I032T_GEOGRAFICO (CO_GEOGRAFICO,CO_TIPO_GEOGRAFICO,NU_PADRE_GEOGRAFICO,NB_GEOGRAFICO) VALUES (327,4,296,'CM. CANTAURA');
INSERT INTO I032T_GEOGRAFICO (CO_GEOGRAFICO,CO_TIPO_GEOGRAFICO,NU_PADRE_GEOGRAFICO,NB_GEOGRAFICO) VALUES (328,4,296,'LIBERTADOR');
INSERT INTO I032T_GEOGRAFICO (CO_GEOGRAFICO,CO_TIPO_GEOGRAFICO,NU_PADRE_GEOGRAFICO,NB_GEOGRAFICO) VALUES (329,4,296,'SANTA ROSA');
INSERT INTO I032T_GEOGRAFICO (CO_GEOGRAFICO,CO_TIPO_GEOGRAFICO,NU_PADRE_GEOGRAFICO,NB_GEOGRAFICO) VALUES (330,4,296,'URICA');
INSERT INTO I032T_GEOGRAFICO (CO_GEOGRAFICO,CO_TIPO_GEOGRAFICO,NU_PADRE_GEOGRAFICO,NB_GEOGRAFICO) VALUES (331,4,297,'CM. SOLEDAD');
INSERT INTO I032T_GEOGRAFICO (CO_GEOGRAFICO,CO_TIPO_GEOGRAFICO,NU_PADRE_GEOGRAFICO,NB_GEOGRAFICO) VALUES (332,4,297,'MAMO');
INSERT INTO I032T_GEOGRAFICO (CO_GEOGRAFICO,CO_TIPO_GEOGRAFICO,NU_PADRE_GEOGRAFICO,NB_GEOGRAFICO) VALUES (333,4,298,'CM. SAN MATEO');
INSERT INTO I032T_GEOGRAFICO (CO_GEOGRAFICO,CO_TIPO_GEOGRAFICO,NU_PADRE_GEOGRAFICO,NB_GEOGRAFICO) VALUES (334,4,298,'EL CARITO');
INSERT INTO I032T_GEOGRAFICO (CO_GEOGRAFICO,CO_TIPO_GEOGRAFICO,NU_PADRE_GEOGRAFICO,NB_GEOGRAFICO) VALUES (335,4,298,'SANTA INÉS');
INSERT INTO I032T_GEOGRAFICO (CO_GEOGRAFICO,CO_TIPO_GEOGRAFICO,NU_PADRE_GEOGRAFICO,NB_GEOGRAFICO) VALUES (336,4,299,'CM. PARIAGUAN');
INSERT INTO I032T_GEOGRAFICO (CO_GEOGRAFICO,CO_TIPO_GEOGRAFICO,NU_PADRE_GEOGRAFICO,NB_GEOGRAFICO) VALUES (337,4,299,'ATAPIRIRE');
INSERT INTO I032T_GEOGRAFICO (CO_GEOGRAFICO,CO_TIPO_GEOGRAFICO,NU_PADRE_GEOGRAFICO,NB_GEOGRAFICO) VALUES (338,4,299,'BOCA DEL PAO');
INSERT INTO I032T_GEOGRAFICO (CO_GEOGRAFICO,CO_TIPO_GEOGRAFICO,NU_PADRE_GEOGRAFICO,NB_GEOGRAFICO) VALUES (339,4,299,'EL PAO');
INSERT INTO I032T_GEOGRAFICO (CO_GEOGRAFICO,CO_TIPO_GEOGRAFICO,NU_PADRE_GEOGRAFICO,NB_GEOGRAFICO) VALUES (340,4,300,'CM. MAPIRE');
INSERT INTO I032T_GEOGRAFICO (CO_GEOGRAFICO,CO_TIPO_GEOGRAFICO,NU_PADRE_GEOGRAFICO,NB_GEOGRAFICO) VALUES (341,4,300,'PIAR');
INSERT INTO I032T_GEOGRAFICO (CO_GEOGRAFICO,CO_TIPO_GEOGRAFICO,NU_PADRE_GEOGRAFICO,NB_GEOGRAFICO) VALUES (342,4,300,'SAN DIEGO DE CABRUTICA');
INSERT INTO I032T_GEOGRAFICO (CO_GEOGRAFICO,CO_TIPO_GEOGRAFICO,NU_PADRE_GEOGRAFICO,NB_GEOGRAFICO) VALUES (343,4,300,'SANTA CLARA');
INSERT INTO I032T_GEOGRAFICO (CO_GEOGRAFICO,CO_TIPO_GEOGRAFICO,NU_PADRE_GEOGRAFICO,NB_GEOGRAFICO) VALUES (344,4,300,'UVERITO');
INSERT INTO I032T_GEOGRAFICO (CO_GEOGRAFICO,CO_TIPO_GEOGRAFICO,NU_PADRE_GEOGRAFICO,NB_GEOGRAFICO) VALUES (345,4,300,'ZUATA');
INSERT INTO I032T_GEOGRAFICO (CO_GEOGRAFICO,CO_TIPO_GEOGRAFICO,NU_PADRE_GEOGRAFICO,NB_GEOGRAFICO) VALUES (346,4,301,'CM. PUERTO PÍRITU');
INSERT INTO I032T_GEOGRAFICO (CO_GEOGRAFICO,CO_TIPO_GEOGRAFICO,NU_PADRE_GEOGRAFICO,NB_GEOGRAFICO) VALUES (347,4,301,'SAN MIGUEL');
INSERT INTO I032T_GEOGRAFICO (CO_GEOGRAFICO,CO_TIPO_GEOGRAFICO,NU_PADRE_GEOGRAFICO,NB_GEOGRAFICO) VALUES (348,4,301,'SUCRE');
INSERT INTO I032T_GEOGRAFICO (CO_GEOGRAFICO,CO_TIPO_GEOGRAFICO,NU_PADRE_GEOGRAFICO,NB_GEOGRAFICO) VALUES (349,4,302,'CM. EL TIGRE');
INSERT INTO I032T_GEOGRAFICO (CO_GEOGRAFICO,CO_TIPO_GEOGRAFICO,NU_PADRE_GEOGRAFICO,NB_GEOGRAFICO) VALUES (350,4,303,'POZUELOS');
INSERT INTO I032T_GEOGRAFICO (CO_GEOGRAFICO,CO_TIPO_GEOGRAFICO,NU_PADRE_GEOGRAFICO,NB_GEOGRAFICO) VALUES (351,4,303,'CM. PUERTO LA CRUZ');
INSERT INTO I032T_GEOGRAFICO (CO_GEOGRAFICO,CO_TIPO_GEOGRAFICO,NU_PADRE_GEOGRAFICO,NB_GEOGRAFICO) VALUES (352,4,304,'CM. SAN JOSÉ DE GUANIPA');
INSERT INTO I032T_GEOGRAFICO (CO_GEOGRAFICO,CO_TIPO_GEOGRAFICO,NU_PADRE_GEOGRAFICO,NB_GEOGRAFICO) VALUES (353,4,305,'GUANTA');
INSERT INTO I032T_GEOGRAFICO (CO_GEOGRAFICO,CO_TIPO_GEOGRAFICO,NU_PADRE_GEOGRAFICO,NB_GEOGRAFICO) VALUES (354,4,305,'CHORRERÓN');
INSERT INTO I032T_GEOGRAFICO (CO_GEOGRAFICO,CO_TIPO_GEOGRAFICO,NU_PADRE_GEOGRAFICO,NB_GEOGRAFICO) VALUES (355,4,306,'PÍRITU');
INSERT INTO I032T_GEOGRAFICO (CO_GEOGRAFICO,CO_TIPO_GEOGRAFICO,NU_PADRE_GEOGRAFICO,NB_GEOGRAFICO) VALUES (356,4,306,'SAN FRANCISCO');
INSERT INTO I032T_GEOGRAFICO (CO_GEOGRAFICO,CO_TIPO_GEOGRAFICO,NU_PADRE_GEOGRAFICO,NB_GEOGRAFICO) VALUES (357,4,307,'LECHERIAS');
INSERT INTO I032T_GEOGRAFICO (CO_GEOGRAFICO,CO_TIPO_GEOGRAFICO,NU_PADRE_GEOGRAFICO,NB_GEOGRAFICO) VALUES (358,4,307,'EL MORRO');
INSERT INTO I032T_GEOGRAFICO (CO_GEOGRAFICO,CO_TIPO_GEOGRAFICO,NU_PADRE_GEOGRAFICO,NB_GEOGRAFICO) VALUES (359,4,308,'VALLE GUANAPE');
INSERT INTO I032T_GEOGRAFICO (CO_GEOGRAFICO,CO_TIPO_GEOGRAFICO,NU_PADRE_GEOGRAFICO,NB_GEOGRAFICO) VALUES (360,4,308,'SANTA BARBARA');
INSERT INTO I032T_GEOGRAFICO (CO_GEOGRAFICO,CO_TIPO_GEOGRAFICO,NU_PADRE_GEOGRAFICO,NB_GEOGRAFICO) VALUES (361,4,309,'SANTA ANA');
INSERT INTO I032T_GEOGRAFICO (CO_GEOGRAFICO,CO_TIPO_GEOGRAFICO,NU_PADRE_GEOGRAFICO,NB_GEOGRAFICO) VALUES (362,4,309,'PUEBLO NUEVO');
INSERT INTO I032T_GEOGRAFICO (CO_GEOGRAFICO,CO_TIPO_GEOGRAFICO,NU_PADRE_GEOGRAFICO,NB_GEOGRAFICO) VALUES (363,4,310,'EL CHAPARRO');
INSERT INTO I032T_GEOGRAFICO (CO_GEOGRAFICO,CO_TIPO_GEOGRAFICO,NU_PADRE_GEOGRAFICO,NB_GEOGRAFICO) VALUES (364,4,310,'TOMÁS ALFARO CALATRAVA');
INSERT INTO I032T_GEOGRAFICO (CO_GEOGRAFICO,CO_TIPO_GEOGRAFICO,NU_PADRE_GEOGRAFICO,NB_GEOGRAFICO) VALUES (365,4,311,'BOCA DE UCHIRE');
INSERT INTO I032T_GEOGRAFICO (CO_GEOGRAFICO,CO_TIPO_GEOGRAFICO,NU_PADRE_GEOGRAFICO,NB_GEOGRAFICO) VALUES (366,4,311,'BOCA DE CHAVEZ');
INSERT INTO I032T_GEOGRAFICO (CO_GEOGRAFICO,CO_TIPO_GEOGRAFICO,NU_PADRE_GEOGRAFICO,NB_GEOGRAFICO) VALUES (367,3,246,'ACHAGUAS');
INSERT INTO I032T_GEOGRAFICO (CO_GEOGRAFICO,CO_TIPO_GEOGRAFICO,NU_PADRE_GEOGRAFICO,NB_GEOGRAFICO) VALUES (368,3,246,'MUÑOZ');
INSERT INTO I032T_GEOGRAFICO (CO_GEOGRAFICO,CO_TIPO_GEOGRAFICO,NU_PADRE_GEOGRAFICO,NB_GEOGRAFICO) VALUES (369,3,246,'PÁEZ');
INSERT INTO I032T_GEOGRAFICO (CO_GEOGRAFICO,CO_TIPO_GEOGRAFICO,NU_PADRE_GEOGRAFICO,NB_GEOGRAFICO) VALUES (370,3,246,'PEDRO CAMEJO');
INSERT INTO I032T_GEOGRAFICO (CO_GEOGRAFICO,CO_TIPO_GEOGRAFICO,NU_PADRE_GEOGRAFICO,NB_GEOGRAFICO) VALUES (371,3,246,'RÓMULO GALLEGOS');
INSERT INTO I032T_GEOGRAFICO (CO_GEOGRAFICO,CO_TIPO_GEOGRAFICO,NU_PADRE_GEOGRAFICO,NB_GEOGRAFICO) VALUES (372,3,246,'SAN FERNANDO');
INSERT INTO I032T_GEOGRAFICO (CO_GEOGRAFICO,CO_TIPO_GEOGRAFICO,NU_PADRE_GEOGRAFICO,NB_GEOGRAFICO) VALUES (373,3,246,'BIRUACA');
INSERT INTO I032T_GEOGRAFICO (CO_GEOGRAFICO,CO_TIPO_GEOGRAFICO,NU_PADRE_GEOGRAFICO,NB_GEOGRAFICO) VALUES (374,4,367,'ACHAGUAS');
INSERT INTO I032T_GEOGRAFICO (CO_GEOGRAFICO,CO_TIPO_GEOGRAFICO,NU_PADRE_GEOGRAFICO,NB_GEOGRAFICO) VALUES (375,4,367,'APURITO');
INSERT INTO I032T_GEOGRAFICO (CO_GEOGRAFICO,CO_TIPO_GEOGRAFICO,NU_PADRE_GEOGRAFICO,NB_GEOGRAFICO) VALUES (376,4,367,'EL YAGUAL');
INSERT INTO I032T_GEOGRAFICO (CO_GEOGRAFICO,CO_TIPO_GEOGRAFICO,NU_PADRE_GEOGRAFICO,NB_GEOGRAFICO) VALUES (377,4,367,'GUACHARA');
INSERT INTO I032T_GEOGRAFICO (CO_GEOGRAFICO,CO_TIPO_GEOGRAFICO,NU_PADRE_GEOGRAFICO,NB_GEOGRAFICO) VALUES (378,4,367,'MUCURITAS');
INSERT INTO I032T_GEOGRAFICO (CO_GEOGRAFICO,CO_TIPO_GEOGRAFICO,NU_PADRE_GEOGRAFICO,NB_GEOGRAFICO) VALUES (379,4,367,'QUESERAS DEL MEDIO');
INSERT INTO I032T_GEOGRAFICO (CO_GEOGRAFICO,CO_TIPO_GEOGRAFICO,NU_PADRE_GEOGRAFICO,NB_GEOGRAFICO) VALUES (380,4,368,'BRUZUAL');
INSERT INTO I032T_GEOGRAFICO (CO_GEOGRAFICO,CO_TIPO_GEOGRAFICO,NU_PADRE_GEOGRAFICO,NB_GEOGRAFICO) VALUES (381,4,368,'MANTECAL');
INSERT INTO I032T_GEOGRAFICO (CO_GEOGRAFICO,CO_TIPO_GEOGRAFICO,NU_PADRE_GEOGRAFICO,NB_GEOGRAFICO) VALUES (382,4,368,'QUINTERO');
INSERT INTO I032T_GEOGRAFICO (CO_GEOGRAFICO,CO_TIPO_GEOGRAFICO,NU_PADRE_GEOGRAFICO,NB_GEOGRAFICO) VALUES (383,4,368,'SAN VICENTE');
INSERT INTO I032T_GEOGRAFICO (CO_GEOGRAFICO,CO_TIPO_GEOGRAFICO,NU_PADRE_GEOGRAFICO,NB_GEOGRAFICO) VALUES (384,4,368,'RINCÓN HONDO');
INSERT INTO I032T_GEOGRAFICO (CO_GEOGRAFICO,CO_TIPO_GEOGRAFICO,NU_PADRE_GEOGRAFICO,NB_GEOGRAFICO) VALUES (385,4,369,'GUASDUALITO');
INSERT INTO I032T_GEOGRAFICO (CO_GEOGRAFICO,CO_TIPO_GEOGRAFICO,NU_PADRE_GEOGRAFICO,NB_GEOGRAFICO) VALUES (386,4,369,'ARAMENDI');
INSERT INTO I032T_GEOGRAFICO (CO_GEOGRAFICO,CO_TIPO_GEOGRAFICO,NU_PADRE_GEOGRAFICO,NB_GEOGRAFICO) VALUES (387,4,369,'EL AMPARO');
INSERT INTO I032T_GEOGRAFICO (CO_GEOGRAFICO,CO_TIPO_GEOGRAFICO,NU_PADRE_GEOGRAFICO,NB_GEOGRAFICO) VALUES (388,4,369,'SAN CAMILO');
INSERT INTO I032T_GEOGRAFICO (CO_GEOGRAFICO,CO_TIPO_GEOGRAFICO,NU_PADRE_GEOGRAFICO,NB_GEOGRAFICO) VALUES (389,4,369,'URDANETA');
INSERT INTO I032T_GEOGRAFICO (CO_GEOGRAFICO,CO_TIPO_GEOGRAFICO,NU_PADRE_GEOGRAFICO,NB_GEOGRAFICO) VALUES (390,4,370,'SAN JUAN DE PAYARA');
INSERT INTO I032T_GEOGRAFICO (CO_GEOGRAFICO,CO_TIPO_GEOGRAFICO,NU_PADRE_GEOGRAFICO,NB_GEOGRAFICO) VALUES (391,4,370,'CODAZZI');
INSERT INTO I032T_GEOGRAFICO (CO_GEOGRAFICO,CO_TIPO_GEOGRAFICO,NU_PADRE_GEOGRAFICO,NB_GEOGRAFICO) VALUES (392,4,370,'CUNAVICHE');
INSERT INTO I032T_GEOGRAFICO (CO_GEOGRAFICO,CO_TIPO_GEOGRAFICO,NU_PADRE_GEOGRAFICO,NB_GEOGRAFICO) VALUES (393,4,371,'ELORZA');
INSERT INTO I032T_GEOGRAFICO (CO_GEOGRAFICO,CO_TIPO_GEOGRAFICO,NU_PADRE_GEOGRAFICO,NB_GEOGRAFICO) VALUES (394,4,371,'LA TRINIDAD');
INSERT INTO I032T_GEOGRAFICO (CO_GEOGRAFICO,CO_TIPO_GEOGRAFICO,NU_PADRE_GEOGRAFICO,NB_GEOGRAFICO) VALUES (395,4,372,'SAN FERNANDO');
INSERT INTO I032T_GEOGRAFICO (CO_GEOGRAFICO,CO_TIPO_GEOGRAFICO,NU_PADRE_GEOGRAFICO,NB_GEOGRAFICO) VALUES (396,4,372,'PEÑALVER');
INSERT INTO I032T_GEOGRAFICO (CO_GEOGRAFICO,CO_TIPO_GEOGRAFICO,NU_PADRE_GEOGRAFICO,NB_GEOGRAFICO) VALUES (397,4,372,'EL RECREO');
INSERT INTO I032T_GEOGRAFICO (CO_GEOGRAFICO,CO_TIPO_GEOGRAFICO,NU_PADRE_GEOGRAFICO,NB_GEOGRAFICO) VALUES (398,4,372,'SAN RAFAEL DE ATAMAICA');
INSERT INTO I032T_GEOGRAFICO (CO_GEOGRAFICO,CO_TIPO_GEOGRAFICO,NU_PADRE_GEOGRAFICO,NB_GEOGRAFICO) VALUES (399,4,373,'BIRUACA');
INSERT INTO I032T_GEOGRAFICO (CO_GEOGRAFICO,CO_TIPO_GEOGRAFICO,NU_PADRE_GEOGRAFICO,NB_GEOGRAFICO) VALUES (400,3,247,'GIRARDOT');
INSERT INTO I032T_GEOGRAFICO (CO_GEOGRAFICO,CO_TIPO_GEOGRAFICO,NU_PADRE_GEOGRAFICO,NB_GEOGRAFICO) VALUES (401,3,247,'SANTIAGO MARIÑO');
INSERT INTO I032T_GEOGRAFICO (CO_GEOGRAFICO,CO_TIPO_GEOGRAFICO,NU_PADRE_GEOGRAFICO,NB_GEOGRAFICO) VALUES (402,3,247,'JOSÉ FÉLIX RIBAS');
INSERT INTO I032T_GEOGRAFICO (CO_GEOGRAFICO,CO_TIPO_GEOGRAFICO,NU_PADRE_GEOGRAFICO,NB_GEOGRAFICO) VALUES (403,3,247,'SAN CASIMIRO');
INSERT INTO I032T_GEOGRAFICO (CO_GEOGRAFICO,CO_TIPO_GEOGRAFICO,NU_PADRE_GEOGRAFICO,NB_GEOGRAFICO) VALUES (404,3,247,'SAN SEBASTIAN');
INSERT INTO I032T_GEOGRAFICO (CO_GEOGRAFICO,CO_TIPO_GEOGRAFICO,NU_PADRE_GEOGRAFICO,NB_GEOGRAFICO) VALUES (405,3,247,'SUCRE');
INSERT INTO I032T_GEOGRAFICO (CO_GEOGRAFICO,CO_TIPO_GEOGRAFICO,NU_PADRE_GEOGRAFICO,NB_GEOGRAFICO) VALUES (406,3,247,'URDANETA');
INSERT INTO I032T_GEOGRAFICO (CO_GEOGRAFICO,CO_TIPO_GEOGRAFICO,NU_PADRE_GEOGRAFICO,NB_GEOGRAFICO) VALUES (407,3,247,'ZAMORA');
INSERT INTO I032T_GEOGRAFICO (CO_GEOGRAFICO,CO_TIPO_GEOGRAFICO,NU_PADRE_GEOGRAFICO,NB_GEOGRAFICO) VALUES (408,3,247,'LIBERTADOR');
INSERT INTO I032T_GEOGRAFICO (CO_GEOGRAFICO,CO_TIPO_GEOGRAFICO,NU_PADRE_GEOGRAFICO,NB_GEOGRAFICO) VALUES (409,3,247,'JOSÉ ANGEL LAMAS');
INSERT INTO I032T_GEOGRAFICO (CO_GEOGRAFICO,CO_TIPO_GEOGRAFICO,NU_PADRE_GEOGRAFICO,NB_GEOGRAFICO) VALUES (410,3,247,'BOLÍVAR');
INSERT INTO I032T_GEOGRAFICO (CO_GEOGRAFICO,CO_TIPO_GEOGRAFICO,NU_PADRE_GEOGRAFICO,NB_GEOGRAFICO) VALUES (411,3,247,'SANTOS MICHELENA');
INSERT INTO I032T_GEOGRAFICO (CO_GEOGRAFICO,CO_TIPO_GEOGRAFICO,NU_PADRE_GEOGRAFICO,NB_GEOGRAFICO) VALUES (412,3,247,'MARIO BRICEÑO IRAGORRY');
INSERT INTO I032T_GEOGRAFICO (CO_GEOGRAFICO,CO_TIPO_GEOGRAFICO,NU_PADRE_GEOGRAFICO,NB_GEOGRAFICO) VALUES (413,3,247,'TOVAR');
INSERT INTO I032T_GEOGRAFICO (CO_GEOGRAFICO,CO_TIPO_GEOGRAFICO,NU_PADRE_GEOGRAFICO,NB_GEOGRAFICO) VALUES (414,3,247,'CAMATAGUA');
INSERT INTO I032T_GEOGRAFICO (CO_GEOGRAFICO,CO_TIPO_GEOGRAFICO,NU_PADRE_GEOGRAFICO,NB_GEOGRAFICO) VALUES (415,3,247,'JOSÉ RAFAEL REVENGA');
INSERT INTO I032T_GEOGRAFICO (CO_GEOGRAFICO,CO_TIPO_GEOGRAFICO,NU_PADRE_GEOGRAFICO,NB_GEOGRAFICO) VALUES (416,3,247,'FRANCISCO LINARES ALCÁNTARA');
INSERT INTO I032T_GEOGRAFICO (CO_GEOGRAFICO,CO_TIPO_GEOGRAFICO,NU_PADRE_GEOGRAFICO,NB_GEOGRAFICO) VALUES (417,3,247,'OCUMARE DE LA COSTA DE ORO');
INSERT INTO I032T_GEOGRAFICO (CO_GEOGRAFICO,CO_TIPO_GEOGRAFICO,NU_PADRE_GEOGRAFICO,NB_GEOGRAFICO) VALUES (418,4,400,'LAS DELICIAS');
INSERT INTO I032T_GEOGRAFICO (CO_GEOGRAFICO,CO_TIPO_GEOGRAFICO,NU_PADRE_GEOGRAFICO,NB_GEOGRAFICO) VALUES (419,4,400,'CHORONÍ');
INSERT INTO I032T_GEOGRAFICO (CO_GEOGRAFICO,CO_TIPO_GEOGRAFICO,NU_PADRE_GEOGRAFICO,NB_GEOGRAFICO) VALUES (420,4,400,'MADRE MARÍA DE SAN JOSÉ');
INSERT INTO I032T_GEOGRAFICO (CO_GEOGRAFICO,CO_TIPO_GEOGRAFICO,NU_PADRE_GEOGRAFICO,NB_GEOGRAFICO) VALUES (421,4,400,'JOAQUÍN CRESPO');
INSERT INTO I032T_GEOGRAFICO (CO_GEOGRAFICO,CO_TIPO_GEOGRAFICO,NU_PADRE_GEOGRAFICO,NB_GEOGRAFICO) VALUES (422,4,400,'PEDRO JOSÉ OVALLES');
INSERT INTO I032T_GEOGRAFICO (CO_GEOGRAFICO,CO_TIPO_GEOGRAFICO,NU_PADRE_GEOGRAFICO,NB_GEOGRAFICO) VALUES (423,4,400,'JOSÉ CASANOVA GODOY');
INSERT INTO I032T_GEOGRAFICO (CO_GEOGRAFICO,CO_TIPO_GEOGRAFICO,NU_PADRE_GEOGRAFICO,NB_GEOGRAFICO) VALUES (424,4,400,'ANDRÉS ELOY BLANCO');
INSERT INTO I032T_GEOGRAFICO (CO_GEOGRAFICO,CO_TIPO_GEOGRAFICO,NU_PADRE_GEOGRAFICO,NB_GEOGRAFICO) VALUES (425,4,400,'LOS TACARIGUAS');
INSERT INTO I032T_GEOGRAFICO (CO_GEOGRAFICO,CO_TIPO_GEOGRAFICO,NU_PADRE_GEOGRAFICO,NB_GEOGRAFICO) VALUES (426,4,401,'CM. TURMERO');
INSERT INTO I032T_GEOGRAFICO (CO_GEOGRAFICO,CO_TIPO_GEOGRAFICO,NU_PADRE_GEOGRAFICO,NB_GEOGRAFICO) VALUES (427,4,401,'SAMAN DE GUERE');
INSERT INTO I032T_GEOGRAFICO (CO_GEOGRAFICO,CO_TIPO_GEOGRAFICO,NU_PADRE_GEOGRAFICO,NB_GEOGRAFICO) VALUES (428,4,401,'ALFREDO PACHECO MIRANDA');
INSERT INTO I032T_GEOGRAFICO (CO_GEOGRAFICO,CO_TIPO_GEOGRAFICO,NU_PADRE_GEOGRAFICO,NB_GEOGRAFICO) VALUES (429,4,401,'CHUAO');
INSERT INTO I032T_GEOGRAFICO (CO_GEOGRAFICO,CO_TIPO_GEOGRAFICO,NU_PADRE_GEOGRAFICO,NB_GEOGRAFICO) VALUES (430,4,401,'AREVALO APONTE');
INSERT INTO I032T_GEOGRAFICO (CO_GEOGRAFICO,CO_TIPO_GEOGRAFICO,NU_PADRE_GEOGRAFICO,NB_GEOGRAFICO) VALUES (431,4,402,'CM. JUAN VICENTE BOLÍVAR');
INSERT INTO I032T_GEOGRAFICO (CO_GEOGRAFICO,CO_TIPO_GEOGRAFICO,NU_PADRE_GEOGRAFICO,NB_GEOGRAFICO) VALUES (432,4,402,'ZUATA');
INSERT INTO I032T_GEOGRAFICO (CO_GEOGRAFICO,CO_TIPO_GEOGRAFICO,NU_PADRE_GEOGRAFICO,NB_GEOGRAFICO) VALUES (433,4,402,'PAO DE ZARATE');
INSERT INTO I032T_GEOGRAFICO (CO_GEOGRAFICO,CO_TIPO_GEOGRAFICO,NU_PADRE_GEOGRAFICO,NB_GEOGRAFICO) VALUES (434,4,402,'CASTOR NIEVES RIOS');
INSERT INTO I032T_GEOGRAFICO (CO_GEOGRAFICO,CO_TIPO_GEOGRAFICO,NU_PADRE_GEOGRAFICO,NB_GEOGRAFICO) VALUES (435,4,402,'LAS GUACAMAYAS');
INSERT INTO I032T_GEOGRAFICO (CO_GEOGRAFICO,CO_TIPO_GEOGRAFICO,NU_PADRE_GEOGRAFICO,NB_GEOGRAFICO) VALUES (436,4,403,'CM. SAN CASIMIRO');
INSERT INTO I032T_GEOGRAFICO (CO_GEOGRAFICO,CO_TIPO_GEOGRAFICO,NU_PADRE_GEOGRAFICO,NB_GEOGRAFICO) VALUES (437,4,403,'VALLE MORIN');
INSERT INTO I032T_GEOGRAFICO (CO_GEOGRAFICO,CO_TIPO_GEOGRAFICO,NU_PADRE_GEOGRAFICO,NB_GEOGRAFICO) VALUES (438,4,403,'GUIRIPA');
INSERT INTO I032T_GEOGRAFICO (CO_GEOGRAFICO,CO_TIPO_GEOGRAFICO,NU_PADRE_GEOGRAFICO,NB_GEOGRAFICO) VALUES (439,4,403,'OLLAS DE CARAMACATE');
INSERT INTO I032T_GEOGRAFICO (CO_GEOGRAFICO,CO_TIPO_GEOGRAFICO,NU_PADRE_GEOGRAFICO,NB_GEOGRAFICO) VALUES (440,4,404,'CM. SAN SEBASTIAN');
INSERT INTO I032T_GEOGRAFICO (CO_GEOGRAFICO,CO_TIPO_GEOGRAFICO,NU_PADRE_GEOGRAFICO,NB_GEOGRAFICO) VALUES (441,4,405,'CM. CAGUA');
INSERT INTO I032T_GEOGRAFICO (CO_GEOGRAFICO,CO_TIPO_GEOGRAFICO,NU_PADRE_GEOGRAFICO,NB_GEOGRAFICO) VALUES (442,4,405,'BELLA VISTA');
INSERT INTO I032T_GEOGRAFICO (CO_GEOGRAFICO,CO_TIPO_GEOGRAFICO,NU_PADRE_GEOGRAFICO,NB_GEOGRAFICO) VALUES (443,4,406,'CM. BARBACOAS');
INSERT INTO I032T_GEOGRAFICO (CO_GEOGRAFICO,CO_TIPO_GEOGRAFICO,NU_PADRE_GEOGRAFICO,NB_GEOGRAFICO) VALUES (444,4,406,'SAN FRANCISCO DE CARA');
INSERT INTO I032T_GEOGRAFICO (CO_GEOGRAFICO,CO_TIPO_GEOGRAFICO,NU_PADRE_GEOGRAFICO,NB_GEOGRAFICO) VALUES (445,4,406,'TAGUAY');
INSERT INTO I032T_GEOGRAFICO (CO_GEOGRAFICO,CO_TIPO_GEOGRAFICO,NU_PADRE_GEOGRAFICO,NB_GEOGRAFICO) VALUES (446,4,406,'LAS PEÑITAS');
INSERT INTO I032T_GEOGRAFICO (CO_GEOGRAFICO,CO_TIPO_GEOGRAFICO,NU_PADRE_GEOGRAFICO,NB_GEOGRAFICO) VALUES (447,4,407,'CM. VILLA DE CURA');
INSERT INTO I032T_GEOGRAFICO (CO_GEOGRAFICO,CO_TIPO_GEOGRAFICO,NU_PADRE_GEOGRAFICO,NB_GEOGRAFICO) VALUES (448,4,407,'MAGDALENO');
INSERT INTO I032T_GEOGRAFICO (CO_GEOGRAFICO,CO_TIPO_GEOGRAFICO,NU_PADRE_GEOGRAFICO,NB_GEOGRAFICO) VALUES (449,4,407,'SAN FRANCISCO DE ASIS');
INSERT INTO I032T_GEOGRAFICO (CO_GEOGRAFICO,CO_TIPO_GEOGRAFICO,NU_PADRE_GEOGRAFICO,NB_GEOGRAFICO) VALUES (450,4,407,'VALLES DE TUCUTUNEMO');
INSERT INTO I032T_GEOGRAFICO (CO_GEOGRAFICO,CO_TIPO_GEOGRAFICO,NU_PADRE_GEOGRAFICO,NB_GEOGRAFICO) VALUES (451,4,407,'AUGUSTO MIJARES');
INSERT INTO I032T_GEOGRAFICO (CO_GEOGRAFICO,CO_TIPO_GEOGRAFICO,NU_PADRE_GEOGRAFICO,NB_GEOGRAFICO) VALUES (452,4,408,'CM. PALO NEGRO');
INSERT INTO I032T_GEOGRAFICO (CO_GEOGRAFICO,CO_TIPO_GEOGRAFICO,NU_PADRE_GEOGRAFICO,NB_GEOGRAFICO) VALUES (453,4,408,'SAN MARTIN DE PORRES');
INSERT INTO I032T_GEOGRAFICO (CO_GEOGRAFICO,CO_TIPO_GEOGRAFICO,NU_PADRE_GEOGRAFICO,NB_GEOGRAFICO) VALUES (454,4,409,'CM. SANTA CRUZ');
INSERT INTO I032T_GEOGRAFICO (CO_GEOGRAFICO,CO_TIPO_GEOGRAFICO,NU_PADRE_GEOGRAFICO,NB_GEOGRAFICO) VALUES (455,4,410,'CM. SAN MATEO');
INSERT INTO I032T_GEOGRAFICO (CO_GEOGRAFICO,CO_TIPO_GEOGRAFICO,NU_PADRE_GEOGRAFICO,NB_GEOGRAFICO) VALUES (456,4,411,'CM. LAS TEJERIAS');
INSERT INTO I032T_GEOGRAFICO (CO_GEOGRAFICO,CO_TIPO_GEOGRAFICO,NU_PADRE_GEOGRAFICO,NB_GEOGRAFICO) VALUES (457,4,411,'TIARA');
INSERT INTO I032T_GEOGRAFICO (CO_GEOGRAFICO,CO_TIPO_GEOGRAFICO,NU_PADRE_GEOGRAFICO,NB_GEOGRAFICO) VALUES (458,4,412,'CM. EL LIMON');
INSERT INTO I032T_GEOGRAFICO (CO_GEOGRAFICO,CO_TIPO_GEOGRAFICO,NU_PADRE_GEOGRAFICO,NB_GEOGRAFICO) VALUES (459,4,412,'CAÑA DE AZUCAR');
INSERT INTO I032T_GEOGRAFICO (CO_GEOGRAFICO,CO_TIPO_GEOGRAFICO,NU_PADRE_GEOGRAFICO,NB_GEOGRAFICO) VALUES (460,4,413,'CM. COLONIA TOVAR');
INSERT INTO I032T_GEOGRAFICO (CO_GEOGRAFICO,CO_TIPO_GEOGRAFICO,NU_PADRE_GEOGRAFICO,NB_GEOGRAFICO) VALUES (461,4,414,'CM. CAMATAGUA');
INSERT INTO I032T_GEOGRAFICO (CO_GEOGRAFICO,CO_TIPO_GEOGRAFICO,NU_PADRE_GEOGRAFICO,NB_GEOGRAFICO) VALUES (462,4,414,'CARMEN DE CURA');
INSERT INTO I032T_GEOGRAFICO (CO_GEOGRAFICO,CO_TIPO_GEOGRAFICO,NU_PADRE_GEOGRAFICO,NB_GEOGRAFICO) VALUES (463,4,415,'CM. EL CONSEJO');
INSERT INTO I032T_GEOGRAFICO (CO_GEOGRAFICO,CO_TIPO_GEOGRAFICO,NU_PADRE_GEOGRAFICO,NB_GEOGRAFICO) VALUES (464,4,416,'CM. SANTA RITA');
INSERT INTO I032T_GEOGRAFICO (CO_GEOGRAFICO,CO_TIPO_GEOGRAFICO,NU_PADRE_GEOGRAFICO,NB_GEOGRAFICO) VALUES (465,4,416,'FRANCISCO DE MIRANDA');
INSERT INTO I032T_GEOGRAFICO (CO_GEOGRAFICO,CO_TIPO_GEOGRAFICO,NU_PADRE_GEOGRAFICO,NB_GEOGRAFICO) VALUES (466,4,416,'MONSEÑOR FELICIANO GONZÁLEZ');
INSERT INTO I032T_GEOGRAFICO (CO_GEOGRAFICO,CO_TIPO_GEOGRAFICO,NU_PADRE_GEOGRAFICO,NB_GEOGRAFICO) VALUES (467,4,417,'OCUMARE DE LA COSTA');
INSERT INTO I032T_GEOGRAFICO (CO_GEOGRAFICO,CO_TIPO_GEOGRAFICO,NU_PADRE_GEOGRAFICO,NB_GEOGRAFICO) VALUES (468,3,248,'ARISMENDI');
INSERT INTO I032T_GEOGRAFICO (CO_GEOGRAFICO,CO_TIPO_GEOGRAFICO,NU_PADRE_GEOGRAFICO,NB_GEOGRAFICO) VALUES (469,3,248,'BARINAS');
INSERT INTO I032T_GEOGRAFICO (CO_GEOGRAFICO,CO_TIPO_GEOGRAFICO,NU_PADRE_GEOGRAFICO,NB_GEOGRAFICO) VALUES (470,3,248,'BOLÍVAR');
INSERT INTO I032T_GEOGRAFICO (CO_GEOGRAFICO,CO_TIPO_GEOGRAFICO,NU_PADRE_GEOGRAFICO,NB_GEOGRAFICO) VALUES (471,3,248,'EZEQUIEL ZAMORA');
INSERT INTO I032T_GEOGRAFICO (CO_GEOGRAFICO,CO_TIPO_GEOGRAFICO,NU_PADRE_GEOGRAFICO,NB_GEOGRAFICO) VALUES (472,3,248,'OBISPOS');
INSERT INTO I032T_GEOGRAFICO (CO_GEOGRAFICO,CO_TIPO_GEOGRAFICO,NU_PADRE_GEOGRAFICO,NB_GEOGRAFICO) VALUES (473,3,248,'PEDRAZA');
INSERT INTO I032T_GEOGRAFICO (CO_GEOGRAFICO,CO_TIPO_GEOGRAFICO,NU_PADRE_GEOGRAFICO,NB_GEOGRAFICO) VALUES (474,3,248,'ROJAS');
INSERT INTO I032T_GEOGRAFICO (CO_GEOGRAFICO,CO_TIPO_GEOGRAFICO,NU_PADRE_GEOGRAFICO,NB_GEOGRAFICO) VALUES (475,3,248,'SOSA');
INSERT INTO I032T_GEOGRAFICO (CO_GEOGRAFICO,CO_TIPO_GEOGRAFICO,NU_PADRE_GEOGRAFICO,NB_GEOGRAFICO) VALUES (476,3,248,'ALBERTO ARVELO TORREALBA');
INSERT INTO I032T_GEOGRAFICO (CO_GEOGRAFICO,CO_TIPO_GEOGRAFICO,NU_PADRE_GEOGRAFICO,NB_GEOGRAFICO) VALUES (477,3,248,'ANTONIO JOSÉ DE SUCRE');
INSERT INTO I032T_GEOGRAFICO (CO_GEOGRAFICO,CO_TIPO_GEOGRAFICO,NU_PADRE_GEOGRAFICO,NB_GEOGRAFICO) VALUES (478,3,248,'CRUZ PAREDES');
INSERT INTO I032T_GEOGRAFICO (CO_GEOGRAFICO,CO_TIPO_GEOGRAFICO,NU_PADRE_GEOGRAFICO,NB_GEOGRAFICO) VALUES (479,3,248,'ANDRÉS ELOY BLANCO');
INSERT INTO I032T_GEOGRAFICO (CO_GEOGRAFICO,CO_TIPO_GEOGRAFICO,NU_PADRE_GEOGRAFICO,NB_GEOGRAFICO) VALUES (480,3,248,'SOSA');
INSERT INTO I032T_GEOGRAFICO (CO_GEOGRAFICO,CO_TIPO_GEOGRAFICO,NU_PADRE_GEOGRAFICO,NB_GEOGRAFICO) VALUES (481,4,468,'ARISMENDI');
INSERT INTO I032T_GEOGRAFICO (CO_GEOGRAFICO,CO_TIPO_GEOGRAFICO,NU_PADRE_GEOGRAFICO,NB_GEOGRAFICO) VALUES (482,4,468,'GUADARRAMA');
INSERT INTO I032T_GEOGRAFICO (CO_GEOGRAFICO,CO_TIPO_GEOGRAFICO,NU_PADRE_GEOGRAFICO,NB_GEOGRAFICO) VALUES (483,4,468,'LA UNIÓN');
INSERT INTO I032T_GEOGRAFICO (CO_GEOGRAFICO,CO_TIPO_GEOGRAFICO,NU_PADRE_GEOGRAFICO,NB_GEOGRAFICO) VALUES (484,4,468,'SAN ANTONIO');
INSERT INTO I032T_GEOGRAFICO (CO_GEOGRAFICO,CO_TIPO_GEOGRAFICO,NU_PADRE_GEOGRAFICO,NB_GEOGRAFICO) VALUES (485,4,469,'ALFREDO ARVELO LARRIVA');
INSERT INTO I032T_GEOGRAFICO (CO_GEOGRAFICO,CO_TIPO_GEOGRAFICO,NU_PADRE_GEOGRAFICO,NB_GEOGRAFICO) VALUES (486,4,469,'BARINAS');
INSERT INTO I032T_GEOGRAFICO (CO_GEOGRAFICO,CO_TIPO_GEOGRAFICO,NU_PADRE_GEOGRAFICO,NB_GEOGRAFICO) VALUES (487,4,469,'SAN SILVESTRE');
INSERT INTO I032T_GEOGRAFICO (CO_GEOGRAFICO,CO_TIPO_GEOGRAFICO,NU_PADRE_GEOGRAFICO,NB_GEOGRAFICO) VALUES (488,4,469,'SANTA INÉS');
INSERT INTO I032T_GEOGRAFICO (CO_GEOGRAFICO,CO_TIPO_GEOGRAFICO,NU_PADRE_GEOGRAFICO,NB_GEOGRAFICO) VALUES (489,4,469,'SANTA LUCÍA');
INSERT INTO I032T_GEOGRAFICO (CO_GEOGRAFICO,CO_TIPO_GEOGRAFICO,NU_PADRE_GEOGRAFICO,NB_GEOGRAFICO) VALUES (490,4,469,'TORUNOS');
INSERT INTO I032T_GEOGRAFICO (CO_GEOGRAFICO,CO_TIPO_GEOGRAFICO,NU_PADRE_GEOGRAFICO,NB_GEOGRAFICO) VALUES (491,4,469,'EL CARMEN');
INSERT INTO I032T_GEOGRAFICO (CO_GEOGRAFICO,CO_TIPO_GEOGRAFICO,NU_PADRE_GEOGRAFICO,NB_GEOGRAFICO) VALUES (492,4,469,'RÓMULO BETANCOURT');
INSERT INTO I032T_GEOGRAFICO (CO_GEOGRAFICO,CO_TIPO_GEOGRAFICO,NU_PADRE_GEOGRAFICO,NB_GEOGRAFICO) VALUES (493,4,469,'CORAZÓN DE JESÚS');
INSERT INTO I032T_GEOGRAFICO (CO_GEOGRAFICO,CO_TIPO_GEOGRAFICO,NU_PADRE_GEOGRAFICO,NB_GEOGRAFICO) VALUES (494,4,469,'RAMÓN IGNACIO MÉNDEZ');
INSERT INTO I032T_GEOGRAFICO (CO_GEOGRAFICO,CO_TIPO_GEOGRAFICO,NU_PADRE_GEOGRAFICO,NB_GEOGRAFICO) VALUES (495,4,469,'ALTO BARINAS');
INSERT INTO I032T_GEOGRAFICO (CO_GEOGRAFICO,CO_TIPO_GEOGRAFICO,NU_PADRE_GEOGRAFICO,NB_GEOGRAFICO) VALUES (496,4,469,'MANUEL PALACIO FAJARDO');
INSERT INTO I032T_GEOGRAFICO (CO_GEOGRAFICO,CO_TIPO_GEOGRAFICO,NU_PADRE_GEOGRAFICO,NB_GEOGRAFICO) VALUES (497,4,469,'JUAN ANTONIO RODRÍGUEZ DOMÍNGUEZ');
INSERT INTO I032T_GEOGRAFICO (CO_GEOGRAFICO,CO_TIPO_GEOGRAFICO,NU_PADRE_GEOGRAFICO,NB_GEOGRAFICO) VALUES (498,4,469,'DOMINGA ORTIZ DE PÁEZ');
INSERT INTO I032T_GEOGRAFICO (CO_GEOGRAFICO,CO_TIPO_GEOGRAFICO,NU_PADRE_GEOGRAFICO,NB_GEOGRAFICO) VALUES (499,4,470,'ALTAMIRA');
INSERT INTO I032T_GEOGRAFICO (CO_GEOGRAFICO,CO_TIPO_GEOGRAFICO,NU_PADRE_GEOGRAFICO,NB_GEOGRAFICO) VALUES (500,4,470,'BARINITAS');
INSERT INTO I032T_GEOGRAFICO (CO_GEOGRAFICO,CO_TIPO_GEOGRAFICO,NU_PADRE_GEOGRAFICO,NB_GEOGRAFICO) VALUES (501,4,470,'CALDERAS');
INSERT INTO I032T_GEOGRAFICO (CO_GEOGRAFICO,CO_TIPO_GEOGRAFICO,NU_PADRE_GEOGRAFICO,NB_GEOGRAFICO) VALUES (502,4,471,'SANTA BARBARA');
INSERT INTO I032T_GEOGRAFICO (CO_GEOGRAFICO,CO_TIPO_GEOGRAFICO,NU_PADRE_GEOGRAFICO,NB_GEOGRAFICO) VALUES (503,4,471,'JOSÉ IGNACIO DEL PUMAR');
INSERT INTO I032T_GEOGRAFICO (CO_GEOGRAFICO,CO_TIPO_GEOGRAFICO,NU_PADRE_GEOGRAFICO,NB_GEOGRAFICO) VALUES (504,4,471,'RAMÓN IGNACIO MÉNDEZ');
INSERT INTO I032T_GEOGRAFICO (CO_GEOGRAFICO,CO_TIPO_GEOGRAFICO,NU_PADRE_GEOGRAFICO,NB_GEOGRAFICO) VALUES (505,4,471,'PEDRO BRICEÑO MÉNDEZ');
INSERT INTO I032T_GEOGRAFICO (CO_GEOGRAFICO,CO_TIPO_GEOGRAFICO,NU_PADRE_GEOGRAFICO,NB_GEOGRAFICO) VALUES (506,4,472,'EL REAL');
INSERT INTO I032T_GEOGRAFICO (CO_GEOGRAFICO,CO_TIPO_GEOGRAFICO,NU_PADRE_GEOGRAFICO,NB_GEOGRAFICO) VALUES (507,4,472,'LA LUZ');
INSERT INTO I032T_GEOGRAFICO (CO_GEOGRAFICO,CO_TIPO_GEOGRAFICO,NU_PADRE_GEOGRAFICO,NB_GEOGRAFICO) VALUES (508,4,472,'OBISPOS');
INSERT INTO I032T_GEOGRAFICO (CO_GEOGRAFICO,CO_TIPO_GEOGRAFICO,NU_PADRE_GEOGRAFICO,NB_GEOGRAFICO) VALUES (509,4,472,'LOS GUASIMITOS');
INSERT INTO I032T_GEOGRAFICO (CO_GEOGRAFICO,CO_TIPO_GEOGRAFICO,NU_PADRE_GEOGRAFICO,NB_GEOGRAFICO) VALUES (510,4,473,'CIUDAD BOLIVIA');
INSERT INTO I032T_GEOGRAFICO (CO_GEOGRAFICO,CO_TIPO_GEOGRAFICO,NU_PADRE_GEOGRAFICO,NB_GEOGRAFICO) VALUES (511,4,473,'IGNACIO BRICEÑO');
INSERT INTO I032T_GEOGRAFICO (CO_GEOGRAFICO,CO_TIPO_GEOGRAFICO,NU_PADRE_GEOGRAFICO,NB_GEOGRAFICO) VALUES (512,4,473,'PÁEZ');
INSERT INTO I032T_GEOGRAFICO (CO_GEOGRAFICO,CO_TIPO_GEOGRAFICO,NU_PADRE_GEOGRAFICO,NB_GEOGRAFICO) VALUES (513,4,473,'JOSÉ FÉLIX RIBAS');
INSERT INTO I032T_GEOGRAFICO (CO_GEOGRAFICO,CO_TIPO_GEOGRAFICO,NU_PADRE_GEOGRAFICO,NB_GEOGRAFICO) VALUES (514,4,474,'DOLORES');
INSERT INTO I032T_GEOGRAFICO (CO_GEOGRAFICO,CO_TIPO_GEOGRAFICO,NU_PADRE_GEOGRAFICO,NB_GEOGRAFICO) VALUES (515,4,474,'LIBERTAD');
INSERT INTO I032T_GEOGRAFICO (CO_GEOGRAFICO,CO_TIPO_GEOGRAFICO,NU_PADRE_GEOGRAFICO,NB_GEOGRAFICO) VALUES (516,4,474,'PALACIOS FAJARDO');
INSERT INTO I032T_GEOGRAFICO (CO_GEOGRAFICO,CO_TIPO_GEOGRAFICO,NU_PADRE_GEOGRAFICO,NB_GEOGRAFICO) VALUES (517,4,474,'SANTA ROSA');
INSERT INTO I032T_GEOGRAFICO (CO_GEOGRAFICO,CO_TIPO_GEOGRAFICO,NU_PADRE_GEOGRAFICO,NB_GEOGRAFICO) VALUES (518,4,474,'SIMÓN RODRÍGUEZ');
INSERT INTO I032T_GEOGRAFICO (CO_GEOGRAFICO,CO_TIPO_GEOGRAFICO,NU_PADRE_GEOGRAFICO,NB_GEOGRAFICO) VALUES (519,4,475,'CIUDAD DE NUTRIAS');
INSERT INTO I032T_GEOGRAFICO (CO_GEOGRAFICO,CO_TIPO_GEOGRAFICO,NU_PADRE_GEOGRAFICO,NB_GEOGRAFICO) VALUES (520,4,475,'EL REGALO');
INSERT INTO I032T_GEOGRAFICO (CO_GEOGRAFICO,CO_TIPO_GEOGRAFICO,NU_PADRE_GEOGRAFICO,NB_GEOGRAFICO) VALUES (521,4,475,'PUERTO DE NUTRIAS');
INSERT INTO I032T_GEOGRAFICO (CO_GEOGRAFICO,CO_TIPO_GEOGRAFICO,NU_PADRE_GEOGRAFICO,NB_GEOGRAFICO) VALUES (522,4,475,'SANTA CATALINA');
INSERT INTO I032T_GEOGRAFICO (CO_GEOGRAFICO,CO_TIPO_GEOGRAFICO,NU_PADRE_GEOGRAFICO,NB_GEOGRAFICO) VALUES (523,4,476,'RODRÍGUEZ DOMINGUEZ');
INSERT INTO I032T_GEOGRAFICO (CO_GEOGRAFICO,CO_TIPO_GEOGRAFICO,NU_PADRE_GEOGRAFICO,NB_GEOGRAFICO) VALUES (524,4,476,'SABANETA');
INSERT INTO I032T_GEOGRAFICO (CO_GEOGRAFICO,CO_TIPO_GEOGRAFICO,NU_PADRE_GEOGRAFICO,NB_GEOGRAFICO) VALUES (525,4,477,'TICOPORO');
INSERT INTO I032T_GEOGRAFICO (CO_GEOGRAFICO,CO_TIPO_GEOGRAFICO,NU_PADRE_GEOGRAFICO,NB_GEOGRAFICO) VALUES (526,4,477,'NICOLÁS PULIDO');
INSERT INTO I032T_GEOGRAFICO (CO_GEOGRAFICO,CO_TIPO_GEOGRAFICO,NU_PADRE_GEOGRAFICO,NB_GEOGRAFICO) VALUES (527,4,477,'ANDRÉS BELLO');
INSERT INTO I032T_GEOGRAFICO (CO_GEOGRAFICO,CO_TIPO_GEOGRAFICO,NU_PADRE_GEOGRAFICO,NB_GEOGRAFICO) VALUES (528,4,478,'BARRANCAS');
INSERT INTO I032T_GEOGRAFICO (CO_GEOGRAFICO,CO_TIPO_GEOGRAFICO,NU_PADRE_GEOGRAFICO,NB_GEOGRAFICO) VALUES (529,4,478,'EL SOCORRO');
INSERT INTO I032T_GEOGRAFICO (CO_GEOGRAFICO,CO_TIPO_GEOGRAFICO,NU_PADRE_GEOGRAFICO,NB_GEOGRAFICO) VALUES (530,4,478,'MASPARRITO');
INSERT INTO I032T_GEOGRAFICO (CO_GEOGRAFICO,CO_TIPO_GEOGRAFICO,NU_PADRE_GEOGRAFICO,NB_GEOGRAFICO) VALUES (531,4,479,'EL CANTÓN');
INSERT INTO I032T_GEOGRAFICO (CO_GEOGRAFICO,CO_TIPO_GEOGRAFICO,NU_PADRE_GEOGRAFICO,NB_GEOGRAFICO) VALUES (532,4,479,'SANTA CRUZ DE GUACAS');
INSERT INTO I032T_GEOGRAFICO (CO_GEOGRAFICO,CO_TIPO_GEOGRAFICO,NU_PADRE_GEOGRAFICO,NB_GEOGRAFICO) VALUES (533,4,479,'PUERTO VIVAS');
INSERT INTO I032T_GEOGRAFICO (CO_GEOGRAFICO,CO_TIPO_GEOGRAFICO,NU_PADRE_GEOGRAFICO,NB_GEOGRAFICO) VALUES (534,4,480,'SIMÓN BOLÍVAR');
INSERT INTO I032T_GEOGRAFICO (CO_GEOGRAFICO,CO_TIPO_GEOGRAFICO,NU_PADRE_GEOGRAFICO,NB_GEOGRAFICO) VALUES (535,3,249,'BOLIVARIANO DE ANGOSTURA');
INSERT INTO I032T_GEOGRAFICO (CO_GEOGRAFICO,CO_TIPO_GEOGRAFICO,NU_PADRE_GEOGRAFICO,NB_GEOGRAFICO) VALUES (536,3,249,'GRAN SABANA');
INSERT INTO I032T_GEOGRAFICO (CO_GEOGRAFICO,CO_TIPO_GEOGRAFICO,NU_PADRE_GEOGRAFICO,NB_GEOGRAFICO) VALUES (537,3,249,'EL CALLAO');
INSERT INTO I032T_GEOGRAFICO (CO_GEOGRAFICO,CO_TIPO_GEOGRAFICO,NU_PADRE_GEOGRAFICO,NB_GEOGRAFICO) VALUES (538,3,249,'PADRE PEDRO CHIEN');
INSERT INTO I032T_GEOGRAFICO (CO_GEOGRAFICO,CO_TIPO_GEOGRAFICO,NU_PADRE_GEOGRAFICO,NB_GEOGRAFICO) VALUES (539,3,249,'CARONÍ');
INSERT INTO I032T_GEOGRAFICO (CO_GEOGRAFICO,CO_TIPO_GEOGRAFICO,NU_PADRE_GEOGRAFICO,NB_GEOGRAFICO) VALUES (540,3,249,'CEDEÑO');
INSERT INTO I032T_GEOGRAFICO (CO_GEOGRAFICO,CO_TIPO_GEOGRAFICO,NU_PADRE_GEOGRAFICO,NB_GEOGRAFICO) VALUES (541,3,249,'HERES');
INSERT INTO I032T_GEOGRAFICO (CO_GEOGRAFICO,CO_TIPO_GEOGRAFICO,NU_PADRE_GEOGRAFICO,NB_GEOGRAFICO) VALUES (542,3,249,'PIAR');
INSERT INTO I032T_GEOGRAFICO (CO_GEOGRAFICO,CO_TIPO_GEOGRAFICO,NU_PADRE_GEOGRAFICO,NB_GEOGRAFICO) VALUES (543,3,249,'ROSCIO');
INSERT INTO I032T_GEOGRAFICO (CO_GEOGRAFICO,CO_TIPO_GEOGRAFICO,NU_PADRE_GEOGRAFICO,NB_GEOGRAFICO) VALUES (544,3,249,'SUCRE');
INSERT INTO I032T_GEOGRAFICO (CO_GEOGRAFICO,CO_TIPO_GEOGRAFICO,NU_PADRE_GEOGRAFICO,NB_GEOGRAFICO) VALUES (545,3,249,'SIFONTES');
INSERT INTO I032T_GEOGRAFICO (CO_GEOGRAFICO,CO_TIPO_GEOGRAFICO,NU_PADRE_GEOGRAFICO,NB_GEOGRAFICO) VALUES (546,4,535,'SAN FRANCISCO');
INSERT INTO I032T_GEOGRAFICO (CO_GEOGRAFICO,CO_TIPO_GEOGRAFICO,NU_PADRE_GEOGRAFICO,NB_GEOGRAFICO) VALUES (547,4,535,'BARCELONETA');
INSERT INTO I032T_GEOGRAFICO (CO_GEOGRAFICO,CO_TIPO_GEOGRAFICO,NU_PADRE_GEOGRAFICO,NB_GEOGRAFICO) VALUES (548,4,535,'SANTA BARBARA');
INSERT INTO I032T_GEOGRAFICO (CO_GEOGRAFICO,CO_TIPO_GEOGRAFICO,NU_PADRE_GEOGRAFICO,NB_GEOGRAFICO) VALUES (549,4,535,'CM. CIUDAD PIAR');
INSERT INTO I032T_GEOGRAFICO (CO_GEOGRAFICO,CO_TIPO_GEOGRAFICO,NU_PADRE_GEOGRAFICO,NB_GEOGRAFICO) VALUES (550,4,536,'CM. SANTA ELENA DE UAIREN');
INSERT INTO I032T_GEOGRAFICO (CO_GEOGRAFICO,CO_TIPO_GEOGRAFICO,NU_PADRE_GEOGRAFICO,NB_GEOGRAFICO) VALUES (551,4,536,'IKABARU');
INSERT INTO I032T_GEOGRAFICO (CO_GEOGRAFICO,CO_TIPO_GEOGRAFICO,NU_PADRE_GEOGRAFICO,NB_GEOGRAFICO) VALUES (552,4,537,'CM. EL CALLAO');
INSERT INTO I032T_GEOGRAFICO (CO_GEOGRAFICO,CO_TIPO_GEOGRAFICO,NU_PADRE_GEOGRAFICO,NB_GEOGRAFICO) VALUES (553,4,538,'CM. EL PALMAR');
INSERT INTO I032T_GEOGRAFICO (CO_GEOGRAFICO,CO_TIPO_GEOGRAFICO,NU_PADRE_GEOGRAFICO,NB_GEOGRAFICO) VALUES (554,4,539,'SIMÓN BOLÍVAR');
INSERT INTO I032T_GEOGRAFICO (CO_GEOGRAFICO,CO_TIPO_GEOGRAFICO,NU_PADRE_GEOGRAFICO,NB_GEOGRAFICO) VALUES (555,4,539,'ONCE DE ABRIL');
INSERT INTO I032T_GEOGRAFICO (CO_GEOGRAFICO,CO_TIPO_GEOGRAFICO,NU_PADRE_GEOGRAFICO,NB_GEOGRAFICO) VALUES (556,4,539,'VISTA AL SOL');
INSERT INTO I032T_GEOGRAFICO (CO_GEOGRAFICO,CO_TIPO_GEOGRAFICO,NU_PADRE_GEOGRAFICO,NB_GEOGRAFICO) VALUES (557,4,539,'CHIRICA');
INSERT INTO I032T_GEOGRAFICO (CO_GEOGRAFICO,CO_TIPO_GEOGRAFICO,NU_PADRE_GEOGRAFICO,NB_GEOGRAFICO) VALUES (558,4,539,'DALLA COSTA');
INSERT INTO I032T_GEOGRAFICO (CO_GEOGRAFICO,CO_TIPO_GEOGRAFICO,NU_PADRE_GEOGRAFICO,NB_GEOGRAFICO) VALUES (559,4,539,'CACHAMAY');
INSERT INTO I032T_GEOGRAFICO (CO_GEOGRAFICO,CO_TIPO_GEOGRAFICO,NU_PADRE_GEOGRAFICO,NB_GEOGRAFICO) VALUES (560,4,539,'UNIVERSIDAD');
INSERT INTO I032T_GEOGRAFICO (CO_GEOGRAFICO,CO_TIPO_GEOGRAFICO,NU_PADRE_GEOGRAFICO,NB_GEOGRAFICO) VALUES (561,4,539,'UNARE');
INSERT INTO I032T_GEOGRAFICO (CO_GEOGRAFICO,CO_TIPO_GEOGRAFICO,NU_PADRE_GEOGRAFICO,NB_GEOGRAFICO) VALUES (562,4,539,'YOCOIMA');
INSERT INTO I032T_GEOGRAFICO (CO_GEOGRAFICO,CO_TIPO_GEOGRAFICO,NU_PADRE_GEOGRAFICO,NB_GEOGRAFICO) VALUES (563,4,539,'POZO VERDE');
INSERT INTO I032T_GEOGRAFICO (CO_GEOGRAFICO,CO_TIPO_GEOGRAFICO,NU_PADRE_GEOGRAFICO,NB_GEOGRAFICO) VALUES (564,4,539,'5 DE JULIO');
INSERT INTO I032T_GEOGRAFICO (CO_GEOGRAFICO,CO_TIPO_GEOGRAFICO,NU_PADRE_GEOGRAFICO,NB_GEOGRAFICO) VALUES (565,4,540,'CM. CAICARA DEL ORINOCO');
INSERT INTO I032T_GEOGRAFICO (CO_GEOGRAFICO,CO_TIPO_GEOGRAFICO,NU_PADRE_GEOGRAFICO,NB_GEOGRAFICO) VALUES (566,4,540,'ASCENSIÓN FARRERAS');
INSERT INTO I032T_GEOGRAFICO (CO_GEOGRAFICO,CO_TIPO_GEOGRAFICO,NU_PADRE_GEOGRAFICO,NB_GEOGRAFICO) VALUES (567,4,540,'ALTAGRACIA');
INSERT INTO I032T_GEOGRAFICO (CO_GEOGRAFICO,CO_TIPO_GEOGRAFICO,NU_PADRE_GEOGRAFICO,NB_GEOGRAFICO) VALUES (568,4,540,'LA URBANA');
INSERT INTO I032T_GEOGRAFICO (CO_GEOGRAFICO,CO_TIPO_GEOGRAFICO,NU_PADRE_GEOGRAFICO,NB_GEOGRAFICO) VALUES (569,4,540,'GUANIAMO');
INSERT INTO I032T_GEOGRAFICO (CO_GEOGRAFICO,CO_TIPO_GEOGRAFICO,NU_PADRE_GEOGRAFICO,NB_GEOGRAFICO) VALUES (570,4,540,'PIJIGUAOS');
INSERT INTO I032T_GEOGRAFICO (CO_GEOGRAFICO,CO_TIPO_GEOGRAFICO,NU_PADRE_GEOGRAFICO,NB_GEOGRAFICO) VALUES (571,4,541,'CATEDRAL');
INSERT INTO I032T_GEOGRAFICO (CO_GEOGRAFICO,CO_TIPO_GEOGRAFICO,NU_PADRE_GEOGRAFICO,NB_GEOGRAFICO) VALUES (572,4,541,'AGUA SALADA');
INSERT INTO I032T_GEOGRAFICO (CO_GEOGRAFICO,CO_TIPO_GEOGRAFICO,NU_PADRE_GEOGRAFICO,NB_GEOGRAFICO) VALUES (573,4,541,'LA SABANITA');
INSERT INTO I032T_GEOGRAFICO (CO_GEOGRAFICO,CO_TIPO_GEOGRAFICO,NU_PADRE_GEOGRAFICO,NB_GEOGRAFICO) VALUES (574,4,541,'VISTA HERMOSA');
INSERT INTO I032T_GEOGRAFICO (CO_GEOGRAFICO,CO_TIPO_GEOGRAFICO,NU_PADRE_GEOGRAFICO,NB_GEOGRAFICO) VALUES (575,4,541,'MARHUANTA');
INSERT INTO I032T_GEOGRAFICO (CO_GEOGRAFICO,CO_TIPO_GEOGRAFICO,NU_PADRE_GEOGRAFICO,NB_GEOGRAFICO) VALUES (576,4,541,'JOSÉ ANTONIO PÁEZ');
INSERT INTO I032T_GEOGRAFICO (CO_GEOGRAFICO,CO_TIPO_GEOGRAFICO,NU_PADRE_GEOGRAFICO,NB_GEOGRAFICO) VALUES (577,4,541,'ORINOCO');
INSERT INTO I032T_GEOGRAFICO (CO_GEOGRAFICO,CO_TIPO_GEOGRAFICO,NU_PADRE_GEOGRAFICO,NB_GEOGRAFICO) VALUES (578,4,541,'PANAPANA');
INSERT INTO I032T_GEOGRAFICO (CO_GEOGRAFICO,CO_TIPO_GEOGRAFICO,NU_PADRE_GEOGRAFICO,NB_GEOGRAFICO) VALUES (579,4,541,'ZEA');
INSERT INTO I032T_GEOGRAFICO (CO_GEOGRAFICO,CO_TIPO_GEOGRAFICO,NU_PADRE_GEOGRAFICO,NB_GEOGRAFICO) VALUES (580,4,542,'CM. UPATA');
INSERT INTO I032T_GEOGRAFICO (CO_GEOGRAFICO,CO_TIPO_GEOGRAFICO,NU_PADRE_GEOGRAFICO,NB_GEOGRAFICO) VALUES (581,4,542,'ANDRÉS ELOY BLANCO');
INSERT INTO I032T_GEOGRAFICO (CO_GEOGRAFICO,CO_TIPO_GEOGRAFICO,NU_PADRE_GEOGRAFICO,NB_GEOGRAFICO) VALUES (582,4,542,'PEDRO COVA');
INSERT INTO I032T_GEOGRAFICO (CO_GEOGRAFICO,CO_TIPO_GEOGRAFICO,NU_PADRE_GEOGRAFICO,NB_GEOGRAFICO) VALUES (583,4,543,'CM. GUASIPATI');
INSERT INTO I032T_GEOGRAFICO (CO_GEOGRAFICO,CO_TIPO_GEOGRAFICO,NU_PADRE_GEOGRAFICO,NB_GEOGRAFICO) VALUES (584,4,543,'SALOM');
INSERT INTO I032T_GEOGRAFICO (CO_GEOGRAFICO,CO_TIPO_GEOGRAFICO,NU_PADRE_GEOGRAFICO,NB_GEOGRAFICO) VALUES (585,4,544,'CM. MARIPA');
INSERT INTO I032T_GEOGRAFICO (CO_GEOGRAFICO,CO_TIPO_GEOGRAFICO,NU_PADRE_GEOGRAFICO,NB_GEOGRAFICO) VALUES (586,4,544,'ARIPAO');
INSERT INTO I032T_GEOGRAFICO (CO_GEOGRAFICO,CO_TIPO_GEOGRAFICO,NU_PADRE_GEOGRAFICO,NB_GEOGRAFICO) VALUES (587,4,544,'LAS MAJADAS');
INSERT INTO I032T_GEOGRAFICO (CO_GEOGRAFICO,CO_TIPO_GEOGRAFICO,NU_PADRE_GEOGRAFICO,NB_GEOGRAFICO) VALUES (588,4,544,'MOITACO');
INSERT INTO I032T_GEOGRAFICO (CO_GEOGRAFICO,CO_TIPO_GEOGRAFICO,NU_PADRE_GEOGRAFICO,NB_GEOGRAFICO) VALUES (589,4,544,'GUARATARO');
INSERT INTO I032T_GEOGRAFICO (CO_GEOGRAFICO,CO_TIPO_GEOGRAFICO,NU_PADRE_GEOGRAFICO,NB_GEOGRAFICO) VALUES (590,4,545,'CM. TUMEREMO');
INSERT INTO I032T_GEOGRAFICO (CO_GEOGRAFICO,CO_TIPO_GEOGRAFICO,NU_PADRE_GEOGRAFICO,NB_GEOGRAFICO) VALUES (591,4,545,'DALLA COSTA');
INSERT INTO I032T_GEOGRAFICO (CO_GEOGRAFICO,CO_TIPO_GEOGRAFICO,NU_PADRE_GEOGRAFICO,NB_GEOGRAFICO) VALUES (592,4,545,'SAN ISIDRO');
INSERT INTO I032T_GEOGRAFICO (CO_GEOGRAFICO,CO_TIPO_GEOGRAFICO,NU_PADRE_GEOGRAFICO,NB_GEOGRAFICO) VALUES (593,3,250,'BOLIVARIANO DE ANGOSTURA');
INSERT INTO I032T_GEOGRAFICO (CO_GEOGRAFICO,CO_TIPO_GEOGRAFICO,NU_PADRE_GEOGRAFICO,NB_GEOGRAFICO) VALUES (594,3,250,'BEJUMA');
INSERT INTO I032T_GEOGRAFICO (CO_GEOGRAFICO,CO_TIPO_GEOGRAFICO,NU_PADRE_GEOGRAFICO,NB_GEOGRAFICO) VALUES (595,3,250,'CARLOS ARVELO');
INSERT INTO I032T_GEOGRAFICO (CO_GEOGRAFICO,CO_TIPO_GEOGRAFICO,NU_PADRE_GEOGRAFICO,NB_GEOGRAFICO) VALUES (596,3,250,'DIEGO IBARRA');
INSERT INTO I032T_GEOGRAFICO (CO_GEOGRAFICO,CO_TIPO_GEOGRAFICO,NU_PADRE_GEOGRAFICO,NB_GEOGRAFICO) VALUES (597,3,250,'GUACARA');
INSERT INTO I032T_GEOGRAFICO (CO_GEOGRAFICO,CO_TIPO_GEOGRAFICO,NU_PADRE_GEOGRAFICO,NB_GEOGRAFICO) VALUES (598,3,250,'MONTALBÁN');
INSERT INTO I032T_GEOGRAFICO (CO_GEOGRAFICO,CO_TIPO_GEOGRAFICO,NU_PADRE_GEOGRAFICO,NB_GEOGRAFICO) VALUES (599,3,250,'JUAN JOSÉ MORA');
INSERT INTO I032T_GEOGRAFICO (CO_GEOGRAFICO,CO_TIPO_GEOGRAFICO,NU_PADRE_GEOGRAFICO,NB_GEOGRAFICO) VALUES (600,3,250,'PUERTO CABELLO');
INSERT INTO I032T_GEOGRAFICO (CO_GEOGRAFICO,CO_TIPO_GEOGRAFICO,NU_PADRE_GEOGRAFICO,NB_GEOGRAFICO) VALUES (601,3,250,'SAN JOAQUÍN');
INSERT INTO I032T_GEOGRAFICO (CO_GEOGRAFICO,CO_TIPO_GEOGRAFICO,NU_PADRE_GEOGRAFICO,NB_GEOGRAFICO) VALUES (602,3,250,'VALENCIA');
INSERT INTO I032T_GEOGRAFICO (CO_GEOGRAFICO,CO_TIPO_GEOGRAFICO,NU_PADRE_GEOGRAFICO,NB_GEOGRAFICO) VALUES (603,3,250,'MIRANDA');
INSERT INTO I032T_GEOGRAFICO (CO_GEOGRAFICO,CO_TIPO_GEOGRAFICO,NU_PADRE_GEOGRAFICO,NB_GEOGRAFICO) VALUES (604,3,250,'LOS GUAYOS');
INSERT INTO I032T_GEOGRAFICO (CO_GEOGRAFICO,CO_TIPO_GEOGRAFICO,NU_PADRE_GEOGRAFICO,NB_GEOGRAFICO) VALUES (605,3,250,'NAGUANAGUA');
INSERT INTO I032T_GEOGRAFICO (CO_GEOGRAFICO,CO_TIPO_GEOGRAFICO,NU_PADRE_GEOGRAFICO,NB_GEOGRAFICO) VALUES (606,3,250,'SAN DIEGO');
INSERT INTO I032T_GEOGRAFICO (CO_GEOGRAFICO,CO_TIPO_GEOGRAFICO,NU_PADRE_GEOGRAFICO,NB_GEOGRAFICO) VALUES (607,3,250,'LIBERTADOR');
INSERT INTO I032T_GEOGRAFICO (CO_GEOGRAFICO,CO_TIPO_GEOGRAFICO,NU_PADRE_GEOGRAFICO,NB_GEOGRAFICO) VALUES (608,4,594,'BEJUMA');
INSERT INTO I032T_GEOGRAFICO (CO_GEOGRAFICO,CO_TIPO_GEOGRAFICO,NU_PADRE_GEOGRAFICO,NB_GEOGRAFICO) VALUES (609,4,594,'CANOABO');
INSERT INTO I032T_GEOGRAFICO (CO_GEOGRAFICO,CO_TIPO_GEOGRAFICO,NU_PADRE_GEOGRAFICO,NB_GEOGRAFICO) VALUES (610,4,594,'SIMÓN BOLÍVAR');
INSERT INTO I032T_GEOGRAFICO (CO_GEOGRAFICO,CO_TIPO_GEOGRAFICO,NU_PADRE_GEOGRAFICO,NB_GEOGRAFICO) VALUES (611,4,595,'GUIGUE');
INSERT INTO I032T_GEOGRAFICO (CO_GEOGRAFICO,CO_TIPO_GEOGRAFICO,NU_PADRE_GEOGRAFICO,NB_GEOGRAFICO) VALUES (612,4,595,'BELEN');
INSERT INTO I032T_GEOGRAFICO (CO_GEOGRAFICO,CO_TIPO_GEOGRAFICO,NU_PADRE_GEOGRAFICO,NB_GEOGRAFICO) VALUES (613,4,595,'TACARIGUA');
INSERT INTO I032T_GEOGRAFICO (CO_GEOGRAFICO,CO_TIPO_GEOGRAFICO,NU_PADRE_GEOGRAFICO,NB_GEOGRAFICO) VALUES (614,4,596,'MARIARA');
INSERT INTO I032T_GEOGRAFICO (CO_GEOGRAFICO,CO_TIPO_GEOGRAFICO,NU_PADRE_GEOGRAFICO,NB_GEOGRAFICO) VALUES (615,4,596,'AGUAS CALIENTES');
INSERT INTO I032T_GEOGRAFICO (CO_GEOGRAFICO,CO_TIPO_GEOGRAFICO,NU_PADRE_GEOGRAFICO,NB_GEOGRAFICO) VALUES (616,4,597,'GUACARA');
INSERT INTO I032T_GEOGRAFICO (CO_GEOGRAFICO,CO_TIPO_GEOGRAFICO,NU_PADRE_GEOGRAFICO,NB_GEOGRAFICO) VALUES (617,4,597,'CIUDAD ALIANZA');
INSERT INTO I032T_GEOGRAFICO (CO_GEOGRAFICO,CO_TIPO_GEOGRAFICO,NU_PADRE_GEOGRAFICO,NB_GEOGRAFICO) VALUES (618,4,597,'YAGUA');
INSERT INTO I032T_GEOGRAFICO (CO_GEOGRAFICO,CO_TIPO_GEOGRAFICO,NU_PADRE_GEOGRAFICO,NB_GEOGRAFICO) VALUES (619,4,598,'MONTALBÁN');
INSERT INTO I032T_GEOGRAFICO (CO_GEOGRAFICO,CO_TIPO_GEOGRAFICO,NU_PADRE_GEOGRAFICO,NB_GEOGRAFICO) VALUES (620,4,599,'MORON');
INSERT INTO I032T_GEOGRAFICO (CO_GEOGRAFICO,CO_TIPO_GEOGRAFICO,NU_PADRE_GEOGRAFICO,NB_GEOGRAFICO) VALUES (621,4,599,'URAMA');
INSERT INTO I032T_GEOGRAFICO (CO_GEOGRAFICO,CO_TIPO_GEOGRAFICO,NU_PADRE_GEOGRAFICO,NB_GEOGRAFICO) VALUES (622,4,600,'DEMOCRACIA');
INSERT INTO I032T_GEOGRAFICO (CO_GEOGRAFICO,CO_TIPO_GEOGRAFICO,NU_PADRE_GEOGRAFICO,NB_GEOGRAFICO) VALUES (623,4,600,'FRATERNIDAD');
INSERT INTO I032T_GEOGRAFICO (CO_GEOGRAFICO,CO_TIPO_GEOGRAFICO,NU_PADRE_GEOGRAFICO,NB_GEOGRAFICO) VALUES (624,4,600,'GOAIGOAZA');
INSERT INTO I032T_GEOGRAFICO (CO_GEOGRAFICO,CO_TIPO_GEOGRAFICO,NU_PADRE_GEOGRAFICO,NB_GEOGRAFICO) VALUES (625,4,600,'JUAN JOSÉ FLORES');
INSERT INTO I032T_GEOGRAFICO (CO_GEOGRAFICO,CO_TIPO_GEOGRAFICO,NU_PADRE_GEOGRAFICO,NB_GEOGRAFICO) VALUES (626,4,600,'BARTOLOME SALOM');
INSERT INTO I032T_GEOGRAFICO (CO_GEOGRAFICO,CO_TIPO_GEOGRAFICO,NU_PADRE_GEOGRAFICO,NB_GEOGRAFICO) VALUES (627,4,600,'UNIÓN');
INSERT INTO I032T_GEOGRAFICO (CO_GEOGRAFICO,CO_TIPO_GEOGRAFICO,NU_PADRE_GEOGRAFICO,NB_GEOGRAFICO) VALUES (628,4,600,'BORBURATA');
INSERT INTO I032T_GEOGRAFICO (CO_GEOGRAFICO,CO_TIPO_GEOGRAFICO,NU_PADRE_GEOGRAFICO,NB_GEOGRAFICO) VALUES (629,4,600,'PATANEMO');
INSERT INTO I032T_GEOGRAFICO (CO_GEOGRAFICO,CO_TIPO_GEOGRAFICO,NU_PADRE_GEOGRAFICO,NB_GEOGRAFICO) VALUES (630,4,601,'SAN JOAQUÍN');
INSERT INTO I032T_GEOGRAFICO (CO_GEOGRAFICO,CO_TIPO_GEOGRAFICO,NU_PADRE_GEOGRAFICO,NB_GEOGRAFICO) VALUES (631,4,602,'CANDELARIA');
INSERT INTO I032T_GEOGRAFICO (CO_GEOGRAFICO,CO_TIPO_GEOGRAFICO,NU_PADRE_GEOGRAFICO,NB_GEOGRAFICO) VALUES (632,4,602,'CATEDRAL');
INSERT INTO I032T_GEOGRAFICO (CO_GEOGRAFICO,CO_TIPO_GEOGRAFICO,NU_PADRE_GEOGRAFICO,NB_GEOGRAFICO) VALUES (633,4,602,'EL SOCORRO');
INSERT INTO I032T_GEOGRAFICO (CO_GEOGRAFICO,CO_TIPO_GEOGRAFICO,NU_PADRE_GEOGRAFICO,NB_GEOGRAFICO) VALUES (634,4,602,'MIGUEL PEÑA');
INSERT INTO I032T_GEOGRAFICO (CO_GEOGRAFICO,CO_TIPO_GEOGRAFICO,NU_PADRE_GEOGRAFICO,NB_GEOGRAFICO) VALUES (635,4,602,'SAN BLAS');
INSERT INTO I032T_GEOGRAFICO (CO_GEOGRAFICO,CO_TIPO_GEOGRAFICO,NU_PADRE_GEOGRAFICO,NB_GEOGRAFICO) VALUES (636,4,602,'SAN JOSÉ');
INSERT INTO I032T_GEOGRAFICO (CO_GEOGRAFICO,CO_TIPO_GEOGRAFICO,NU_PADRE_GEOGRAFICO,NB_GEOGRAFICO) VALUES (637,4,602,'SANTA ROSA');
INSERT INTO I032T_GEOGRAFICO (CO_GEOGRAFICO,CO_TIPO_GEOGRAFICO,NU_PADRE_GEOGRAFICO,NB_GEOGRAFICO) VALUES (638,4,602,'RAFAEL URDANETA');
INSERT INTO I032T_GEOGRAFICO (CO_GEOGRAFICO,CO_TIPO_GEOGRAFICO,NU_PADRE_GEOGRAFICO,NB_GEOGRAFICO) VALUES (639,4,602,'NEGRO PRIMERO');
INSERT INTO I032T_GEOGRAFICO (CO_GEOGRAFICO,CO_TIPO_GEOGRAFICO,NU_PADRE_GEOGRAFICO,NB_GEOGRAFICO) VALUES (640,4,603,'MIRANDA');
INSERT INTO I032T_GEOGRAFICO (CO_GEOGRAFICO,CO_TIPO_GEOGRAFICO,NU_PADRE_GEOGRAFICO,NB_GEOGRAFICO) VALUES (641,4,604,'U LOS GUAYOS');
INSERT INTO I032T_GEOGRAFICO (CO_GEOGRAFICO,CO_TIPO_GEOGRAFICO,NU_PADRE_GEOGRAFICO,NB_GEOGRAFICO) VALUES (642,4,605,'NAGUANAGUA');
INSERT INTO I032T_GEOGRAFICO (CO_GEOGRAFICO,CO_TIPO_GEOGRAFICO,NU_PADRE_GEOGRAFICO,NB_GEOGRAFICO) VALUES (643,4,606,'URB SAN DIEGO');
INSERT INTO I032T_GEOGRAFICO (CO_GEOGRAFICO,CO_TIPO_GEOGRAFICO,NU_PADRE_GEOGRAFICO,NB_GEOGRAFICO) VALUES (644,4,607,'U TOCUYITO');
INSERT INTO I032T_GEOGRAFICO (CO_GEOGRAFICO,CO_TIPO_GEOGRAFICO,NU_PADRE_GEOGRAFICO,NB_GEOGRAFICO) VALUES (645,4,607,'U INDEPENDENCIA');
INSERT INTO I032T_GEOGRAFICO (CO_GEOGRAFICO,CO_TIPO_GEOGRAFICO,NU_PADRE_GEOGRAFICO,NB_GEOGRAFICO) VALUES (646,3,251,'ANZOÁTEGUI');
INSERT INTO I032T_GEOGRAFICO (CO_GEOGRAFICO,CO_TIPO_GEOGRAFICO,NU_PADRE_GEOGRAFICO,NB_GEOGRAFICO) VALUES (647,3,251,'AUTONOMO TINAQUILLO');
INSERT INTO I032T_GEOGRAFICO (CO_GEOGRAFICO,CO_TIPO_GEOGRAFICO,NU_PADRE_GEOGRAFICO,NB_GEOGRAFICO) VALUES (648,3,251,'GIRARDOT');
INSERT INTO I032T_GEOGRAFICO (CO_GEOGRAFICO,CO_TIPO_GEOGRAFICO,NU_PADRE_GEOGRAFICO,NB_GEOGRAFICO) VALUES (649,3,251,'PAO DE SAN JUAN BAUTISTA');
INSERT INTO I032T_GEOGRAFICO (CO_GEOGRAFICO,CO_TIPO_GEOGRAFICO,NU_PADRE_GEOGRAFICO,NB_GEOGRAFICO) VALUES (650,3,251,'RICAURTE');
INSERT INTO I032T_GEOGRAFICO (CO_GEOGRAFICO,CO_TIPO_GEOGRAFICO,NU_PADRE_GEOGRAFICO,NB_GEOGRAFICO) VALUES (651,3,251,'EZEQUIEL ZAMORA');
INSERT INTO I032T_GEOGRAFICO (CO_GEOGRAFICO,CO_TIPO_GEOGRAFICO,NU_PADRE_GEOGRAFICO,NB_GEOGRAFICO) VALUES (652,3,251,'TINACO');
INSERT INTO I032T_GEOGRAFICO (CO_GEOGRAFICO,CO_TIPO_GEOGRAFICO,NU_PADRE_GEOGRAFICO,NB_GEOGRAFICO) VALUES (653,3,251,'LIMA BLANCO');
INSERT INTO I032T_GEOGRAFICO (CO_GEOGRAFICO,CO_TIPO_GEOGRAFICO,NU_PADRE_GEOGRAFICO,NB_GEOGRAFICO) VALUES (654,3,251,'RÓMULO GALLEGOS');
INSERT INTO I032T_GEOGRAFICO (CO_GEOGRAFICO,CO_TIPO_GEOGRAFICO,NU_PADRE_GEOGRAFICO,NB_GEOGRAFICO) VALUES (655,4,646,'COJEDES');
INSERT INTO I032T_GEOGRAFICO (CO_GEOGRAFICO,CO_TIPO_GEOGRAFICO,NU_PADRE_GEOGRAFICO,NB_GEOGRAFICO) VALUES (656,4,646,'JUAN DE MATA SUÁREZ');
INSERT INTO I032T_GEOGRAFICO (CO_GEOGRAFICO,CO_TIPO_GEOGRAFICO,NU_PADRE_GEOGRAFICO,NB_GEOGRAFICO) VALUES (657,4,647,'TINAQUILLO');
INSERT INTO I032T_GEOGRAFICO (CO_GEOGRAFICO,CO_TIPO_GEOGRAFICO,NU_PADRE_GEOGRAFICO,NB_GEOGRAFICO) VALUES (658,4,648,'EL BAUL');
INSERT INTO I032T_GEOGRAFICO (CO_GEOGRAFICO,CO_TIPO_GEOGRAFICO,NU_PADRE_GEOGRAFICO,NB_GEOGRAFICO) VALUES (659,4,648,'SUCRE');
INSERT INTO I032T_GEOGRAFICO (CO_GEOGRAFICO,CO_TIPO_GEOGRAFICO,NU_PADRE_GEOGRAFICO,NB_GEOGRAFICO) VALUES (660,4,649,'EL PAO');
INSERT INTO I032T_GEOGRAFICO (CO_GEOGRAFICO,CO_TIPO_GEOGRAFICO,NU_PADRE_GEOGRAFICO,NB_GEOGRAFICO) VALUES (661,4,650,'LIBERTAD DE COJEDES');
INSERT INTO I032T_GEOGRAFICO (CO_GEOGRAFICO,CO_TIPO_GEOGRAFICO,NU_PADRE_GEOGRAFICO,NB_GEOGRAFICO) VALUES (662,4,650,'EL AMPARO');
INSERT INTO I032T_GEOGRAFICO (CO_GEOGRAFICO,CO_TIPO_GEOGRAFICO,NU_PADRE_GEOGRAFICO,NB_GEOGRAFICO) VALUES (663,4,651,'SAN CARLOS DE AUSTRIA');
INSERT INTO I032T_GEOGRAFICO (CO_GEOGRAFICO,CO_TIPO_GEOGRAFICO,NU_PADRE_GEOGRAFICO,NB_GEOGRAFICO) VALUES (664,4,651,'JUAN ANGEL BRAVO');
INSERT INTO I032T_GEOGRAFICO (CO_GEOGRAFICO,CO_TIPO_GEOGRAFICO,NU_PADRE_GEOGRAFICO,NB_GEOGRAFICO) VALUES (665,4,651,'MANUEL MANRIQUE');
INSERT INTO I032T_GEOGRAFICO (CO_GEOGRAFICO,CO_TIPO_GEOGRAFICO,NU_PADRE_GEOGRAFICO,NB_GEOGRAFICO) VALUES (666,4,652,'GENERAL EN JEFE JOSÉ LAURENCIO SILVA');
INSERT INTO I032T_GEOGRAFICO (CO_GEOGRAFICO,CO_TIPO_GEOGRAFICO,NU_PADRE_GEOGRAFICO,NB_GEOGRAFICO) VALUES (667,4,653,'MACAPO');
INSERT INTO I032T_GEOGRAFICO (CO_GEOGRAFICO,CO_TIPO_GEOGRAFICO,NU_PADRE_GEOGRAFICO,NB_GEOGRAFICO) VALUES (668,4,653,'LA AGUADITA');
INSERT INTO I032T_GEOGRAFICO (CO_GEOGRAFICO,CO_TIPO_GEOGRAFICO,NU_PADRE_GEOGRAFICO,NB_GEOGRAFICO) VALUES (669,4,654,'RÓMULO GALLEGOS');
INSERT INTO I032T_GEOGRAFICO (CO_GEOGRAFICO,CO_TIPO_GEOGRAFICO,NU_PADRE_GEOGRAFICO,NB_GEOGRAFICO) VALUES (670,3,252,'ACOSTA');
INSERT INTO I032T_GEOGRAFICO (CO_GEOGRAFICO,CO_TIPO_GEOGRAFICO,NU_PADRE_GEOGRAFICO,NB_GEOGRAFICO) VALUES (671,3,252,'BOLÍVAR');
INSERT INTO I032T_GEOGRAFICO (CO_GEOGRAFICO,CO_TIPO_GEOGRAFICO,NU_PADRE_GEOGRAFICO,NB_GEOGRAFICO) VALUES (672,3,252,'BUCHIVACOA');
INSERT INTO I032T_GEOGRAFICO (CO_GEOGRAFICO,CO_TIPO_GEOGRAFICO,NU_PADRE_GEOGRAFICO,NB_GEOGRAFICO) VALUES (673,3,252,'CARIRUBANA');
INSERT INTO I032T_GEOGRAFICO (CO_GEOGRAFICO,CO_TIPO_GEOGRAFICO,NU_PADRE_GEOGRAFICO,NB_GEOGRAFICO) VALUES (674,3,252,'COLINA');
INSERT INTO I032T_GEOGRAFICO (CO_GEOGRAFICO,CO_TIPO_GEOGRAFICO,NU_PADRE_GEOGRAFICO,NB_GEOGRAFICO) VALUES (675,3,252,'DEMOCRACIA');
INSERT INTO I032T_GEOGRAFICO (CO_GEOGRAFICO,CO_TIPO_GEOGRAFICO,NU_PADRE_GEOGRAFICO,NB_GEOGRAFICO) VALUES (676,3,252,'FALCON');
INSERT INTO I032T_GEOGRAFICO (CO_GEOGRAFICO,CO_TIPO_GEOGRAFICO,NU_PADRE_GEOGRAFICO,NB_GEOGRAFICO) VALUES (677,3,252,'FEDERACION');
INSERT INTO I032T_GEOGRAFICO (CO_GEOGRAFICO,CO_TIPO_GEOGRAFICO,NU_PADRE_GEOGRAFICO,NB_GEOGRAFICO) VALUES (678,3,252,'MAUROA');
INSERT INTO I032T_GEOGRAFICO (CO_GEOGRAFICO,CO_TIPO_GEOGRAFICO,NU_PADRE_GEOGRAFICO,NB_GEOGRAFICO) VALUES (679,3,252,'MIRANDA');
INSERT INTO I032T_GEOGRAFICO (CO_GEOGRAFICO,CO_TIPO_GEOGRAFICO,NU_PADRE_GEOGRAFICO,NB_GEOGRAFICO) VALUES (680,3,252,'PETIT');
INSERT INTO I032T_GEOGRAFICO (CO_GEOGRAFICO,CO_TIPO_GEOGRAFICO,NU_PADRE_GEOGRAFICO,NB_GEOGRAFICO) VALUES (681,3,252,'SILVA');
INSERT INTO I032T_GEOGRAFICO (CO_GEOGRAFICO,CO_TIPO_GEOGRAFICO,NU_PADRE_GEOGRAFICO,NB_GEOGRAFICO) VALUES (682,3,252,'ZAMORA');
INSERT INTO I032T_GEOGRAFICO (CO_GEOGRAFICO,CO_TIPO_GEOGRAFICO,NU_PADRE_GEOGRAFICO,NB_GEOGRAFICO) VALUES (683,3,252,'DABAJURO');
INSERT INTO I032T_GEOGRAFICO (CO_GEOGRAFICO,CO_TIPO_GEOGRAFICO,NU_PADRE_GEOGRAFICO,NB_GEOGRAFICO) VALUES (684,3,252,'MONSEÑOR ITURRIZA');
INSERT INTO I032T_GEOGRAFICO (CO_GEOGRAFICO,CO_TIPO_GEOGRAFICO,NU_PADRE_GEOGRAFICO,NB_GEOGRAFICO) VALUES (685,3,252,'LOS TAQUES');
INSERT INTO I032T_GEOGRAFICO (CO_GEOGRAFICO,CO_TIPO_GEOGRAFICO,NU_PADRE_GEOGRAFICO,NB_GEOGRAFICO) VALUES (686,3,252,'PÍRITU');
INSERT INTO I032T_GEOGRAFICO (CO_GEOGRAFICO,CO_TIPO_GEOGRAFICO,NU_PADRE_GEOGRAFICO,NB_GEOGRAFICO) VALUES (687,3,252,'UNIÓN');
INSERT INTO I032T_GEOGRAFICO (CO_GEOGRAFICO,CO_TIPO_GEOGRAFICO,NU_PADRE_GEOGRAFICO,NB_GEOGRAFICO) VALUES (688,3,252,'SAN FRANCISCO');
INSERT INTO I032T_GEOGRAFICO (CO_GEOGRAFICO,CO_TIPO_GEOGRAFICO,NU_PADRE_GEOGRAFICO,NB_GEOGRAFICO) VALUES (689,3,252,'JACURA');
INSERT INTO I032T_GEOGRAFICO (CO_GEOGRAFICO,CO_TIPO_GEOGRAFICO,NU_PADRE_GEOGRAFICO,NB_GEOGRAFICO) VALUES (690,3,252,'CACIQUE MANAURE');
INSERT INTO I032T_GEOGRAFICO (CO_GEOGRAFICO,CO_TIPO_GEOGRAFICO,NU_PADRE_GEOGRAFICO,NB_GEOGRAFICO) VALUES (691,3,252,'PALMASOLA');
INSERT INTO I032T_GEOGRAFICO (CO_GEOGRAFICO,CO_TIPO_GEOGRAFICO,NU_PADRE_GEOGRAFICO,NB_GEOGRAFICO) VALUES (692,3,252,'SUCRE');
INSERT INTO I032T_GEOGRAFICO (CO_GEOGRAFICO,CO_TIPO_GEOGRAFICO,NU_PADRE_GEOGRAFICO,NB_GEOGRAFICO) VALUES (693,3,252,'URUMACO');
INSERT INTO I032T_GEOGRAFICO (CO_GEOGRAFICO,CO_TIPO_GEOGRAFICO,NU_PADRE_GEOGRAFICO,NB_GEOGRAFICO) VALUES (694,3,252,'TOCOPERO');
INSERT INTO I032T_GEOGRAFICO (CO_GEOGRAFICO,CO_TIPO_GEOGRAFICO,NU_PADRE_GEOGRAFICO,NB_GEOGRAFICO) VALUES (695,4,670,'SAN JUAN DE LOS CAYOS');
INSERT INTO I032T_GEOGRAFICO (CO_GEOGRAFICO,CO_TIPO_GEOGRAFICO,NU_PADRE_GEOGRAFICO,NB_GEOGRAFICO) VALUES (696,4,670,'CAPADARE');
INSERT INTO I032T_GEOGRAFICO (CO_GEOGRAFICO,CO_TIPO_GEOGRAFICO,NU_PADRE_GEOGRAFICO,NB_GEOGRAFICO) VALUES (697,4,670,'LA PASTORA');
INSERT INTO I032T_GEOGRAFICO (CO_GEOGRAFICO,CO_TIPO_GEOGRAFICO,NU_PADRE_GEOGRAFICO,NB_GEOGRAFICO) VALUES (698,4,670,'LIBERTADOR');
INSERT INTO I032T_GEOGRAFICO (CO_GEOGRAFICO,CO_TIPO_GEOGRAFICO,NU_PADRE_GEOGRAFICO,NB_GEOGRAFICO) VALUES (699,4,671,'SAN LUIS');
INSERT INTO I032T_GEOGRAFICO (CO_GEOGRAFICO,CO_TIPO_GEOGRAFICO,NU_PADRE_GEOGRAFICO,NB_GEOGRAFICO) VALUES (700,4,671,'ARACUA');
INSERT INTO I032T_GEOGRAFICO (CO_GEOGRAFICO,CO_TIPO_GEOGRAFICO,NU_PADRE_GEOGRAFICO,NB_GEOGRAFICO) VALUES (701,4,671,'LA PEÑA');
INSERT INTO I032T_GEOGRAFICO (CO_GEOGRAFICO,CO_TIPO_GEOGRAFICO,NU_PADRE_GEOGRAFICO,NB_GEOGRAFICO) VALUES (702,4,672,'CAPATARIDA');
INSERT INTO I032T_GEOGRAFICO (CO_GEOGRAFICO,CO_TIPO_GEOGRAFICO,NU_PADRE_GEOGRAFICO,NB_GEOGRAFICO) VALUES (703,4,672,'BOROJO');
INSERT INTO I032T_GEOGRAFICO (CO_GEOGRAFICO,CO_TIPO_GEOGRAFICO,NU_PADRE_GEOGRAFICO,NB_GEOGRAFICO) VALUES (704,4,672,'SEQUE');
INSERT INTO I032T_GEOGRAFICO (CO_GEOGRAFICO,CO_TIPO_GEOGRAFICO,NU_PADRE_GEOGRAFICO,NB_GEOGRAFICO) VALUES (705,4,672,'ZAZARIDA');
INSERT INTO I032T_GEOGRAFICO (CO_GEOGRAFICO,CO_TIPO_GEOGRAFICO,NU_PADRE_GEOGRAFICO,NB_GEOGRAFICO) VALUES (706,4,672,'BARIRO');
INSERT INTO I032T_GEOGRAFICO (CO_GEOGRAFICO,CO_TIPO_GEOGRAFICO,NU_PADRE_GEOGRAFICO,NB_GEOGRAFICO) VALUES (707,4,672,'GUAJIRO');
INSERT INTO I032T_GEOGRAFICO (CO_GEOGRAFICO,CO_TIPO_GEOGRAFICO,NU_PADRE_GEOGRAFICO,NB_GEOGRAFICO) VALUES (708,4,673,'NORTE');
INSERT INTO I032T_GEOGRAFICO (CO_GEOGRAFICO,CO_TIPO_GEOGRAFICO,NU_PADRE_GEOGRAFICO,NB_GEOGRAFICO) VALUES (709,4,673,'CARIRUBANA');
INSERT INTO I032T_GEOGRAFICO (CO_GEOGRAFICO,CO_TIPO_GEOGRAFICO,NU_PADRE_GEOGRAFICO,NB_GEOGRAFICO) VALUES (710,4,673,'PUNTA CARDON');
INSERT INTO I032T_GEOGRAFICO (CO_GEOGRAFICO,CO_TIPO_GEOGRAFICO,NU_PADRE_GEOGRAFICO,NB_GEOGRAFICO) VALUES (711,4,673,'SANTA ANA');
INSERT INTO I032T_GEOGRAFICO (CO_GEOGRAFICO,CO_TIPO_GEOGRAFICO,NU_PADRE_GEOGRAFICO,NB_GEOGRAFICO) VALUES (712,4,674,'LA VELA DE CORO');
INSERT INTO I032T_GEOGRAFICO (CO_GEOGRAFICO,CO_TIPO_GEOGRAFICO,NU_PADRE_GEOGRAFICO,NB_GEOGRAFICO) VALUES (713,4,674,'ACURIGUA');
INSERT INTO I032T_GEOGRAFICO (CO_GEOGRAFICO,CO_TIPO_GEOGRAFICO,NU_PADRE_GEOGRAFICO,NB_GEOGRAFICO) VALUES (714,4,674,'GUAIBACOA');
INSERT INTO I032T_GEOGRAFICO (CO_GEOGRAFICO,CO_TIPO_GEOGRAFICO,NU_PADRE_GEOGRAFICO,NB_GEOGRAFICO) VALUES (715,4,674,'MACORUCA');
INSERT INTO I032T_GEOGRAFICO (CO_GEOGRAFICO,CO_TIPO_GEOGRAFICO,NU_PADRE_GEOGRAFICO,NB_GEOGRAFICO) VALUES (716,4,674,'LAS CALDERAS');
INSERT INTO I032T_GEOGRAFICO (CO_GEOGRAFICO,CO_TIPO_GEOGRAFICO,NU_PADRE_GEOGRAFICO,NB_GEOGRAFICO) VALUES (717,4,675,'PEDREGAL');
INSERT INTO I032T_GEOGRAFICO (CO_GEOGRAFICO,CO_TIPO_GEOGRAFICO,NU_PADRE_GEOGRAFICO,NB_GEOGRAFICO) VALUES (718,4,675,'AGUA CLARA');
INSERT INTO I032T_GEOGRAFICO (CO_GEOGRAFICO,CO_TIPO_GEOGRAFICO,NU_PADRE_GEOGRAFICO,NB_GEOGRAFICO) VALUES (719,4,675,'AVARIA');
INSERT INTO I032T_GEOGRAFICO (CO_GEOGRAFICO,CO_TIPO_GEOGRAFICO,NU_PADRE_GEOGRAFICO,NB_GEOGRAFICO) VALUES (720,4,675,'PIEDRA GRANDE');
INSERT INTO I032T_GEOGRAFICO (CO_GEOGRAFICO,CO_TIPO_GEOGRAFICO,NU_PADRE_GEOGRAFICO,NB_GEOGRAFICO) VALUES (721,4,675,'PURURECHE');
INSERT INTO I032T_GEOGRAFICO (CO_GEOGRAFICO,CO_TIPO_GEOGRAFICO,NU_PADRE_GEOGRAFICO,NB_GEOGRAFICO) VALUES (722,4,676,'PUEBLO NUEVO');
INSERT INTO I032T_GEOGRAFICO (CO_GEOGRAFICO,CO_TIPO_GEOGRAFICO,NU_PADRE_GEOGRAFICO,NB_GEOGRAFICO) VALUES (723,4,676,'ADICORA');
INSERT INTO I032T_GEOGRAFICO (CO_GEOGRAFICO,CO_TIPO_GEOGRAFICO,NU_PADRE_GEOGRAFICO,NB_GEOGRAFICO) VALUES (724,4,676,'BARAIVED');
INSERT INTO I032T_GEOGRAFICO (CO_GEOGRAFICO,CO_TIPO_GEOGRAFICO,NU_PADRE_GEOGRAFICO,NB_GEOGRAFICO) VALUES (725,4,676,'BUENA VISTA');
INSERT INTO I032T_GEOGRAFICO (CO_GEOGRAFICO,CO_TIPO_GEOGRAFICO,NU_PADRE_GEOGRAFICO,NB_GEOGRAFICO) VALUES (726,4,676,'JADACAQUIVA');
INSERT INTO I032T_GEOGRAFICO (CO_GEOGRAFICO,CO_TIPO_GEOGRAFICO,NU_PADRE_GEOGRAFICO,NB_GEOGRAFICO) VALUES (727,4,676,'MORUY');
INSERT INTO I032T_GEOGRAFICO (CO_GEOGRAFICO,CO_TIPO_GEOGRAFICO,NU_PADRE_GEOGRAFICO,NB_GEOGRAFICO) VALUES (728,4,676,'EL VINCULO');
INSERT INTO I032T_GEOGRAFICO (CO_GEOGRAFICO,CO_TIPO_GEOGRAFICO,NU_PADRE_GEOGRAFICO,NB_GEOGRAFICO) VALUES (729,4,676,'EL HATO');
INSERT INTO I032T_GEOGRAFICO (CO_GEOGRAFICO,CO_TIPO_GEOGRAFICO,NU_PADRE_GEOGRAFICO,NB_GEOGRAFICO) VALUES (730,4,676,'ADAURE');
INSERT INTO I032T_GEOGRAFICO (CO_GEOGRAFICO,CO_TIPO_GEOGRAFICO,NU_PADRE_GEOGRAFICO,NB_GEOGRAFICO) VALUES (731,4,677,'CHURUGUARA');
INSERT INTO I032T_GEOGRAFICO (CO_GEOGRAFICO,CO_TIPO_GEOGRAFICO,NU_PADRE_GEOGRAFICO,NB_GEOGRAFICO) VALUES (732,4,677,'AGUA LARGA');
INSERT INTO I032T_GEOGRAFICO (CO_GEOGRAFICO,CO_TIPO_GEOGRAFICO,NU_PADRE_GEOGRAFICO,NB_GEOGRAFICO) VALUES (733,4,677,'INDEPENDENCIA');
INSERT INTO I032T_GEOGRAFICO (CO_GEOGRAFICO,CO_TIPO_GEOGRAFICO,NU_PADRE_GEOGRAFICO,NB_GEOGRAFICO) VALUES (734,4,677,'MAPARARI');
INSERT INTO I032T_GEOGRAFICO (CO_GEOGRAFICO,CO_TIPO_GEOGRAFICO,NU_PADRE_GEOGRAFICO,NB_GEOGRAFICO) VALUES (735,4,677,'EL PAUJI');
INSERT INTO I032T_GEOGRAFICO (CO_GEOGRAFICO,CO_TIPO_GEOGRAFICO,NU_PADRE_GEOGRAFICO,NB_GEOGRAFICO) VALUES (736,4,678,'MENE DE MAUROA');
INSERT INTO I032T_GEOGRAFICO (CO_GEOGRAFICO,CO_TIPO_GEOGRAFICO,NU_PADRE_GEOGRAFICO,NB_GEOGRAFICO) VALUES (737,4,678,'CASIGUA');
INSERT INTO I032T_GEOGRAFICO (CO_GEOGRAFICO,CO_TIPO_GEOGRAFICO,NU_PADRE_GEOGRAFICO,NB_GEOGRAFICO) VALUES (738,4,678,'SAN FÉLIX');
INSERT INTO I032T_GEOGRAFICO (CO_GEOGRAFICO,CO_TIPO_GEOGRAFICO,NU_PADRE_GEOGRAFICO,NB_GEOGRAFICO) VALUES (739,4,679,'SAN ANTONIO');
INSERT INTO I032T_GEOGRAFICO (CO_GEOGRAFICO,CO_TIPO_GEOGRAFICO,NU_PADRE_GEOGRAFICO,NB_GEOGRAFICO) VALUES (740,4,679,'SAN GABRIEL');
INSERT INTO I032T_GEOGRAFICO (CO_GEOGRAFICO,CO_TIPO_GEOGRAFICO,NU_PADRE_GEOGRAFICO,NB_GEOGRAFICO) VALUES (741,4,679,'SANTA ANA');
INSERT INTO I032T_GEOGRAFICO (CO_GEOGRAFICO,CO_TIPO_GEOGRAFICO,NU_PADRE_GEOGRAFICO,NB_GEOGRAFICO) VALUES (742,4,679,'GUZMAN GUILLERMO');
INSERT INTO I032T_GEOGRAFICO (CO_GEOGRAFICO,CO_TIPO_GEOGRAFICO,NU_PADRE_GEOGRAFICO,NB_GEOGRAFICO) VALUES (743,4,679,'MITARE');
INSERT INTO I032T_GEOGRAFICO (CO_GEOGRAFICO,CO_TIPO_GEOGRAFICO,NU_PADRE_GEOGRAFICO,NB_GEOGRAFICO) VALUES (744,4,679,'SABANETA');
INSERT INTO I032T_GEOGRAFICO (CO_GEOGRAFICO,CO_TIPO_GEOGRAFICO,NU_PADRE_GEOGRAFICO,NB_GEOGRAFICO) VALUES (745,4,679,'RÍO SECO');
INSERT INTO I032T_GEOGRAFICO (CO_GEOGRAFICO,CO_TIPO_GEOGRAFICO,NU_PADRE_GEOGRAFICO,NB_GEOGRAFICO) VALUES (746,4,680,'CABURE');
INSERT INTO I032T_GEOGRAFICO (CO_GEOGRAFICO,CO_TIPO_GEOGRAFICO,NU_PADRE_GEOGRAFICO,NB_GEOGRAFICO) VALUES (747,4,680,'CURIMAGUA');
INSERT INTO I032T_GEOGRAFICO (CO_GEOGRAFICO,CO_TIPO_GEOGRAFICO,NU_PADRE_GEOGRAFICO,NB_GEOGRAFICO) VALUES (748,4,680,'COLINA');
INSERT INTO I032T_GEOGRAFICO (CO_GEOGRAFICO,CO_TIPO_GEOGRAFICO,NU_PADRE_GEOGRAFICO,NB_GEOGRAFICO) VALUES (749,4,681,'TUCACAS');
INSERT INTO I032T_GEOGRAFICO (CO_GEOGRAFICO,CO_TIPO_GEOGRAFICO,NU_PADRE_GEOGRAFICO,NB_GEOGRAFICO) VALUES (750,4,681,'BOCA DE AROA');
INSERT INTO I032T_GEOGRAFICO (CO_GEOGRAFICO,CO_TIPO_GEOGRAFICO,NU_PADRE_GEOGRAFICO,NB_GEOGRAFICO) VALUES (751,4,682,'PUERTO CUMAREBO');
INSERT INTO I032T_GEOGRAFICO (CO_GEOGRAFICO,CO_TIPO_GEOGRAFICO,NU_PADRE_GEOGRAFICO,NB_GEOGRAFICO) VALUES (752,4,682,'LA CIENAGA');
INSERT INTO I032T_GEOGRAFICO (CO_GEOGRAFICO,CO_TIPO_GEOGRAFICO,NU_PADRE_GEOGRAFICO,NB_GEOGRAFICO) VALUES (753,4,682,'LA SOLEDAD');
INSERT INTO I032T_GEOGRAFICO (CO_GEOGRAFICO,CO_TIPO_GEOGRAFICO,NU_PADRE_GEOGRAFICO,NB_GEOGRAFICO) VALUES (754,4,682,'PUEBLO CUMAREBO');
INSERT INTO I032T_GEOGRAFICO (CO_GEOGRAFICO,CO_TIPO_GEOGRAFICO,NU_PADRE_GEOGRAFICO,NB_GEOGRAFICO) VALUES (755,4,682,'ZAZARIDA');
INSERT INTO I032T_GEOGRAFICO (CO_GEOGRAFICO,CO_TIPO_GEOGRAFICO,NU_PADRE_GEOGRAFICO,NB_GEOGRAFICO) VALUES (756,4,683,'CM. DABAJURO');
INSERT INTO I032T_GEOGRAFICO (CO_GEOGRAFICO,CO_TIPO_GEOGRAFICO,NU_PADRE_GEOGRAFICO,NB_GEOGRAFICO) VALUES (757,4,684,'CHICHIRIVICHE');
INSERT INTO I032T_GEOGRAFICO (CO_GEOGRAFICO,CO_TIPO_GEOGRAFICO,NU_PADRE_GEOGRAFICO,NB_GEOGRAFICO) VALUES (758,4,684,'BOCA DE TOCUYO');
INSERT INTO I032T_GEOGRAFICO (CO_GEOGRAFICO,CO_TIPO_GEOGRAFICO,NU_PADRE_GEOGRAFICO,NB_GEOGRAFICO) VALUES (759,4,684,'TOCUYO DE LA COSTA');
INSERT INTO I032T_GEOGRAFICO (CO_GEOGRAFICO,CO_TIPO_GEOGRAFICO,NU_PADRE_GEOGRAFICO,NB_GEOGRAFICO) VALUES (760,4,685,'LOS TAQUES');
INSERT INTO I032T_GEOGRAFICO (CO_GEOGRAFICO,CO_TIPO_GEOGRAFICO,NU_PADRE_GEOGRAFICO,NB_GEOGRAFICO) VALUES (761,4,685,'JUDIBANA');
INSERT INTO I032T_GEOGRAFICO (CO_GEOGRAFICO,CO_TIPO_GEOGRAFICO,NU_PADRE_GEOGRAFICO,NB_GEOGRAFICO) VALUES (762,4,686,'PÍRITU');
INSERT INTO I032T_GEOGRAFICO (CO_GEOGRAFICO,CO_TIPO_GEOGRAFICO,NU_PADRE_GEOGRAFICO,NB_GEOGRAFICO) VALUES (763,4,686,'SAN JOSÉ DE LA COSTA');
INSERT INTO I032T_GEOGRAFICO (CO_GEOGRAFICO,CO_TIPO_GEOGRAFICO,NU_PADRE_GEOGRAFICO,NB_GEOGRAFICO) VALUES (764,4,687,'SANTA CRUZ DE BUCARAL');
INSERT INTO I032T_GEOGRAFICO (CO_GEOGRAFICO,CO_TIPO_GEOGRAFICO,NU_PADRE_GEOGRAFICO,NB_GEOGRAFICO) VALUES (765,4,687,'EL CHARAL');
INSERT INTO I032T_GEOGRAFICO (CO_GEOGRAFICO,CO_TIPO_GEOGRAFICO,NU_PADRE_GEOGRAFICO,NB_GEOGRAFICO) VALUES (766,4,687,'LAS VEGAS DEL TUY');
INSERT INTO I032T_GEOGRAFICO (CO_GEOGRAFICO,CO_TIPO_GEOGRAFICO,NU_PADRE_GEOGRAFICO,NB_GEOGRAFICO) VALUES (767,4,688,'CM. MIRIMIRE');
INSERT INTO I032T_GEOGRAFICO (CO_GEOGRAFICO,CO_TIPO_GEOGRAFICO,NU_PADRE_GEOGRAFICO,NB_GEOGRAFICO) VALUES (768,4,689,'JACURA');
INSERT INTO I032T_GEOGRAFICO (CO_GEOGRAFICO,CO_TIPO_GEOGRAFICO,NU_PADRE_GEOGRAFICO,NB_GEOGRAFICO) VALUES (769,4,689,'AGUA LINDA');
INSERT INTO I032T_GEOGRAFICO (CO_GEOGRAFICO,CO_TIPO_GEOGRAFICO,NU_PADRE_GEOGRAFICO,NB_GEOGRAFICO) VALUES (770,4,689,'ARAURIMA');
INSERT INTO I032T_GEOGRAFICO (CO_GEOGRAFICO,CO_TIPO_GEOGRAFICO,NU_PADRE_GEOGRAFICO,NB_GEOGRAFICO) VALUES (771,4,690,'CM. YARACAL');
INSERT INTO I032T_GEOGRAFICO (CO_GEOGRAFICO,CO_TIPO_GEOGRAFICO,NU_PADRE_GEOGRAFICO,NB_GEOGRAFICO) VALUES (772,4,691,'CM. PALMASOLA');
INSERT INTO I032T_GEOGRAFICO (CO_GEOGRAFICO,CO_TIPO_GEOGRAFICO,NU_PADRE_GEOGRAFICO,NB_GEOGRAFICO) VALUES (773,4,692,'SUCRE');
INSERT INTO I032T_GEOGRAFICO (CO_GEOGRAFICO,CO_TIPO_GEOGRAFICO,NU_PADRE_GEOGRAFICO,NB_GEOGRAFICO) VALUES (774,4,692,'PECAYA');
INSERT INTO I032T_GEOGRAFICO (CO_GEOGRAFICO,CO_TIPO_GEOGRAFICO,NU_PADRE_GEOGRAFICO,NB_GEOGRAFICO) VALUES (775,4,693,'URUMACO');
INSERT INTO I032T_GEOGRAFICO (CO_GEOGRAFICO,CO_TIPO_GEOGRAFICO,NU_PADRE_GEOGRAFICO,NB_GEOGRAFICO) VALUES (776,4,693,'BRUZUAL');
INSERT INTO I032T_GEOGRAFICO (CO_GEOGRAFICO,CO_TIPO_GEOGRAFICO,NU_PADRE_GEOGRAFICO,NB_GEOGRAFICO) VALUES (777,4,694,'CM. TOCOPERO');
INSERT INTO I032T_GEOGRAFICO (CO_GEOGRAFICO,CO_TIPO_GEOGRAFICO,NU_PADRE_GEOGRAFICO,NB_GEOGRAFICO) VALUES (778,3,253,'INFANTE');
INSERT INTO I032T_GEOGRAFICO (CO_GEOGRAFICO,CO_TIPO_GEOGRAFICO,NU_PADRE_GEOGRAFICO,NB_GEOGRAFICO) VALUES (779,3,253,'MELLADO');
INSERT INTO I032T_GEOGRAFICO (CO_GEOGRAFICO,CO_TIPO_GEOGRAFICO,NU_PADRE_GEOGRAFICO,NB_GEOGRAFICO) VALUES (780,3,253,'MIRANDA');
INSERT INTO I032T_GEOGRAFICO (CO_GEOGRAFICO,CO_TIPO_GEOGRAFICO,NU_PADRE_GEOGRAFICO,NB_GEOGRAFICO) VALUES (781,3,253,'MONAGAS');
INSERT INTO I032T_GEOGRAFICO (CO_GEOGRAFICO,CO_TIPO_GEOGRAFICO,NU_PADRE_GEOGRAFICO,NB_GEOGRAFICO) VALUES (782,3,253,'RIBAS');
INSERT INTO I032T_GEOGRAFICO (CO_GEOGRAFICO,CO_TIPO_GEOGRAFICO,NU_PADRE_GEOGRAFICO,NB_GEOGRAFICO) VALUES (783,3,253,'JUAN GERMÁN ROSCIO');
INSERT INTO I032T_GEOGRAFICO (CO_GEOGRAFICO,CO_TIPO_GEOGRAFICO,NU_PADRE_GEOGRAFICO,NB_GEOGRAFICO) VALUES (784,3,253,'ZARAZA');
INSERT INTO I032T_GEOGRAFICO (CO_GEOGRAFICO,CO_TIPO_GEOGRAFICO,NU_PADRE_GEOGRAFICO,NB_GEOGRAFICO) VALUES (785,3,253,'CAMAGUÁN');
INSERT INTO I032T_GEOGRAFICO (CO_GEOGRAFICO,CO_TIPO_GEOGRAFICO,NU_PADRE_GEOGRAFICO,NB_GEOGRAFICO) VALUES (786,3,253,'SAN JOSÉ DE GUARIBE');
INSERT INTO I032T_GEOGRAFICO (CO_GEOGRAFICO,CO_TIPO_GEOGRAFICO,NU_PADRE_GEOGRAFICO,NB_GEOGRAFICO) VALUES (787,3,253,'LAS MERCEDES');
INSERT INTO I032T_GEOGRAFICO (CO_GEOGRAFICO,CO_TIPO_GEOGRAFICO,NU_PADRE_GEOGRAFICO,NB_GEOGRAFICO) VALUES (788,3,253,'EL SOCORRO');
INSERT INTO I032T_GEOGRAFICO (CO_GEOGRAFICO,CO_TIPO_GEOGRAFICO,NU_PADRE_GEOGRAFICO,NB_GEOGRAFICO) VALUES (789,3,253,'ORTIZ');
INSERT INTO I032T_GEOGRAFICO (CO_GEOGRAFICO,CO_TIPO_GEOGRAFICO,NU_PADRE_GEOGRAFICO,NB_GEOGRAFICO) VALUES (790,3,253,'SANTA MARÍA DE IPIRE');
INSERT INTO I032T_GEOGRAFICO (CO_GEOGRAFICO,CO_TIPO_GEOGRAFICO,NU_PADRE_GEOGRAFICO,NB_GEOGRAFICO) VALUES (791,3,253,'CHAGUARAMAS');
INSERT INTO I032T_GEOGRAFICO (CO_GEOGRAFICO,CO_TIPO_GEOGRAFICO,NU_PADRE_GEOGRAFICO,NB_GEOGRAFICO) VALUES (792,3,253,'SAN GERÓNIMO DE GUAYABAL');
INSERT INTO I032T_GEOGRAFICO (CO_GEOGRAFICO,CO_TIPO_GEOGRAFICO,NU_PADRE_GEOGRAFICO,NB_GEOGRAFICO) VALUES (793,4,778,'VALLE DE LA PASCUA');
INSERT INTO I032T_GEOGRAFICO (CO_GEOGRAFICO,CO_TIPO_GEOGRAFICO,NU_PADRE_GEOGRAFICO,NB_GEOGRAFICO) VALUES (794,4,778,'ESPINO');
INSERT INTO I032T_GEOGRAFICO (CO_GEOGRAFICO,CO_TIPO_GEOGRAFICO,NU_PADRE_GEOGRAFICO,NB_GEOGRAFICO) VALUES (795,4,779,'EL SOMBRERO');
INSERT INTO I032T_GEOGRAFICO (CO_GEOGRAFICO,CO_TIPO_GEOGRAFICO,NU_PADRE_GEOGRAFICO,NB_GEOGRAFICO) VALUES (796,4,779,'SOSA');
INSERT INTO I032T_GEOGRAFICO (CO_GEOGRAFICO,CO_TIPO_GEOGRAFICO,NU_PADRE_GEOGRAFICO,NB_GEOGRAFICO) VALUES (797,4,780,'CALABOZO');
INSERT INTO I032T_GEOGRAFICO (CO_GEOGRAFICO,CO_TIPO_GEOGRAFICO,NU_PADRE_GEOGRAFICO,NB_GEOGRAFICO) VALUES (798,4,780,'EL CALVARIO');
INSERT INTO I032T_GEOGRAFICO (CO_GEOGRAFICO,CO_TIPO_GEOGRAFICO,NU_PADRE_GEOGRAFICO,NB_GEOGRAFICO) VALUES (799,4,780,'EL RASTRO');
INSERT INTO I032T_GEOGRAFICO (CO_GEOGRAFICO,CO_TIPO_GEOGRAFICO,NU_PADRE_GEOGRAFICO,NB_GEOGRAFICO) VALUES (800,4,780,'GUARDATINAJAS');
INSERT INTO I032T_GEOGRAFICO (CO_GEOGRAFICO,CO_TIPO_GEOGRAFICO,NU_PADRE_GEOGRAFICO,NB_GEOGRAFICO) VALUES (801,4,781,'ALTAGRACIA DE ORITUCO');
INSERT INTO I032T_GEOGRAFICO (CO_GEOGRAFICO,CO_TIPO_GEOGRAFICO,NU_PADRE_GEOGRAFICO,NB_GEOGRAFICO) VALUES (802,4,781,'LEZAMA');
INSERT INTO I032T_GEOGRAFICO (CO_GEOGRAFICO,CO_TIPO_GEOGRAFICO,NU_PADRE_GEOGRAFICO,NB_GEOGRAFICO) VALUES (803,4,781,'LIBERTAD DE ORITUCO');
INSERT INTO I032T_GEOGRAFICO (CO_GEOGRAFICO,CO_TIPO_GEOGRAFICO,NU_PADRE_GEOGRAFICO,NB_GEOGRAFICO) VALUES (804,4,781,'SAN FRANCISCO DE MACAIRA');
INSERT INTO I032T_GEOGRAFICO (CO_GEOGRAFICO,CO_TIPO_GEOGRAFICO,NU_PADRE_GEOGRAFICO,NB_GEOGRAFICO) VALUES (805,4,781,'SAN RAFAEL DE ORITUCO');
INSERT INTO I032T_GEOGRAFICO (CO_GEOGRAFICO,CO_TIPO_GEOGRAFICO,NU_PADRE_GEOGRAFICO,NB_GEOGRAFICO) VALUES (806,4,781,'SOUBLETTE');
INSERT INTO I032T_GEOGRAFICO (CO_GEOGRAFICO,CO_TIPO_GEOGRAFICO,NU_PADRE_GEOGRAFICO,NB_GEOGRAFICO) VALUES (807,4,781,'PASO REAL DE MACAIRA');
INSERT INTO I032T_GEOGRAFICO (CO_GEOGRAFICO,CO_TIPO_GEOGRAFICO,NU_PADRE_GEOGRAFICO,NB_GEOGRAFICO) VALUES (808,4,782,'TUCUPIDO');
INSERT INTO I032T_GEOGRAFICO (CO_GEOGRAFICO,CO_TIPO_GEOGRAFICO,NU_PADRE_GEOGRAFICO,NB_GEOGRAFICO) VALUES (809,4,782,'SAN RAFAEL DE LAYA');
INSERT INTO I032T_GEOGRAFICO (CO_GEOGRAFICO,CO_TIPO_GEOGRAFICO,NU_PADRE_GEOGRAFICO,NB_GEOGRAFICO) VALUES (810,4,783,'SAN JUAN DE LOS MORROS');
INSERT INTO I032T_GEOGRAFICO (CO_GEOGRAFICO,CO_TIPO_GEOGRAFICO,NU_PADRE_GEOGRAFICO,NB_GEOGRAFICO) VALUES (811,4,783,'PARAPARA');
INSERT INTO I032T_GEOGRAFICO (CO_GEOGRAFICO,CO_TIPO_GEOGRAFICO,NU_PADRE_GEOGRAFICO,NB_GEOGRAFICO) VALUES (812,4,783,'CANTAGALLO');
INSERT INTO I032T_GEOGRAFICO (CO_GEOGRAFICO,CO_TIPO_GEOGRAFICO,NU_PADRE_GEOGRAFICO,NB_GEOGRAFICO) VALUES (813,4,784,'ZARAZA');
INSERT INTO I032T_GEOGRAFICO (CO_GEOGRAFICO,CO_TIPO_GEOGRAFICO,NU_PADRE_GEOGRAFICO,NB_GEOGRAFICO) VALUES (814,4,784,'SAN JOSÉ DE UNARE');
INSERT INTO I032T_GEOGRAFICO (CO_GEOGRAFICO,CO_TIPO_GEOGRAFICO,NU_PADRE_GEOGRAFICO,NB_GEOGRAFICO) VALUES (815,4,785,'CAMAGUAN');
INSERT INTO I032T_GEOGRAFICO (CO_GEOGRAFICO,CO_TIPO_GEOGRAFICO,NU_PADRE_GEOGRAFICO,NB_GEOGRAFICO) VALUES (816,4,785,'PUERTO MIRANDA');
INSERT INTO I032T_GEOGRAFICO (CO_GEOGRAFICO,CO_TIPO_GEOGRAFICO,NU_PADRE_GEOGRAFICO,NB_GEOGRAFICO) VALUES (817,4,785,'UVERITO');
INSERT INTO I032T_GEOGRAFICO (CO_GEOGRAFICO,CO_TIPO_GEOGRAFICO,NU_PADRE_GEOGRAFICO,NB_GEOGRAFICO) VALUES (818,4,786,'SAN JOSÉ DE GUARIBE');
INSERT INTO I032T_GEOGRAFICO (CO_GEOGRAFICO,CO_TIPO_GEOGRAFICO,NU_PADRE_GEOGRAFICO,NB_GEOGRAFICO) VALUES (819,4,787,'LAS MERCEDES');
INSERT INTO I032T_GEOGRAFICO (CO_GEOGRAFICO,CO_TIPO_GEOGRAFICO,NU_PADRE_GEOGRAFICO,NB_GEOGRAFICO) VALUES (820,4,787,'SANTA RITA DE MANAPIRE');
INSERT INTO I032T_GEOGRAFICO (CO_GEOGRAFICO,CO_TIPO_GEOGRAFICO,NU_PADRE_GEOGRAFICO,NB_GEOGRAFICO) VALUES (821,4,787,'CABRUTA');
INSERT INTO I032T_GEOGRAFICO (CO_GEOGRAFICO,CO_TIPO_GEOGRAFICO,NU_PADRE_GEOGRAFICO,NB_GEOGRAFICO) VALUES (822,4,788,'EL SOCORRO');
INSERT INTO I032T_GEOGRAFICO (CO_GEOGRAFICO,CO_TIPO_GEOGRAFICO,NU_PADRE_GEOGRAFICO,NB_GEOGRAFICO) VALUES (823,4,789,'ORTIZ');
INSERT INTO I032T_GEOGRAFICO (CO_GEOGRAFICO,CO_TIPO_GEOGRAFICO,NU_PADRE_GEOGRAFICO,NB_GEOGRAFICO) VALUES (824,4,789,'SAN FRANCISCO DE TIZNADOS');
INSERT INTO I032T_GEOGRAFICO (CO_GEOGRAFICO,CO_TIPO_GEOGRAFICO,NU_PADRE_GEOGRAFICO,NB_GEOGRAFICO) VALUES (825,4,789,'SAN JOSÉ DE TIZNADOS');
INSERT INTO I032T_GEOGRAFICO (CO_GEOGRAFICO,CO_TIPO_GEOGRAFICO,NU_PADRE_GEOGRAFICO,NB_GEOGRAFICO) VALUES (826,4,789,'SAN LORENZO DE TIZNADOS');
INSERT INTO I032T_GEOGRAFICO (CO_GEOGRAFICO,CO_TIPO_GEOGRAFICO,NU_PADRE_GEOGRAFICO,NB_GEOGRAFICO) VALUES (827,4,790,'SANTA MARÍA DE IPIRE');
INSERT INTO I032T_GEOGRAFICO (CO_GEOGRAFICO,CO_TIPO_GEOGRAFICO,NU_PADRE_GEOGRAFICO,NB_GEOGRAFICO) VALUES (828,4,790,'ALTAMIRA');
INSERT INTO I032T_GEOGRAFICO (CO_GEOGRAFICO,CO_TIPO_GEOGRAFICO,NU_PADRE_GEOGRAFICO,NB_GEOGRAFICO) VALUES (829,4,791,'CHAGUARAMAS');
INSERT INTO I032T_GEOGRAFICO (CO_GEOGRAFICO,CO_TIPO_GEOGRAFICO,NU_PADRE_GEOGRAFICO,NB_GEOGRAFICO) VALUES (830,4,792,'GUAYABAL');
INSERT INTO I032T_GEOGRAFICO (CO_GEOGRAFICO,CO_TIPO_GEOGRAFICO,NU_PADRE_GEOGRAFICO,NB_GEOGRAFICO) VALUES (831,4,792,'CAZORLA');
INSERT INTO I032T_GEOGRAFICO (CO_GEOGRAFICO,CO_TIPO_GEOGRAFICO,NU_PADRE_GEOGRAFICO,NB_GEOGRAFICO) VALUES (832,3,254,'CRESPO');
INSERT INTO I032T_GEOGRAFICO (CO_GEOGRAFICO,CO_TIPO_GEOGRAFICO,NU_PADRE_GEOGRAFICO,NB_GEOGRAFICO) VALUES (833,3,254,'IRIBARREN');
INSERT INTO I032T_GEOGRAFICO (CO_GEOGRAFICO,CO_TIPO_GEOGRAFICO,NU_PADRE_GEOGRAFICO,NB_GEOGRAFICO) VALUES (834,3,254,'JIMÉNEZ');
INSERT INTO I032T_GEOGRAFICO (CO_GEOGRAFICO,CO_TIPO_GEOGRAFICO,NU_PADRE_GEOGRAFICO,NB_GEOGRAFICO) VALUES (835,3,254,'MORÁN');
INSERT INTO I032T_GEOGRAFICO (CO_GEOGRAFICO,CO_TIPO_GEOGRAFICO,NU_PADRE_GEOGRAFICO,NB_GEOGRAFICO) VALUES (836,3,254,'PALAVECINO');
INSERT INTO I032T_GEOGRAFICO (CO_GEOGRAFICO,CO_TIPO_GEOGRAFICO,NU_PADRE_GEOGRAFICO,NB_GEOGRAFICO) VALUES (837,3,254,'TORRES');
INSERT INTO I032T_GEOGRAFICO (CO_GEOGRAFICO,CO_TIPO_GEOGRAFICO,NU_PADRE_GEOGRAFICO,NB_GEOGRAFICO) VALUES (838,3,254,'URDANETA');
INSERT INTO I032T_GEOGRAFICO (CO_GEOGRAFICO,CO_TIPO_GEOGRAFICO,NU_PADRE_GEOGRAFICO,NB_GEOGRAFICO) VALUES (839,3,254,'ANDRÉS ELOY BLANCO');
INSERT INTO I032T_GEOGRAFICO (CO_GEOGRAFICO,CO_TIPO_GEOGRAFICO,NU_PADRE_GEOGRAFICO,NB_GEOGRAFICO) VALUES (840,3,254,'SIMÓN PLANAS');
INSERT INTO I032T_GEOGRAFICO (CO_GEOGRAFICO,CO_TIPO_GEOGRAFICO,NU_PADRE_GEOGRAFICO,NB_GEOGRAFICO) VALUES (841,4,832,'FREITEZ');
INSERT INTO I032T_GEOGRAFICO (CO_GEOGRAFICO,CO_TIPO_GEOGRAFICO,NU_PADRE_GEOGRAFICO,NB_GEOGRAFICO) VALUES (842,4,832,'JOSÉ MARÍA BLANCO');
INSERT INTO I032T_GEOGRAFICO (CO_GEOGRAFICO,CO_TIPO_GEOGRAFICO,NU_PADRE_GEOGRAFICO,NB_GEOGRAFICO) VALUES (843,4,833,'CATEDRAL');
INSERT INTO I032T_GEOGRAFICO (CO_GEOGRAFICO,CO_TIPO_GEOGRAFICO,NU_PADRE_GEOGRAFICO,NB_GEOGRAFICO) VALUES (844,4,833,'LA CONCEPCIÓN');
INSERT INTO I032T_GEOGRAFICO (CO_GEOGRAFICO,CO_TIPO_GEOGRAFICO,NU_PADRE_GEOGRAFICO,NB_GEOGRAFICO) VALUES (845,4,833,'SANTA ROSA');
INSERT INTO I032T_GEOGRAFICO (CO_GEOGRAFICO,CO_TIPO_GEOGRAFICO,NU_PADRE_GEOGRAFICO,NB_GEOGRAFICO) VALUES (846,4,833,'UNIÓN');
INSERT INTO I032T_GEOGRAFICO (CO_GEOGRAFICO,CO_TIPO_GEOGRAFICO,NU_PADRE_GEOGRAFICO,NB_GEOGRAFICO) VALUES (847,4,833,'EL CUJÍ');
INSERT INTO I032T_GEOGRAFICO (CO_GEOGRAFICO,CO_TIPO_GEOGRAFICO,NU_PADRE_GEOGRAFICO,NB_GEOGRAFICO) VALUES (848,4,833,'TAMACA');
INSERT INTO I032T_GEOGRAFICO (CO_GEOGRAFICO,CO_TIPO_GEOGRAFICO,NU_PADRE_GEOGRAFICO,NB_GEOGRAFICO) VALUES (849,4,833,'JUAN DE VILLEGAS');
INSERT INTO I032T_GEOGRAFICO (CO_GEOGRAFICO,CO_TIPO_GEOGRAFICO,NU_PADRE_GEOGRAFICO,NB_GEOGRAFICO) VALUES (850,4,833,'AGUEDO FELIPE ALVARADO');
INSERT INTO I032T_GEOGRAFICO (CO_GEOGRAFICO,CO_TIPO_GEOGRAFICO,NU_PADRE_GEOGRAFICO,NB_GEOGRAFICO) VALUES (851,4,833,'BUENA VISTA');
INSERT INTO I032T_GEOGRAFICO (CO_GEOGRAFICO,CO_TIPO_GEOGRAFICO,NU_PADRE_GEOGRAFICO,NB_GEOGRAFICO) VALUES (852,4,833,'JUÁREZ');
INSERT INTO I032T_GEOGRAFICO (CO_GEOGRAFICO,CO_TIPO_GEOGRAFICO,NU_PADRE_GEOGRAFICO,NB_GEOGRAFICO) VALUES (853,4,834,'JUAN B RODRÍGUEZ');
INSERT INTO I032T_GEOGRAFICO (CO_GEOGRAFICO,CO_TIPO_GEOGRAFICO,NU_PADRE_GEOGRAFICO,NB_GEOGRAFICO) VALUES (854,4,834,'DIEGO DE LOZADA');
INSERT INTO I032T_GEOGRAFICO (CO_GEOGRAFICO,CO_TIPO_GEOGRAFICO,NU_PADRE_GEOGRAFICO,NB_GEOGRAFICO) VALUES (855,4,834,'SAN MIGUEL');
INSERT INTO I032T_GEOGRAFICO (CO_GEOGRAFICO,CO_TIPO_GEOGRAFICO,NU_PADRE_GEOGRAFICO,NB_GEOGRAFICO) VALUES (856,4,834,'CUARA');
INSERT INTO I032T_GEOGRAFICO (CO_GEOGRAFICO,CO_TIPO_GEOGRAFICO,NU_PADRE_GEOGRAFICO,NB_GEOGRAFICO) VALUES (857,4,834,'PARAÍSO DE SAN JOSÉ');
INSERT INTO I032T_GEOGRAFICO (CO_GEOGRAFICO,CO_TIPO_GEOGRAFICO,NU_PADRE_GEOGRAFICO,NB_GEOGRAFICO) VALUES (858,4,834,'TINTORERO');
INSERT INTO I032T_GEOGRAFICO (CO_GEOGRAFICO,CO_TIPO_GEOGRAFICO,NU_PADRE_GEOGRAFICO,NB_GEOGRAFICO) VALUES (859,4,834,'JOSÉ BERNARDO DORANTE');
INSERT INTO I032T_GEOGRAFICO (CO_GEOGRAFICO,CO_TIPO_GEOGRAFICO,NU_PADRE_GEOGRAFICO,NB_GEOGRAFICO) VALUES (860,4,834,'CORONEL MARIANO PERAZA');
INSERT INTO I032T_GEOGRAFICO (CO_GEOGRAFICO,CO_TIPO_GEOGRAFICO,NU_PADRE_GEOGRAFICO,NB_GEOGRAFICO) VALUES (861,4,835,'BOLÍVAR');
INSERT INTO I032T_GEOGRAFICO (CO_GEOGRAFICO,CO_TIPO_GEOGRAFICO,NU_PADRE_GEOGRAFICO,NB_GEOGRAFICO) VALUES (862,4,835,'ANZOÁTEGUI');
INSERT INTO I032T_GEOGRAFICO (CO_GEOGRAFICO,CO_TIPO_GEOGRAFICO,NU_PADRE_GEOGRAFICO,NB_GEOGRAFICO) VALUES (863,4,835,'GUÁRICO');
INSERT INTO I032T_GEOGRAFICO (CO_GEOGRAFICO,CO_TIPO_GEOGRAFICO,NU_PADRE_GEOGRAFICO,NB_GEOGRAFICO) VALUES (864,4,835,'HUMOCARO ALTO');
INSERT INTO I032T_GEOGRAFICO (CO_GEOGRAFICO,CO_TIPO_GEOGRAFICO,NU_PADRE_GEOGRAFICO,NB_GEOGRAFICO) VALUES (865,4,835,'HUMOCARO BAJO');
INSERT INTO I032T_GEOGRAFICO (CO_GEOGRAFICO,CO_TIPO_GEOGRAFICO,NU_PADRE_GEOGRAFICO,NB_GEOGRAFICO) VALUES (866,4,835,'MORÁN');
INSERT INTO I032T_GEOGRAFICO (CO_GEOGRAFICO,CO_TIPO_GEOGRAFICO,NU_PADRE_GEOGRAFICO,NB_GEOGRAFICO) VALUES (867,4,835,'HILARIO LUNA Y LUNA');
INSERT INTO I032T_GEOGRAFICO (CO_GEOGRAFICO,CO_TIPO_GEOGRAFICO,NU_PADRE_GEOGRAFICO,NB_GEOGRAFICO) VALUES (868,4,835,'LA CANDELARIA');
INSERT INTO I032T_GEOGRAFICO (CO_GEOGRAFICO,CO_TIPO_GEOGRAFICO,NU_PADRE_GEOGRAFICO,NB_GEOGRAFICO) VALUES (869,4,836,'CABUDARE');
INSERT INTO I032T_GEOGRAFICO (CO_GEOGRAFICO,CO_TIPO_GEOGRAFICO,NU_PADRE_GEOGRAFICO,NB_GEOGRAFICO) VALUES (870,4,836,'JOSÉ GREGORIO BASTIDAS');
INSERT INTO I032T_GEOGRAFICO (CO_GEOGRAFICO,CO_TIPO_GEOGRAFICO,NU_PADRE_GEOGRAFICO,NB_GEOGRAFICO) VALUES (871,4,836,'AGUA VIVA');
INSERT INTO I032T_GEOGRAFICO (CO_GEOGRAFICO,CO_TIPO_GEOGRAFICO,NU_PADRE_GEOGRAFICO,NB_GEOGRAFICO) VALUES (872,4,837,'TRINIDAD SAMUEL');
INSERT INTO I032T_GEOGRAFICO (CO_GEOGRAFICO,CO_TIPO_GEOGRAFICO,NU_PADRE_GEOGRAFICO,NB_GEOGRAFICO) VALUES (873,4,837,'ANTONIO DÍAZ');
INSERT INTO I032T_GEOGRAFICO (CO_GEOGRAFICO,CO_TIPO_GEOGRAFICO,NU_PADRE_GEOGRAFICO,NB_GEOGRAFICO) VALUES (874,4,837,'CAMACARO');
INSERT INTO I032T_GEOGRAFICO (CO_GEOGRAFICO,CO_TIPO_GEOGRAFICO,NU_PADRE_GEOGRAFICO,NB_GEOGRAFICO) VALUES (875,4,837,'CASTAÑEDA');
INSERT INTO I032T_GEOGRAFICO (CO_GEOGRAFICO,CO_TIPO_GEOGRAFICO,NU_PADRE_GEOGRAFICO,NB_GEOGRAFICO) VALUES (876,4,837,'CHIQUINQUIRÁ');
INSERT INTO I032T_GEOGRAFICO (CO_GEOGRAFICO,CO_TIPO_GEOGRAFICO,NU_PADRE_GEOGRAFICO,NB_GEOGRAFICO) VALUES (877,4,837,'ESPINOZA LOS MONTEROS');
INSERT INTO I032T_GEOGRAFICO (CO_GEOGRAFICO,CO_TIPO_GEOGRAFICO,NU_PADRE_GEOGRAFICO,NB_GEOGRAFICO) VALUES (878,4,837,'LARA');
INSERT INTO I032T_GEOGRAFICO (CO_GEOGRAFICO,CO_TIPO_GEOGRAFICO,NU_PADRE_GEOGRAFICO,NB_GEOGRAFICO) VALUES (879,4,837,'MANUEL MORILLO');
INSERT INTO I032T_GEOGRAFICO (CO_GEOGRAFICO,CO_TIPO_GEOGRAFICO,NU_PADRE_GEOGRAFICO,NB_GEOGRAFICO) VALUES (880,4,837,'MONTES DE OCA');
INSERT INTO I032T_GEOGRAFICO (CO_GEOGRAFICO,CO_TIPO_GEOGRAFICO,NU_PADRE_GEOGRAFICO,NB_GEOGRAFICO) VALUES (881,4,837,'TORRES');
INSERT INTO I032T_GEOGRAFICO (CO_GEOGRAFICO,CO_TIPO_GEOGRAFICO,NU_PADRE_GEOGRAFICO,NB_GEOGRAFICO) VALUES (882,4,837,'EL BLANCO');
INSERT INTO I032T_GEOGRAFICO (CO_GEOGRAFICO,CO_TIPO_GEOGRAFICO,NU_PADRE_GEOGRAFICO,NB_GEOGRAFICO) VALUES (883,4,837,'MONTAÑA VERDE');
INSERT INTO I032T_GEOGRAFICO (CO_GEOGRAFICO,CO_TIPO_GEOGRAFICO,NU_PADRE_GEOGRAFICO,NB_GEOGRAFICO) VALUES (884,4,837,'HERIBERTO ARROYO');
INSERT INTO I032T_GEOGRAFICO (CO_GEOGRAFICO,CO_TIPO_GEOGRAFICO,NU_PADRE_GEOGRAFICO,NB_GEOGRAFICO) VALUES (885,4,837,'LAS MERCEDES');
INSERT INTO I032T_GEOGRAFICO (CO_GEOGRAFICO,CO_TIPO_GEOGRAFICO,NU_PADRE_GEOGRAFICO,NB_GEOGRAFICO) VALUES (886,4,837,'CECILIO ZUBILLAGA');
INSERT INTO I032T_GEOGRAFICO (CO_GEOGRAFICO,CO_TIPO_GEOGRAFICO,NU_PADRE_GEOGRAFICO,NB_GEOGRAFICO) VALUES (887,4,837,'REYES VARGAS');
INSERT INTO I032T_GEOGRAFICO (CO_GEOGRAFICO,CO_TIPO_GEOGRAFICO,NU_PADRE_GEOGRAFICO,NB_GEOGRAFICO) VALUES (888,4,837,'ALTAGRACIA');
INSERT INTO I032T_GEOGRAFICO (CO_GEOGRAFICO,CO_TIPO_GEOGRAFICO,NU_PADRE_GEOGRAFICO,NB_GEOGRAFICO) VALUES (889,4,838,'SIQUISIQUE');
INSERT INTO I032T_GEOGRAFICO (CO_GEOGRAFICO,CO_TIPO_GEOGRAFICO,NU_PADRE_GEOGRAFICO,NB_GEOGRAFICO) VALUES (890,4,838,'SAN MIGUEL');
INSERT INTO I032T_GEOGRAFICO (CO_GEOGRAFICO,CO_TIPO_GEOGRAFICO,NU_PADRE_GEOGRAFICO,NB_GEOGRAFICO) VALUES (891,4,838,'XAGUAS');
INSERT INTO I032T_GEOGRAFICO (CO_GEOGRAFICO,CO_TIPO_GEOGRAFICO,NU_PADRE_GEOGRAFICO,NB_GEOGRAFICO) VALUES (892,4,838,'MOROTURO');
INSERT INTO I032T_GEOGRAFICO (CO_GEOGRAFICO,CO_TIPO_GEOGRAFICO,NU_PADRE_GEOGRAFICO,NB_GEOGRAFICO) VALUES (893,4,839,'PÍO TAMAYO');
INSERT INTO I032T_GEOGRAFICO (CO_GEOGRAFICO,CO_TIPO_GEOGRAFICO,NU_PADRE_GEOGRAFICO,NB_GEOGRAFICO) VALUES (894,4,839,'YACAMBÚ');
INSERT INTO I032T_GEOGRAFICO (CO_GEOGRAFICO,CO_TIPO_GEOGRAFICO,NU_PADRE_GEOGRAFICO,NB_GEOGRAFICO) VALUES (895,4,839,'QUEBRADA HONDA DE GUACHE');
INSERT INTO I032T_GEOGRAFICO (CO_GEOGRAFICO,CO_TIPO_GEOGRAFICO,NU_PADRE_GEOGRAFICO,NB_GEOGRAFICO) VALUES (896,4,840,'SARARE');
INSERT INTO I032T_GEOGRAFICO (CO_GEOGRAFICO,CO_TIPO_GEOGRAFICO,NU_PADRE_GEOGRAFICO,NB_GEOGRAFICO) VALUES (897,4,840,'GUSTAVO VEGAS LEÓN');
INSERT INTO I032T_GEOGRAFICO (CO_GEOGRAFICO,CO_TIPO_GEOGRAFICO,NU_PADRE_GEOGRAFICO,NB_GEOGRAFICO) VALUES (898,4,840,'BURÍA');
INSERT INTO I032T_GEOGRAFICO (CO_GEOGRAFICO,CO_TIPO_GEOGRAFICO,NU_PADRE_GEOGRAFICO,NB_GEOGRAFICO) VALUES (899,3,255,'ALBERTO ADRIANI');
INSERT INTO I032T_GEOGRAFICO (CO_GEOGRAFICO,CO_TIPO_GEOGRAFICO,NU_PADRE_GEOGRAFICO,NB_GEOGRAFICO) VALUES (900,3,255,'ANDRÉS BELLO');
INSERT INTO I032T_GEOGRAFICO (CO_GEOGRAFICO,CO_TIPO_GEOGRAFICO,NU_PADRE_GEOGRAFICO,NB_GEOGRAFICO) VALUES (901,3,255,'ARZOBISPO CHACÓN');
INSERT INTO I032T_GEOGRAFICO (CO_GEOGRAFICO,CO_TIPO_GEOGRAFICO,NU_PADRE_GEOGRAFICO,NB_GEOGRAFICO) VALUES (902,3,255,'CAMPO ELÍAS');
INSERT INTO I032T_GEOGRAFICO (CO_GEOGRAFICO,CO_TIPO_GEOGRAFICO,NU_PADRE_GEOGRAFICO,NB_GEOGRAFICO) VALUES (903,3,255,'GUARAQUE');
INSERT INTO I032T_GEOGRAFICO (CO_GEOGRAFICO,CO_TIPO_GEOGRAFICO,NU_PADRE_GEOGRAFICO,NB_GEOGRAFICO) VALUES (904,3,255,'JULIO CÉSAR SALAS');
INSERT INTO I032T_GEOGRAFICO (CO_GEOGRAFICO,CO_TIPO_GEOGRAFICO,NU_PADRE_GEOGRAFICO,NB_GEOGRAFICO) VALUES (905,3,255,'JUSTO BRICEÑO');
INSERT INTO I032T_GEOGRAFICO (CO_GEOGRAFICO,CO_TIPO_GEOGRAFICO,NU_PADRE_GEOGRAFICO,NB_GEOGRAFICO) VALUES (906,3,255,'LIBERTADOR');
INSERT INTO I032T_GEOGRAFICO (CO_GEOGRAFICO,CO_TIPO_GEOGRAFICO,NU_PADRE_GEOGRAFICO,NB_GEOGRAFICO) VALUES (907,3,255,'SANTOS MARQUINA');
INSERT INTO I032T_GEOGRAFICO (CO_GEOGRAFICO,CO_TIPO_GEOGRAFICO,NU_PADRE_GEOGRAFICO,NB_GEOGRAFICO) VALUES (908,3,255,'MIRANDA');
INSERT INTO I032T_GEOGRAFICO (CO_GEOGRAFICO,CO_TIPO_GEOGRAFICO,NU_PADRE_GEOGRAFICO,NB_GEOGRAFICO) VALUES (909,3,255,'ANTONIO PINTO SALINAS');
INSERT INTO I032T_GEOGRAFICO (CO_GEOGRAFICO,CO_TIPO_GEOGRAFICO,NU_PADRE_GEOGRAFICO,NB_GEOGRAFICO) VALUES (910,3,255,'OBISPO RAMOS DE LORA');
INSERT INTO I032T_GEOGRAFICO (CO_GEOGRAFICO,CO_TIPO_GEOGRAFICO,NU_PADRE_GEOGRAFICO,NB_GEOGRAFICO) VALUES (911,3,255,'CARACCIOLO PARRA Y OLMEDO');
INSERT INTO I032T_GEOGRAFICO (CO_GEOGRAFICO,CO_TIPO_GEOGRAFICO,NU_PADRE_GEOGRAFICO,NB_GEOGRAFICO) VALUES (912,3,255,'CARDENAL QUINTERO');
INSERT INTO I032T_GEOGRAFICO (CO_GEOGRAFICO,CO_TIPO_GEOGRAFICO,NU_PADRE_GEOGRAFICO,NB_GEOGRAFICO) VALUES (913,3,255,'PUEBLO LLANO');
INSERT INTO I032T_GEOGRAFICO (CO_GEOGRAFICO,CO_TIPO_GEOGRAFICO,NU_PADRE_GEOGRAFICO,NB_GEOGRAFICO) VALUES (914,3,255,'RANGEL');
INSERT INTO I032T_GEOGRAFICO (CO_GEOGRAFICO,CO_TIPO_GEOGRAFICO,NU_PADRE_GEOGRAFICO,NB_GEOGRAFICO) VALUES (915,3,255,'RIVAS DÁVILA');
INSERT INTO I032T_GEOGRAFICO (CO_GEOGRAFICO,CO_TIPO_GEOGRAFICO,NU_PADRE_GEOGRAFICO,NB_GEOGRAFICO) VALUES (916,3,255,'SUCRE');
INSERT INTO I032T_GEOGRAFICO (CO_GEOGRAFICO,CO_TIPO_GEOGRAFICO,NU_PADRE_GEOGRAFICO,NB_GEOGRAFICO) VALUES (917,3,255,'TOVAR');
INSERT INTO I032T_GEOGRAFICO (CO_GEOGRAFICO,CO_TIPO_GEOGRAFICO,NU_PADRE_GEOGRAFICO,NB_GEOGRAFICO) VALUES (918,3,255,'TULIO FEBRES CORDERO');
INSERT INTO I032T_GEOGRAFICO (CO_GEOGRAFICO,CO_TIPO_GEOGRAFICO,NU_PADRE_GEOGRAFICO,NB_GEOGRAFICO) VALUES (919,3,255,'PADRE NOGUERA');
INSERT INTO I032T_GEOGRAFICO (CO_GEOGRAFICO,CO_TIPO_GEOGRAFICO,NU_PADRE_GEOGRAFICO,NB_GEOGRAFICO) VALUES (920,3,255,'ARICAGUA');
INSERT INTO I032T_GEOGRAFICO (CO_GEOGRAFICO,CO_TIPO_GEOGRAFICO,NU_PADRE_GEOGRAFICO,NB_GEOGRAFICO) VALUES (921,3,255,'ZEA');
INSERT INTO I032T_GEOGRAFICO (CO_GEOGRAFICO,CO_TIPO_GEOGRAFICO,NU_PADRE_GEOGRAFICO,NB_GEOGRAFICO) VALUES (922,4,899,'GABRIEL PICÓN GONZÁLEZ');
INSERT INTO I032T_GEOGRAFICO (CO_GEOGRAFICO,CO_TIPO_GEOGRAFICO,NU_PADRE_GEOGRAFICO,NB_GEOGRAFICO) VALUES (923,4,899,'HÉCTOR AMABLE MORA');
INSERT INTO I032T_GEOGRAFICO (CO_GEOGRAFICO,CO_TIPO_GEOGRAFICO,NU_PADRE_GEOGRAFICO,NB_GEOGRAFICO) VALUES (924,4,899,'JOSÉ NUCETE SARDI');
INSERT INTO I032T_GEOGRAFICO (CO_GEOGRAFICO,CO_TIPO_GEOGRAFICO,NU_PADRE_GEOGRAFICO,NB_GEOGRAFICO) VALUES (925,4,899,'PULIDO MÉNDEZ');
INSERT INTO I032T_GEOGRAFICO (CO_GEOGRAFICO,CO_TIPO_GEOGRAFICO,NU_PADRE_GEOGRAFICO,NB_GEOGRAFICO) VALUES (926,4,899,'PRESIDENTE RÓMULO GALLEGOS');
INSERT INTO I032T_GEOGRAFICO (CO_GEOGRAFICO,CO_TIPO_GEOGRAFICO,NU_PADRE_GEOGRAFICO,NB_GEOGRAFICO) VALUES (927,4,899,'PRESIDENTE BETANCOURT');
INSERT INTO I032T_GEOGRAFICO (CO_GEOGRAFICO,CO_TIPO_GEOGRAFICO,NU_PADRE_GEOGRAFICO,NB_GEOGRAFICO) VALUES (928,4,899,'PRESIDENTE PÁEZ');
INSERT INTO I032T_GEOGRAFICO (CO_GEOGRAFICO,CO_TIPO_GEOGRAFICO,NU_PADRE_GEOGRAFICO,NB_GEOGRAFICO) VALUES (929,4,900,'CM. LA AZULITA');
INSERT INTO I032T_GEOGRAFICO (CO_GEOGRAFICO,CO_TIPO_GEOGRAFICO,NU_PADRE_GEOGRAFICO,NB_GEOGRAFICO) VALUES (930,4,901,'CM. CANAGUÁ');
INSERT INTO I032T_GEOGRAFICO (CO_GEOGRAFICO,CO_TIPO_GEOGRAFICO,NU_PADRE_GEOGRAFICO,NB_GEOGRAFICO) VALUES (931,4,901,'CAPURÍ');
INSERT INTO I032T_GEOGRAFICO (CO_GEOGRAFICO,CO_TIPO_GEOGRAFICO,NU_PADRE_GEOGRAFICO,NB_GEOGRAFICO) VALUES (932,4,901,'CHACANTÁ');
INSERT INTO I032T_GEOGRAFICO (CO_GEOGRAFICO,CO_TIPO_GEOGRAFICO,NU_PADRE_GEOGRAFICO,NB_GEOGRAFICO) VALUES (933,4,901,'EL MOLINO');
INSERT INTO I032T_GEOGRAFICO (CO_GEOGRAFICO,CO_TIPO_GEOGRAFICO,NU_PADRE_GEOGRAFICO,NB_GEOGRAFICO) VALUES (934,4,901,'GUAIMARAL');
INSERT INTO I032T_GEOGRAFICO (CO_GEOGRAFICO,CO_TIPO_GEOGRAFICO,NU_PADRE_GEOGRAFICO,NB_GEOGRAFICO) VALUES (935,4,901,'MUCUTUY');
INSERT INTO I032T_GEOGRAFICO (CO_GEOGRAFICO,CO_TIPO_GEOGRAFICO,NU_PADRE_GEOGRAFICO,NB_GEOGRAFICO) VALUES (936,4,901,'MUCUCHACHÍ');
INSERT INTO I032T_GEOGRAFICO (CO_GEOGRAFICO,CO_TIPO_GEOGRAFICO,NU_PADRE_GEOGRAFICO,NB_GEOGRAFICO) VALUES (937,4,902,'ACEQUIAS');
INSERT INTO I032T_GEOGRAFICO (CO_GEOGRAFICO,CO_TIPO_GEOGRAFICO,NU_PADRE_GEOGRAFICO,NB_GEOGRAFICO) VALUES (938,4,902,'JAJI');
INSERT INTO I032T_GEOGRAFICO (CO_GEOGRAFICO,CO_TIPO_GEOGRAFICO,NU_PADRE_GEOGRAFICO,NB_GEOGRAFICO) VALUES (939,4,902,'LA MESA');
INSERT INTO I032T_GEOGRAFICO (CO_GEOGRAFICO,CO_TIPO_GEOGRAFICO,NU_PADRE_GEOGRAFICO,NB_GEOGRAFICO) VALUES (940,4,902,'SAN JOSÉ');
INSERT INTO I032T_GEOGRAFICO (CO_GEOGRAFICO,CO_TIPO_GEOGRAFICO,NU_PADRE_GEOGRAFICO,NB_GEOGRAFICO) VALUES (941,4,902,'MONTALBÁN');
INSERT INTO I032T_GEOGRAFICO (CO_GEOGRAFICO,CO_TIPO_GEOGRAFICO,NU_PADRE_GEOGRAFICO,NB_GEOGRAFICO) VALUES (942,4,902,'MATRIZ');
INSERT INTO I032T_GEOGRAFICO (CO_GEOGRAFICO,CO_TIPO_GEOGRAFICO,NU_PADRE_GEOGRAFICO,NB_GEOGRAFICO) VALUES (943,4,902,'FERNANDEZ PEÑA');
INSERT INTO I032T_GEOGRAFICO (CO_GEOGRAFICO,CO_TIPO_GEOGRAFICO,NU_PADRE_GEOGRAFICO,NB_GEOGRAFICO) VALUES (944,4,903,'CM. GUARAQUE');
INSERT INTO I032T_GEOGRAFICO (CO_GEOGRAFICO,CO_TIPO_GEOGRAFICO,NU_PADRE_GEOGRAFICO,NB_GEOGRAFICO) VALUES (945,4,903,'MESA DE QUINTERO');
INSERT INTO I032T_GEOGRAFICO (CO_GEOGRAFICO,CO_TIPO_GEOGRAFICO,NU_PADRE_GEOGRAFICO,NB_GEOGRAFICO) VALUES (946,4,903,'RÍO NEGRO');
INSERT INTO I032T_GEOGRAFICO (CO_GEOGRAFICO,CO_TIPO_GEOGRAFICO,NU_PADRE_GEOGRAFICO,NB_GEOGRAFICO) VALUES (947,4,904,'CM. ARAPUEY');
INSERT INTO I032T_GEOGRAFICO (CO_GEOGRAFICO,CO_TIPO_GEOGRAFICO,NU_PADRE_GEOGRAFICO,NB_GEOGRAFICO) VALUES (948,4,904,'PALMIRA');
INSERT INTO I032T_GEOGRAFICO (CO_GEOGRAFICO,CO_TIPO_GEOGRAFICO,NU_PADRE_GEOGRAFICO,NB_GEOGRAFICO) VALUES (949,4,905,'CM. TORONDOY');
INSERT INTO I032T_GEOGRAFICO (CO_GEOGRAFICO,CO_TIPO_GEOGRAFICO,NU_PADRE_GEOGRAFICO,NB_GEOGRAFICO) VALUES (950,4,905,'SAN CRISTÓBAL DE T');
INSERT INTO I032T_GEOGRAFICO (CO_GEOGRAFICO,CO_TIPO_GEOGRAFICO,NU_PADRE_GEOGRAFICO,NB_GEOGRAFICO) VALUES (951,4,906,'ARIAS');
INSERT INTO I032T_GEOGRAFICO (CO_GEOGRAFICO,CO_TIPO_GEOGRAFICO,NU_PADRE_GEOGRAFICO,NB_GEOGRAFICO) VALUES (952,4,906,'SAGRARIO');
INSERT INTO I032T_GEOGRAFICO (CO_GEOGRAFICO,CO_TIPO_GEOGRAFICO,NU_PADRE_GEOGRAFICO,NB_GEOGRAFICO) VALUES (953,4,906,'MILLA');
INSERT INTO I032T_GEOGRAFICO (CO_GEOGRAFICO,CO_TIPO_GEOGRAFICO,NU_PADRE_GEOGRAFICO,NB_GEOGRAFICO) VALUES (954,4,906,'EL LLANO');
INSERT INTO I032T_GEOGRAFICO (CO_GEOGRAFICO,CO_TIPO_GEOGRAFICO,NU_PADRE_GEOGRAFICO,NB_GEOGRAFICO) VALUES (955,4,906,'JUAN RODRÍGUEZ SUÁREZ');
INSERT INTO I032T_GEOGRAFICO (CO_GEOGRAFICO,CO_TIPO_GEOGRAFICO,NU_PADRE_GEOGRAFICO,NB_GEOGRAFICO) VALUES (956,4,906,'JACINTO PLAZA');
INSERT INTO I032T_GEOGRAFICO (CO_GEOGRAFICO,CO_TIPO_GEOGRAFICO,NU_PADRE_GEOGRAFICO,NB_GEOGRAFICO) VALUES (957,4,906,'DOMINGO PEQA');
INSERT INTO I032T_GEOGRAFICO (CO_GEOGRAFICO,CO_TIPO_GEOGRAFICO,NU_PADRE_GEOGRAFICO,NB_GEOGRAFICO) VALUES (958,4,906,'GONZALO PICÓN FEBRES');
INSERT INTO I032T_GEOGRAFICO (CO_GEOGRAFICO,CO_TIPO_GEOGRAFICO,NU_PADRE_GEOGRAFICO,NB_GEOGRAFICO) VALUES (959,4,906,'OSUNA RODRÍGUEZ');
INSERT INTO I032T_GEOGRAFICO (CO_GEOGRAFICO,CO_TIPO_GEOGRAFICO,NU_PADRE_GEOGRAFICO,NB_GEOGRAFICO) VALUES (960,4,906,'LASSO DE LA VEGA');
INSERT INTO I032T_GEOGRAFICO (CO_GEOGRAFICO,CO_TIPO_GEOGRAFICO,NU_PADRE_GEOGRAFICO,NB_GEOGRAFICO) VALUES (961,4,906,'CARACCIOLO PARRA PÉREZ');
INSERT INTO I032T_GEOGRAFICO (CO_GEOGRAFICO,CO_TIPO_GEOGRAFICO,NU_PADRE_GEOGRAFICO,NB_GEOGRAFICO) VALUES (962,4,906,'MARIANO PICÓN SALAS');
INSERT INTO I032T_GEOGRAFICO (CO_GEOGRAFICO,CO_TIPO_GEOGRAFICO,NU_PADRE_GEOGRAFICO,NB_GEOGRAFICO) VALUES (963,4,906,'ANTONIO SPINETTI DINI');
INSERT INTO I032T_GEOGRAFICO (CO_GEOGRAFICO,CO_TIPO_GEOGRAFICO,NU_PADRE_GEOGRAFICO,NB_GEOGRAFICO) VALUES (964,4,906,'EL MORRO');
INSERT INTO I032T_GEOGRAFICO (CO_GEOGRAFICO,CO_TIPO_GEOGRAFICO,NU_PADRE_GEOGRAFICO,NB_GEOGRAFICO) VALUES (965,4,906,'LOS NEVADOS');
INSERT INTO I032T_GEOGRAFICO (CO_GEOGRAFICO,CO_TIPO_GEOGRAFICO,NU_PADRE_GEOGRAFICO,NB_GEOGRAFICO) VALUES (966,4,907,'CM. TABAY');
INSERT INTO I032T_GEOGRAFICO (CO_GEOGRAFICO,CO_TIPO_GEOGRAFICO,NU_PADRE_GEOGRAFICO,NB_GEOGRAFICO) VALUES (967,4,908,'CM. TIMOTES');
INSERT INTO I032T_GEOGRAFICO (CO_GEOGRAFICO,CO_TIPO_GEOGRAFICO,NU_PADRE_GEOGRAFICO,NB_GEOGRAFICO) VALUES (968,4,908,'ANDRÉS ELOY BLANCO');
INSERT INTO I032T_GEOGRAFICO (CO_GEOGRAFICO,CO_TIPO_GEOGRAFICO,NU_PADRE_GEOGRAFICO,NB_GEOGRAFICO) VALUES (969,4,908,'PIÑANGO');
INSERT INTO I032T_GEOGRAFICO (CO_GEOGRAFICO,CO_TIPO_GEOGRAFICO,NU_PADRE_GEOGRAFICO,NB_GEOGRAFICO) VALUES (970,4,908,'LA VENTA');
INSERT INTO I032T_GEOGRAFICO (CO_GEOGRAFICO,CO_TIPO_GEOGRAFICO,NU_PADRE_GEOGRAFICO,NB_GEOGRAFICO) VALUES (971,4,909,'CM. SANTA CRUZ DE MORA');
INSERT INTO I032T_GEOGRAFICO (CO_GEOGRAFICO,CO_TIPO_GEOGRAFICO,NU_PADRE_GEOGRAFICO,NB_GEOGRAFICO) VALUES (972,4,909,'MESA BOLÍVAR');
INSERT INTO I032T_GEOGRAFICO (CO_GEOGRAFICO,CO_TIPO_GEOGRAFICO,NU_PADRE_GEOGRAFICO,NB_GEOGRAFICO) VALUES (973,4,909,'MESA DE LAS PALMAS');
INSERT INTO I032T_GEOGRAFICO (CO_GEOGRAFICO,CO_TIPO_GEOGRAFICO,NU_PADRE_GEOGRAFICO,NB_GEOGRAFICO) VALUES (974,4,910,'CM. SANTA ELENA DE ARENALES');
INSERT INTO I032T_GEOGRAFICO (CO_GEOGRAFICO,CO_TIPO_GEOGRAFICO,NU_PADRE_GEOGRAFICO,NB_GEOGRAFICO) VALUES (975,4,910,'ELOY PAREDES');
INSERT INTO I032T_GEOGRAFICO (CO_GEOGRAFICO,CO_TIPO_GEOGRAFICO,NU_PADRE_GEOGRAFICO,NB_GEOGRAFICO) VALUES (976,4,910,'SAN RAFAEL DE ALCÁZAR');
INSERT INTO I032T_GEOGRAFICO (CO_GEOGRAFICO,CO_TIPO_GEOGRAFICO,NU_PADRE_GEOGRAFICO,NB_GEOGRAFICO) VALUES (977,4,911,'CM. TUCANÍ');
INSERT INTO I032T_GEOGRAFICO (CO_GEOGRAFICO,CO_TIPO_GEOGRAFICO,NU_PADRE_GEOGRAFICO,NB_GEOGRAFICO) VALUES (978,4,911,'FLORENCIO RAMÍREZ');
INSERT INTO I032T_GEOGRAFICO (CO_GEOGRAFICO,CO_TIPO_GEOGRAFICO,NU_PADRE_GEOGRAFICO,NB_GEOGRAFICO) VALUES (979,4,912,'CM. SANTO DOMINGO');
INSERT INTO I032T_GEOGRAFICO (CO_GEOGRAFICO,CO_TIPO_GEOGRAFICO,NU_PADRE_GEOGRAFICO,NB_GEOGRAFICO) VALUES (980,4,912,'LAS PIEDRAS');
INSERT INTO I032T_GEOGRAFICO (CO_GEOGRAFICO,CO_TIPO_GEOGRAFICO,NU_PADRE_GEOGRAFICO,NB_GEOGRAFICO) VALUES (981,4,913,'CM. PUEBLO LLANO');
INSERT INTO I032T_GEOGRAFICO (CO_GEOGRAFICO,CO_TIPO_GEOGRAFICO,NU_PADRE_GEOGRAFICO,NB_GEOGRAFICO) VALUES (982,4,914,'CM. MUCUCHÍES');
INSERT INTO I032T_GEOGRAFICO (CO_GEOGRAFICO,CO_TIPO_GEOGRAFICO,NU_PADRE_GEOGRAFICO,NB_GEOGRAFICO) VALUES (983,4,914,'MUCURUBÁ');
INSERT INTO I032T_GEOGRAFICO (CO_GEOGRAFICO,CO_TIPO_GEOGRAFICO,NU_PADRE_GEOGRAFICO,NB_GEOGRAFICO) VALUES (984,4,914,'SAN RAFAEL');
INSERT INTO I032T_GEOGRAFICO (CO_GEOGRAFICO,CO_TIPO_GEOGRAFICO,NU_PADRE_GEOGRAFICO,NB_GEOGRAFICO) VALUES (985,4,914,'CACUTE');
INSERT INTO I032T_GEOGRAFICO (CO_GEOGRAFICO,CO_TIPO_GEOGRAFICO,NU_PADRE_GEOGRAFICO,NB_GEOGRAFICO) VALUES (986,4,914,'LA TOMA');
INSERT INTO I032T_GEOGRAFICO (CO_GEOGRAFICO,CO_TIPO_GEOGRAFICO,NU_PADRE_GEOGRAFICO,NB_GEOGRAFICO) VALUES (987,4,915,'CM. BAILADORES');
INSERT INTO I032T_GEOGRAFICO (CO_GEOGRAFICO,CO_TIPO_GEOGRAFICO,NU_PADRE_GEOGRAFICO,NB_GEOGRAFICO) VALUES (988,4,915,'GERÓNIMO MALDONADO');
INSERT INTO I032T_GEOGRAFICO (CO_GEOGRAFICO,CO_TIPO_GEOGRAFICO,NU_PADRE_GEOGRAFICO,NB_GEOGRAFICO) VALUES (989,4,916,'CM. LAGUNILLAS');
INSERT INTO I032T_GEOGRAFICO (CO_GEOGRAFICO,CO_TIPO_GEOGRAFICO,NU_PADRE_GEOGRAFICO,NB_GEOGRAFICO) VALUES (990,4,916,'CHIGUARÁ');
INSERT INTO I032T_GEOGRAFICO (CO_GEOGRAFICO,CO_TIPO_GEOGRAFICO,NU_PADRE_GEOGRAFICO,NB_GEOGRAFICO) VALUES (991,4,916,'ESTANQUES');
INSERT INTO I032T_GEOGRAFICO (CO_GEOGRAFICO,CO_TIPO_GEOGRAFICO,NU_PADRE_GEOGRAFICO,NB_GEOGRAFICO) VALUES (992,4,916,'SAN JUAN');
INSERT INTO I032T_GEOGRAFICO (CO_GEOGRAFICO,CO_TIPO_GEOGRAFICO,NU_PADRE_GEOGRAFICO,NB_GEOGRAFICO) VALUES (993,4,916,'PUEBLO NUEVO DEL SUR');
INSERT INTO I032T_GEOGRAFICO (CO_GEOGRAFICO,CO_TIPO_GEOGRAFICO,NU_PADRE_GEOGRAFICO,NB_GEOGRAFICO) VALUES (994,4,916,'LA TRAMPA');
INSERT INTO I032T_GEOGRAFICO (CO_GEOGRAFICO,CO_TIPO_GEOGRAFICO,NU_PADRE_GEOGRAFICO,NB_GEOGRAFICO) VALUES (995,4,917,'EL LLANO');
INSERT INTO I032T_GEOGRAFICO (CO_GEOGRAFICO,CO_TIPO_GEOGRAFICO,NU_PADRE_GEOGRAFICO,NB_GEOGRAFICO) VALUES (996,4,917,'TOVAR');
INSERT INTO I032T_GEOGRAFICO (CO_GEOGRAFICO,CO_TIPO_GEOGRAFICO,NU_PADRE_GEOGRAFICO,NB_GEOGRAFICO) VALUES (997,4,917,'EL AMPARO');
INSERT INTO I032T_GEOGRAFICO (CO_GEOGRAFICO,CO_TIPO_GEOGRAFICO,NU_PADRE_GEOGRAFICO,NB_GEOGRAFICO) VALUES (998,4,917,'SAN FRANCISCO');
INSERT INTO I032T_GEOGRAFICO (CO_GEOGRAFICO,CO_TIPO_GEOGRAFICO,NU_PADRE_GEOGRAFICO,NB_GEOGRAFICO) VALUES (999,4,918,'CM. NUEVA BOLIVIA');
INSERT INTO I032T_GEOGRAFICO (CO_GEOGRAFICO,CO_TIPO_GEOGRAFICO,NU_PADRE_GEOGRAFICO,NB_GEOGRAFICO) VALUES (1000,4,918,'INDEPENDENCIA');
INSERT INTO I032T_GEOGRAFICO (CO_GEOGRAFICO,CO_TIPO_GEOGRAFICO,NU_PADRE_GEOGRAFICO,NB_GEOGRAFICO) VALUES (1001,4,918,'MARÍA DE LA CONCEPCIÓN PALACIOS BLANCO');
INSERT INTO I032T_GEOGRAFICO (CO_GEOGRAFICO,CO_TIPO_GEOGRAFICO,NU_PADRE_GEOGRAFICO,NB_GEOGRAFICO) VALUES (1002,4,918,'SANTA APOLONIA');
INSERT INTO I032T_GEOGRAFICO (CO_GEOGRAFICO,CO_TIPO_GEOGRAFICO,NU_PADRE_GEOGRAFICO,NB_GEOGRAFICO) VALUES (1003,4,919,'CM. SANTA MARÍA DE CAPARO');
INSERT INTO I032T_GEOGRAFICO (CO_GEOGRAFICO,CO_TIPO_GEOGRAFICO,NU_PADRE_GEOGRAFICO,NB_GEOGRAFICO) VALUES (1004,4,920,'CM. ARICAGUA');
INSERT INTO I032T_GEOGRAFICO (CO_GEOGRAFICO,CO_TIPO_GEOGRAFICO,NU_PADRE_GEOGRAFICO,NB_GEOGRAFICO) VALUES (1005,4,920,'SAN ANTONIO');
INSERT INTO I032T_GEOGRAFICO (CO_GEOGRAFICO,CO_TIPO_GEOGRAFICO,NU_PADRE_GEOGRAFICO,NB_GEOGRAFICO) VALUES (1006,4,921,'CM. ZEA');
INSERT INTO I032T_GEOGRAFICO (CO_GEOGRAFICO,CO_TIPO_GEOGRAFICO,NU_PADRE_GEOGRAFICO,NB_GEOGRAFICO) VALUES (1007,4,921,'CAÑO EL TIGRE');
INSERT INTO I032T_GEOGRAFICO (CO_GEOGRAFICO,CO_TIPO_GEOGRAFICO,NU_PADRE_GEOGRAFICO,NB_GEOGRAFICO) VALUES (1008,3,256,'ACEVEDO');
INSERT INTO I032T_GEOGRAFICO (CO_GEOGRAFICO,CO_TIPO_GEOGRAFICO,NU_PADRE_GEOGRAFICO,NB_GEOGRAFICO) VALUES (1009,3,256,'AUTÓNOMO BOLIVARIANO DE BRION');
INSERT INTO I032T_GEOGRAFICO (CO_GEOGRAFICO,CO_TIPO_GEOGRAFICO,NU_PADRE_GEOGRAFICO,NB_GEOGRAFICO) VALUES (1010,3,256,'BOLIVARIANO GUAICAIPURO');
INSERT INTO I032T_GEOGRAFICO (CO_GEOGRAFICO,CO_TIPO_GEOGRAFICO,NU_PADRE_GEOGRAFICO,NB_GEOGRAFICO) VALUES (1011,3,256,'AUTÓNOMO INDEPENDENCIA');
INSERT INTO I032T_GEOGRAFICO (CO_GEOGRAFICO,CO_TIPO_GEOGRAFICO,NU_PADRE_GEOGRAFICO,NB_GEOGRAFICO) VALUES (1012,3,256,'AUTÓNOMO TOMAS LANDER');
INSERT INTO I032T_GEOGRAFICO (CO_GEOGRAFICO,CO_TIPO_GEOGRAFICO,NU_PADRE_GEOGRAFICO,NB_GEOGRAFICO) VALUES (1013,3,256,'BOLIVARIANO JOSE ANTONIO PÁEZ');
INSERT INTO I032T_GEOGRAFICO (CO_GEOGRAFICO,CO_TIPO_GEOGRAFICO,NU_PADRE_GEOGRAFICO,NB_GEOGRAFICO) VALUES (1014,3,256,'PAZ CASTILLO');
INSERT INTO I032T_GEOGRAFICO (CO_GEOGRAFICO,CO_TIPO_GEOGRAFICO,NU_PADRE_GEOGRAFICO,NB_GEOGRAFICO) VALUES (1015,3,256,'PLAZA');
INSERT INTO I032T_GEOGRAFICO (CO_GEOGRAFICO,CO_TIPO_GEOGRAFICO,NU_PADRE_GEOGRAFICO,NB_GEOGRAFICO) VALUES (1016,3,256,'SUCRE');
INSERT INTO I032T_GEOGRAFICO (CO_GEOGRAFICO,CO_TIPO_GEOGRAFICO,NU_PADRE_GEOGRAFICO,NB_GEOGRAFICO) VALUES (1017,3,256,'GENERAL RAFAEL URDANETA');
INSERT INTO I032T_GEOGRAFICO (CO_GEOGRAFICO,CO_TIPO_GEOGRAFICO,NU_PADRE_GEOGRAFICO,NB_GEOGRAFICO) VALUES (1018,3,256,'ZAMORA');
INSERT INTO I032T_GEOGRAFICO (CO_GEOGRAFICO,CO_TIPO_GEOGRAFICO,NU_PADRE_GEOGRAFICO,NB_GEOGRAFICO) VALUES (1019,3,256,'CRISTÓBAL ROJAS');
INSERT INTO I032T_GEOGRAFICO (CO_GEOGRAFICO,CO_TIPO_GEOGRAFICO,NU_PADRE_GEOGRAFICO,NB_GEOGRAFICO) VALUES (1020,3,256,'LOS SALIAS');
INSERT INTO I032T_GEOGRAFICO (CO_GEOGRAFICO,CO_TIPO_GEOGRAFICO,NU_PADRE_GEOGRAFICO,NB_GEOGRAFICO) VALUES (1021,3,256,'ANDRÉS BELLO');
INSERT INTO I032T_GEOGRAFICO (CO_GEOGRAFICO,CO_TIPO_GEOGRAFICO,NU_PADRE_GEOGRAFICO,NB_GEOGRAFICO) VALUES (1022,3,256,'AUTÓNOMO SIMON BOLÍVAR');
INSERT INTO I032T_GEOGRAFICO (CO_GEOGRAFICO,CO_TIPO_GEOGRAFICO,NU_PADRE_GEOGRAFICO,NB_GEOGRAFICO) VALUES (1023,3,256,'BARUTA');
INSERT INTO I032T_GEOGRAFICO (CO_GEOGRAFICO,CO_TIPO_GEOGRAFICO,NU_PADRE_GEOGRAFICO,NB_GEOGRAFICO) VALUES (1024,3,256,'CARRIZAL');
INSERT INTO I032T_GEOGRAFICO (CO_GEOGRAFICO,CO_TIPO_GEOGRAFICO,NU_PADRE_GEOGRAFICO,NB_GEOGRAFICO) VALUES (1025,3,256,'CHACAO');
INSERT INTO I032T_GEOGRAFICO (CO_GEOGRAFICO,CO_TIPO_GEOGRAFICO,NU_PADRE_GEOGRAFICO,NB_GEOGRAFICO) VALUES (1026,3,256,'EL HATILLO');
INSERT INTO I032T_GEOGRAFICO (CO_GEOGRAFICO,CO_TIPO_GEOGRAFICO,NU_PADRE_GEOGRAFICO,NB_GEOGRAFICO) VALUES (1027,3,256,'BOLIVARIANO EULALIA BUROZ');
INSERT INTO I032T_GEOGRAFICO (CO_GEOGRAFICO,CO_TIPO_GEOGRAFICO,NU_PADRE_GEOGRAFICO,NB_GEOGRAFICO) VALUES (1028,3,256,'PEDRO GUAL');
INSERT INTO I032T_GEOGRAFICO (CO_GEOGRAFICO,CO_TIPO_GEOGRAFICO,NU_PADRE_GEOGRAFICO,NB_GEOGRAFICO) VALUES (1029,4,1008,'CAUCAGUA');
INSERT INTO I032T_GEOGRAFICO (CO_GEOGRAFICO,CO_TIPO_GEOGRAFICO,NU_PADRE_GEOGRAFICO,NB_GEOGRAFICO) VALUES (1030,4,1008,'ARAGUITA');
INSERT INTO I032T_GEOGRAFICO (CO_GEOGRAFICO,CO_TIPO_GEOGRAFICO,NU_PADRE_GEOGRAFICO,NB_GEOGRAFICO) VALUES (1031,4,1008,'AREVALO GONZÁLEZ');
INSERT INTO I032T_GEOGRAFICO (CO_GEOGRAFICO,CO_TIPO_GEOGRAFICO,NU_PADRE_GEOGRAFICO,NB_GEOGRAFICO) VALUES (1032,4,1008,'CAPAYA');
INSERT INTO I032T_GEOGRAFICO (CO_GEOGRAFICO,CO_TIPO_GEOGRAFICO,NU_PADRE_GEOGRAFICO,NB_GEOGRAFICO) VALUES (1033,4,1008,'PANAQUIRE');
INSERT INTO I032T_GEOGRAFICO (CO_GEOGRAFICO,CO_TIPO_GEOGRAFICO,NU_PADRE_GEOGRAFICO,NB_GEOGRAFICO) VALUES (1034,4,1008,'RIBAS');
INSERT INTO I032T_GEOGRAFICO (CO_GEOGRAFICO,CO_TIPO_GEOGRAFICO,NU_PADRE_GEOGRAFICO,NB_GEOGRAFICO) VALUES (1035,4,1008,'EL CAFE');
INSERT INTO I032T_GEOGRAFICO (CO_GEOGRAFICO,CO_TIPO_GEOGRAFICO,NU_PADRE_GEOGRAFICO,NB_GEOGRAFICO) VALUES (1036,4,1008,'MARIZAPA');
INSERT INTO I032T_GEOGRAFICO (CO_GEOGRAFICO,CO_TIPO_GEOGRAFICO,NU_PADRE_GEOGRAFICO,NB_GEOGRAFICO) VALUES (1037,4,1009,'HIGUEROTE');
INSERT INTO I032T_GEOGRAFICO (CO_GEOGRAFICO,CO_TIPO_GEOGRAFICO,NU_PADRE_GEOGRAFICO,NB_GEOGRAFICO) VALUES (1038,4,1009,'CURIEPE');
INSERT INTO I032T_GEOGRAFICO (CO_GEOGRAFICO,CO_TIPO_GEOGRAFICO,NU_PADRE_GEOGRAFICO,NB_GEOGRAFICO) VALUES (1039,4,1009,'TACARIGUA');
INSERT INTO I032T_GEOGRAFICO (CO_GEOGRAFICO,CO_TIPO_GEOGRAFICO,NU_PADRE_GEOGRAFICO,NB_GEOGRAFICO) VALUES (1040,4,1010,'LOS TEQUES');
INSERT INTO I032T_GEOGRAFICO (CO_GEOGRAFICO,CO_TIPO_GEOGRAFICO,NU_PADRE_GEOGRAFICO,NB_GEOGRAFICO) VALUES (1041,4,1010,'CECILIO ACOSTA');
INSERT INTO I032T_GEOGRAFICO (CO_GEOGRAFICO,CO_TIPO_GEOGRAFICO,NU_PADRE_GEOGRAFICO,NB_GEOGRAFICO) VALUES (1042,4,1010,'PARACOTOS');
INSERT INTO I032T_GEOGRAFICO (CO_GEOGRAFICO,CO_TIPO_GEOGRAFICO,NU_PADRE_GEOGRAFICO,NB_GEOGRAFICO) VALUES (1043,4,1010,'SAN PEDRO');
INSERT INTO I032T_GEOGRAFICO (CO_GEOGRAFICO,CO_TIPO_GEOGRAFICO,NU_PADRE_GEOGRAFICO,NB_GEOGRAFICO) VALUES (1044,4,1010,'TACATA');
INSERT INTO I032T_GEOGRAFICO (CO_GEOGRAFICO,CO_TIPO_GEOGRAFICO,NU_PADRE_GEOGRAFICO,NB_GEOGRAFICO) VALUES (1045,4,1010,'EL JARILLO');
INSERT INTO I032T_GEOGRAFICO (CO_GEOGRAFICO,CO_TIPO_GEOGRAFICO,NU_PADRE_GEOGRAFICO,NB_GEOGRAFICO) VALUES (1046,4,1010,'ALTAGRACIA DE LA MONTAÑA');
INSERT INTO I032T_GEOGRAFICO (CO_GEOGRAFICO,CO_TIPO_GEOGRAFICO,NU_PADRE_GEOGRAFICO,NB_GEOGRAFICO) VALUES (1047,4,1011,'SANTA TERESA DEL TUY');
INSERT INTO I032T_GEOGRAFICO (CO_GEOGRAFICO,CO_TIPO_GEOGRAFICO,NU_PADRE_GEOGRAFICO,NB_GEOGRAFICO) VALUES (1048,4,1011,'EL CARTANAL');
INSERT INTO I032T_GEOGRAFICO (CO_GEOGRAFICO,CO_TIPO_GEOGRAFICO,NU_PADRE_GEOGRAFICO,NB_GEOGRAFICO) VALUES (1049,4,1012,'OCUMARE DEL TUY');
INSERT INTO I032T_GEOGRAFICO (CO_GEOGRAFICO,CO_TIPO_GEOGRAFICO,NU_PADRE_GEOGRAFICO,NB_GEOGRAFICO) VALUES (1050,4,1012,'LA DEMOCRACIA');
INSERT INTO I032T_GEOGRAFICO (CO_GEOGRAFICO,CO_TIPO_GEOGRAFICO,NU_PADRE_GEOGRAFICO,NB_GEOGRAFICO) VALUES (1051,4,1012,'SANTA BARBARA');
INSERT INTO I032T_GEOGRAFICO (CO_GEOGRAFICO,CO_TIPO_GEOGRAFICO,NU_PADRE_GEOGRAFICO,NB_GEOGRAFICO) VALUES (1052,4,1013,'RÍO CHICO');
INSERT INTO I032T_GEOGRAFICO (CO_GEOGRAFICO,CO_TIPO_GEOGRAFICO,NU_PADRE_GEOGRAFICO,NB_GEOGRAFICO) VALUES (1053,4,1013,'EL GUAPO');
INSERT INTO I032T_GEOGRAFICO (CO_GEOGRAFICO,CO_TIPO_GEOGRAFICO,NU_PADRE_GEOGRAFICO,NB_GEOGRAFICO) VALUES (1054,4,1013,'TACARIGUA DE LA LAGUNA');
INSERT INTO I032T_GEOGRAFICO (CO_GEOGRAFICO,CO_TIPO_GEOGRAFICO,NU_PADRE_GEOGRAFICO,NB_GEOGRAFICO) VALUES (1055,4,1013,'PAPARO');
INSERT INTO I032T_GEOGRAFICO (CO_GEOGRAFICO,CO_TIPO_GEOGRAFICO,NU_PADRE_GEOGRAFICO,NB_GEOGRAFICO) VALUES (1056,4,1013,'SAN FERNANDO DEL GUAPO');
INSERT INTO I032T_GEOGRAFICO (CO_GEOGRAFICO,CO_TIPO_GEOGRAFICO,NU_PADRE_GEOGRAFICO,NB_GEOGRAFICO) VALUES (1057,4,1014,'SANTA LUCÍA');
INSERT INTO I032T_GEOGRAFICO (CO_GEOGRAFICO,CO_TIPO_GEOGRAFICO,NU_PADRE_GEOGRAFICO,NB_GEOGRAFICO) VALUES (1058,4,1015,'GUARENAS');
INSERT INTO I032T_GEOGRAFICO (CO_GEOGRAFICO,CO_TIPO_GEOGRAFICO,NU_PADRE_GEOGRAFICO,NB_GEOGRAFICO) VALUES (1059,4,1016,'PETARE');
INSERT INTO I032T_GEOGRAFICO (CO_GEOGRAFICO,CO_TIPO_GEOGRAFICO,NU_PADRE_GEOGRAFICO,NB_GEOGRAFICO) VALUES (1060,4,1016,'LEONCIO MARTINEZ');
INSERT INTO I032T_GEOGRAFICO (CO_GEOGRAFICO,CO_TIPO_GEOGRAFICO,NU_PADRE_GEOGRAFICO,NB_GEOGRAFICO) VALUES (1061,4,1016,'CAUCAGUITA');
INSERT INTO I032T_GEOGRAFICO (CO_GEOGRAFICO,CO_TIPO_GEOGRAFICO,NU_PADRE_GEOGRAFICO,NB_GEOGRAFICO) VALUES (1062,4,1016,'FILAS DE MARICHE');
INSERT INTO I032T_GEOGRAFICO (CO_GEOGRAFICO,CO_TIPO_GEOGRAFICO,NU_PADRE_GEOGRAFICO,NB_GEOGRAFICO) VALUES (1063,4,1016,'LA DOLORITA');
INSERT INTO I032T_GEOGRAFICO (CO_GEOGRAFICO,CO_TIPO_GEOGRAFICO,NU_PADRE_GEOGRAFICO,NB_GEOGRAFICO) VALUES (1064,4,1017,'CUA');
INSERT INTO I032T_GEOGRAFICO (CO_GEOGRAFICO,CO_TIPO_GEOGRAFICO,NU_PADRE_GEOGRAFICO,NB_GEOGRAFICO) VALUES (1065,4,1017,'NUEVA CUA');
INSERT INTO I032T_GEOGRAFICO (CO_GEOGRAFICO,CO_TIPO_GEOGRAFICO,NU_PADRE_GEOGRAFICO,NB_GEOGRAFICO) VALUES (1066,4,1018,'GUATIRE');
INSERT INTO I032T_GEOGRAFICO (CO_GEOGRAFICO,CO_TIPO_GEOGRAFICO,NU_PADRE_GEOGRAFICO,NB_GEOGRAFICO) VALUES (1067,4,1018,'BOLÍVAR');
INSERT INTO I032T_GEOGRAFICO (CO_GEOGRAFICO,CO_TIPO_GEOGRAFICO,NU_PADRE_GEOGRAFICO,NB_GEOGRAFICO) VALUES (1068,4,1019,'CHARALLAVE');
INSERT INTO I032T_GEOGRAFICO (CO_GEOGRAFICO,CO_TIPO_GEOGRAFICO,NU_PADRE_GEOGRAFICO,NB_GEOGRAFICO) VALUES (1069,4,1019,'LAS BRISAS');
INSERT INTO I032T_GEOGRAFICO (CO_GEOGRAFICO,CO_TIPO_GEOGRAFICO,NU_PADRE_GEOGRAFICO,NB_GEOGRAFICO) VALUES (1070,4,1020,'SAN ANTONIO LOS ALTOS');
INSERT INTO I032T_GEOGRAFICO (CO_GEOGRAFICO,CO_TIPO_GEOGRAFICO,NU_PADRE_GEOGRAFICO,NB_GEOGRAFICO) VALUES (1071,4,1021,'SAN JOSÉ DE BARLOVENTO');
INSERT INTO I032T_GEOGRAFICO (CO_GEOGRAFICO,CO_TIPO_GEOGRAFICO,NU_PADRE_GEOGRAFICO,NB_GEOGRAFICO) VALUES (1072,4,1021,'CUMBO');
INSERT INTO I032T_GEOGRAFICO (CO_GEOGRAFICO,CO_TIPO_GEOGRAFICO,NU_PADRE_GEOGRAFICO,NB_GEOGRAFICO) VALUES (1073,4,1022,'SAN FCO DE YARE');
INSERT INTO I032T_GEOGRAFICO (CO_GEOGRAFICO,CO_TIPO_GEOGRAFICO,NU_PADRE_GEOGRAFICO,NB_GEOGRAFICO) VALUES (1074,4,1022,'SAN ANTONIO DE YARE');
INSERT INTO I032T_GEOGRAFICO (CO_GEOGRAFICO,CO_TIPO_GEOGRAFICO,NU_PADRE_GEOGRAFICO,NB_GEOGRAFICO) VALUES (1075,4,1023,'BARUTA');
INSERT INTO I032T_GEOGRAFICO (CO_GEOGRAFICO,CO_TIPO_GEOGRAFICO,NU_PADRE_GEOGRAFICO,NB_GEOGRAFICO) VALUES (1076,4,1023,'EL CAFETAL');
INSERT INTO I032T_GEOGRAFICO (CO_GEOGRAFICO,CO_TIPO_GEOGRAFICO,NU_PADRE_GEOGRAFICO,NB_GEOGRAFICO) VALUES (1077,4,1023,'LAS MINAS DE BARUTA');
INSERT INTO I032T_GEOGRAFICO (CO_GEOGRAFICO,CO_TIPO_GEOGRAFICO,NU_PADRE_GEOGRAFICO,NB_GEOGRAFICO) VALUES (1078,4,1024,'CARRIZAL');
INSERT INTO I032T_GEOGRAFICO (CO_GEOGRAFICO,CO_TIPO_GEOGRAFICO,NU_PADRE_GEOGRAFICO,NB_GEOGRAFICO) VALUES (1079,4,1025,'CHACAO');
INSERT INTO I032T_GEOGRAFICO (CO_GEOGRAFICO,CO_TIPO_GEOGRAFICO,NU_PADRE_GEOGRAFICO,NB_GEOGRAFICO) VALUES (1080,4,1026,'EL HATILLO');
INSERT INTO I032T_GEOGRAFICO (CO_GEOGRAFICO,CO_TIPO_GEOGRAFICO,NU_PADRE_GEOGRAFICO,NB_GEOGRAFICO) VALUES (1081,4,1027,'MAMPORAL');
INSERT INTO I032T_GEOGRAFICO (CO_GEOGRAFICO,CO_TIPO_GEOGRAFICO,NU_PADRE_GEOGRAFICO,NB_GEOGRAFICO) VALUES (1082,4,1028,'CUPIRA');
INSERT INTO I032T_GEOGRAFICO (CO_GEOGRAFICO,CO_TIPO_GEOGRAFICO,NU_PADRE_GEOGRAFICO,NB_GEOGRAFICO) VALUES (1083,4,1028,'MACHURUCUTO');
INSERT INTO I032T_GEOGRAFICO (CO_GEOGRAFICO,CO_TIPO_GEOGRAFICO,NU_PADRE_GEOGRAFICO,NB_GEOGRAFICO) VALUES (1084,3,257,'ACOSTA');
INSERT INTO I032T_GEOGRAFICO (CO_GEOGRAFICO,CO_TIPO_GEOGRAFICO,NU_PADRE_GEOGRAFICO,NB_GEOGRAFICO) VALUES (1085,3,257,'BOLÍVAR');
INSERT INTO I032T_GEOGRAFICO (CO_GEOGRAFICO,CO_TIPO_GEOGRAFICO,NU_PADRE_GEOGRAFICO,NB_GEOGRAFICO) VALUES (1086,3,257,'CARIPE');
INSERT INTO I032T_GEOGRAFICO (CO_GEOGRAFICO,CO_TIPO_GEOGRAFICO,NU_PADRE_GEOGRAFICO,NB_GEOGRAFICO) VALUES (1087,3,257,'CEDEÑO');
INSERT INTO I032T_GEOGRAFICO (CO_GEOGRAFICO,CO_TIPO_GEOGRAFICO,NU_PADRE_GEOGRAFICO,NB_GEOGRAFICO) VALUES (1088,3,257,'EZEQUIEL ZAMORA');
INSERT INTO I032T_GEOGRAFICO (CO_GEOGRAFICO,CO_TIPO_GEOGRAFICO,NU_PADRE_GEOGRAFICO,NB_GEOGRAFICO) VALUES (1089,3,257,'LIBERTADOR');
INSERT INTO I032T_GEOGRAFICO (CO_GEOGRAFICO,CO_TIPO_GEOGRAFICO,NU_PADRE_GEOGRAFICO,NB_GEOGRAFICO) VALUES (1090,3,257,'MATURÍN');
INSERT INTO I032T_GEOGRAFICO (CO_GEOGRAFICO,CO_TIPO_GEOGRAFICO,NU_PADRE_GEOGRAFICO,NB_GEOGRAFICO) VALUES (1091,3,257,'PIAR');
INSERT INTO I032T_GEOGRAFICO (CO_GEOGRAFICO,CO_TIPO_GEOGRAFICO,NU_PADRE_GEOGRAFICO,NB_GEOGRAFICO) VALUES (1092,3,257,'PUNCERES');
INSERT INTO I032T_GEOGRAFICO (CO_GEOGRAFICO,CO_TIPO_GEOGRAFICO,NU_PADRE_GEOGRAFICO,NB_GEOGRAFICO) VALUES (1093,3,257,'SOTILLO');
INSERT INTO I032T_GEOGRAFICO (CO_GEOGRAFICO,CO_TIPO_GEOGRAFICO,NU_PADRE_GEOGRAFICO,NB_GEOGRAFICO) VALUES (1094,3,257,'AGUASAY');
INSERT INTO I032T_GEOGRAFICO (CO_GEOGRAFICO,CO_TIPO_GEOGRAFICO,NU_PADRE_GEOGRAFICO,NB_GEOGRAFICO) VALUES (1095,3,257,'SANTA BARBARA');
INSERT INTO I032T_GEOGRAFICO (CO_GEOGRAFICO,CO_TIPO_GEOGRAFICO,NU_PADRE_GEOGRAFICO,NB_GEOGRAFICO) VALUES (1096,3,257,'URACOA');
INSERT INTO I032T_GEOGRAFICO (CO_GEOGRAFICO,CO_TIPO_GEOGRAFICO,NU_PADRE_GEOGRAFICO,NB_GEOGRAFICO) VALUES (1097,3,257,'MATURÍN');
INSERT INTO I032T_GEOGRAFICO (CO_GEOGRAFICO,CO_TIPO_GEOGRAFICO,NU_PADRE_GEOGRAFICO,NB_GEOGRAFICO) VALUES (1098,4,1084,'CM. SAN ANTONIO');
INSERT INTO I032T_GEOGRAFICO (CO_GEOGRAFICO,CO_TIPO_GEOGRAFICO,NU_PADRE_GEOGRAFICO,NB_GEOGRAFICO) VALUES (1099,4,1084,'SAN FRANCISCO');
INSERT INTO I032T_GEOGRAFICO (CO_GEOGRAFICO,CO_TIPO_GEOGRAFICO,NU_PADRE_GEOGRAFICO,NB_GEOGRAFICO) VALUES (1100,4,1085,'CM. CARIPITO');
INSERT INTO I032T_GEOGRAFICO (CO_GEOGRAFICO,CO_TIPO_GEOGRAFICO,NU_PADRE_GEOGRAFICO,NB_GEOGRAFICO) VALUES (1101,4,1086,'CM. CARIPE');
INSERT INTO I032T_GEOGRAFICO (CO_GEOGRAFICO,CO_TIPO_GEOGRAFICO,NU_PADRE_GEOGRAFICO,NB_GEOGRAFICO) VALUES (1102,4,1086,'TERESEN');
INSERT INTO I032T_GEOGRAFICO (CO_GEOGRAFICO,CO_TIPO_GEOGRAFICO,NU_PADRE_GEOGRAFICO,NB_GEOGRAFICO) VALUES (1103,4,1086,'EL GUÁCHARO');
INSERT INTO I032T_GEOGRAFICO (CO_GEOGRAFICO,CO_TIPO_GEOGRAFICO,NU_PADRE_GEOGRAFICO,NB_GEOGRAFICO) VALUES (1104,4,1086,'SAN AGUSTÍN');
INSERT INTO I032T_GEOGRAFICO (CO_GEOGRAFICO,CO_TIPO_GEOGRAFICO,NU_PADRE_GEOGRAFICO,NB_GEOGRAFICO) VALUES (1105,4,1086,'LA GUANOTA');
INSERT INTO I032T_GEOGRAFICO (CO_GEOGRAFICO,CO_TIPO_GEOGRAFICO,NU_PADRE_GEOGRAFICO,NB_GEOGRAFICO) VALUES (1106,4,1086,'SABANA DE PIEDRA');
INSERT INTO I032T_GEOGRAFICO (CO_GEOGRAFICO,CO_TIPO_GEOGRAFICO,NU_PADRE_GEOGRAFICO,NB_GEOGRAFICO) VALUES (1107,4,1087,'CM. CAICARA');
INSERT INTO I032T_GEOGRAFICO (CO_GEOGRAFICO,CO_TIPO_GEOGRAFICO,NU_PADRE_GEOGRAFICO,NB_GEOGRAFICO) VALUES (1108,4,1087,'AREO');
INSERT INTO I032T_GEOGRAFICO (CO_GEOGRAFICO,CO_TIPO_GEOGRAFICO,NU_PADRE_GEOGRAFICO,NB_GEOGRAFICO) VALUES (1109,4,1087,'SAN FÉLIX');
INSERT INTO I032T_GEOGRAFICO (CO_GEOGRAFICO,CO_TIPO_GEOGRAFICO,NU_PADRE_GEOGRAFICO,NB_GEOGRAFICO) VALUES (1110,4,1087,'VIENTO FRESCO');
INSERT INTO I032T_GEOGRAFICO (CO_GEOGRAFICO,CO_TIPO_GEOGRAFICO,NU_PADRE_GEOGRAFICO,NB_GEOGRAFICO) VALUES (1111,4,1088,'CM. PUNTA DE MATA');
INSERT INTO I032T_GEOGRAFICO (CO_GEOGRAFICO,CO_TIPO_GEOGRAFICO,NU_PADRE_GEOGRAFICO,NB_GEOGRAFICO) VALUES (1112,4,1088,'EL TEJERO');
INSERT INTO I032T_GEOGRAFICO (CO_GEOGRAFICO,CO_TIPO_GEOGRAFICO,NU_PADRE_GEOGRAFICO,NB_GEOGRAFICO) VALUES (1113,4,1089,'CM. TEMBLADOR');
INSERT INTO I032T_GEOGRAFICO (CO_GEOGRAFICO,CO_TIPO_GEOGRAFICO,NU_PADRE_GEOGRAFICO,NB_GEOGRAFICO) VALUES (1114,4,1089,'TABASCA');
INSERT INTO I032T_GEOGRAFICO (CO_GEOGRAFICO,CO_TIPO_GEOGRAFICO,NU_PADRE_GEOGRAFICO,NB_GEOGRAFICO) VALUES (1115,4,1089,'LAS ALHUACAS');
INSERT INTO I032T_GEOGRAFICO (CO_GEOGRAFICO,CO_TIPO_GEOGRAFICO,NU_PADRE_GEOGRAFICO,NB_GEOGRAFICO) VALUES (1116,4,1089,'CHAGUARAMAS');
INSERT INTO I032T_GEOGRAFICO (CO_GEOGRAFICO,CO_TIPO_GEOGRAFICO,NU_PADRE_GEOGRAFICO,NB_GEOGRAFICO) VALUES (1117,4,1090,'EL FURRIAL');
INSERT INTO I032T_GEOGRAFICO (CO_GEOGRAFICO,CO_TIPO_GEOGRAFICO,NU_PADRE_GEOGRAFICO,NB_GEOGRAFICO) VALUES (1118,4,1090,'JUSEPIN');
INSERT INTO I032T_GEOGRAFICO (CO_GEOGRAFICO,CO_TIPO_GEOGRAFICO,NU_PADRE_GEOGRAFICO,NB_GEOGRAFICO) VALUES (1119,4,1090,'EL COROZO');
INSERT INTO I032T_GEOGRAFICO (CO_GEOGRAFICO,CO_TIPO_GEOGRAFICO,NU_PADRE_GEOGRAFICO,NB_GEOGRAFICO) VALUES (1120,4,1090,'SAN VICENTE');
INSERT INTO I032T_GEOGRAFICO (CO_GEOGRAFICO,CO_TIPO_GEOGRAFICO,NU_PADRE_GEOGRAFICO,NB_GEOGRAFICO) VALUES (1121,4,1090,'LA PICA');
INSERT INTO I032T_GEOGRAFICO (CO_GEOGRAFICO,CO_TIPO_GEOGRAFICO,NU_PADRE_GEOGRAFICO,NB_GEOGRAFICO) VALUES (1122,4,1090,'ALTOS DE LOS GODOS');
INSERT INTO I032T_GEOGRAFICO (CO_GEOGRAFICO,CO_TIPO_GEOGRAFICO,NU_PADRE_GEOGRAFICO,NB_GEOGRAFICO) VALUES (1123,4,1090,'BOQUERÓN');
INSERT INTO I032T_GEOGRAFICO (CO_GEOGRAFICO,CO_TIPO_GEOGRAFICO,NU_PADRE_GEOGRAFICO,NB_GEOGRAFICO) VALUES (1124,4,1090,'LAS COCUIZAS');
INSERT INTO I032T_GEOGRAFICO (CO_GEOGRAFICO,CO_TIPO_GEOGRAFICO,NU_PADRE_GEOGRAFICO,NB_GEOGRAFICO) VALUES (1125,4,1090,'SANTA CRUZ');
INSERT INTO I032T_GEOGRAFICO (CO_GEOGRAFICO,CO_TIPO_GEOGRAFICO,NU_PADRE_GEOGRAFICO,NB_GEOGRAFICO) VALUES (1126,4,1090,'SAN SIMÓN');
INSERT INTO I032T_GEOGRAFICO (CO_GEOGRAFICO,CO_TIPO_GEOGRAFICO,NU_PADRE_GEOGRAFICO,NB_GEOGRAFICO) VALUES (1127,4,1091,'CM. ARAGUA');
INSERT INTO I032T_GEOGRAFICO (CO_GEOGRAFICO,CO_TIPO_GEOGRAFICO,NU_PADRE_GEOGRAFICO,NB_GEOGRAFICO) VALUES (1128,4,1091,'CHAGUARAMAL');
INSERT INTO I032T_GEOGRAFICO (CO_GEOGRAFICO,CO_TIPO_GEOGRAFICO,NU_PADRE_GEOGRAFICO,NB_GEOGRAFICO) VALUES (1129,4,1091,'GUANAGUANA');
INSERT INTO I032T_GEOGRAFICO (CO_GEOGRAFICO,CO_TIPO_GEOGRAFICO,NU_PADRE_GEOGRAFICO,NB_GEOGRAFICO) VALUES (1130,4,1091,'APARICIO');
INSERT INTO I032T_GEOGRAFICO (CO_GEOGRAFICO,CO_TIPO_GEOGRAFICO,NU_PADRE_GEOGRAFICO,NB_GEOGRAFICO) VALUES (1131,4,1091,'TAGUAYA');
INSERT INTO I032T_GEOGRAFICO (CO_GEOGRAFICO,CO_TIPO_GEOGRAFICO,NU_PADRE_GEOGRAFICO,NB_GEOGRAFICO) VALUES (1132,4,1091,'EL PINTO');
INSERT INTO I032T_GEOGRAFICO (CO_GEOGRAFICO,CO_TIPO_GEOGRAFICO,NU_PADRE_GEOGRAFICO,NB_GEOGRAFICO) VALUES (1133,4,1091,'LA TOSCANA');
INSERT INTO I032T_GEOGRAFICO (CO_GEOGRAFICO,CO_TIPO_GEOGRAFICO,NU_PADRE_GEOGRAFICO,NB_GEOGRAFICO) VALUES (1134,4,1092,'CM. QUIRIQUIRE');
INSERT INTO I032T_GEOGRAFICO (CO_GEOGRAFICO,CO_TIPO_GEOGRAFICO,NU_PADRE_GEOGRAFICO,NB_GEOGRAFICO) VALUES (1135,4,1092,'CACHIPO');
INSERT INTO I032T_GEOGRAFICO (CO_GEOGRAFICO,CO_TIPO_GEOGRAFICO,NU_PADRE_GEOGRAFICO,NB_GEOGRAFICO) VALUES (1136,4,1093,'CM. BARRANCAS');
INSERT INTO I032T_GEOGRAFICO (CO_GEOGRAFICO,CO_TIPO_GEOGRAFICO,NU_PADRE_GEOGRAFICO,NB_GEOGRAFICO) VALUES (1137,4,1093,'LOS BARRANCOS DE FAJARDO');
INSERT INTO I032T_GEOGRAFICO (CO_GEOGRAFICO,CO_TIPO_GEOGRAFICO,NU_PADRE_GEOGRAFICO,NB_GEOGRAFICO) VALUES (1138,4,1094,'CM. AGUASAY');
INSERT INTO I032T_GEOGRAFICO (CO_GEOGRAFICO,CO_TIPO_GEOGRAFICO,NU_PADRE_GEOGRAFICO,NB_GEOGRAFICO) VALUES (1139,4,1095,'CM. SANTA BARBARA');
INSERT INTO I032T_GEOGRAFICO (CO_GEOGRAFICO,CO_TIPO_GEOGRAFICO,NU_PADRE_GEOGRAFICO,NB_GEOGRAFICO) VALUES (1140,4,1096,'CM. URACOA');
INSERT INTO I032T_GEOGRAFICO (CO_GEOGRAFICO,CO_TIPO_GEOGRAFICO,NU_PADRE_GEOGRAFICO,NB_GEOGRAFICO) VALUES (1141,4,1097,'CM. MATURÍN');
INSERT INTO I032T_GEOGRAFICO (CO_GEOGRAFICO,CO_TIPO_GEOGRAFICO,NU_PADRE_GEOGRAFICO,NB_GEOGRAFICO) VALUES (1142,3,258,'ARISMENDI');
INSERT INTO I032T_GEOGRAFICO (CO_GEOGRAFICO,CO_TIPO_GEOGRAFICO,NU_PADRE_GEOGRAFICO,NB_GEOGRAFICO) VALUES (1143,3,258,'DÍAZ');
INSERT INTO I032T_GEOGRAFICO (CO_GEOGRAFICO,CO_TIPO_GEOGRAFICO,NU_PADRE_GEOGRAFICO,NB_GEOGRAFICO) VALUES (1144,3,258,'GÓMEZ');
INSERT INTO I032T_GEOGRAFICO (CO_GEOGRAFICO,CO_TIPO_GEOGRAFICO,NU_PADRE_GEOGRAFICO,NB_GEOGRAFICO) VALUES (1145,3,258,'MANEIRO');
INSERT INTO I032T_GEOGRAFICO (CO_GEOGRAFICO,CO_TIPO_GEOGRAFICO,NU_PADRE_GEOGRAFICO,NB_GEOGRAFICO) VALUES (1146,3,258,'MARCANO');
INSERT INTO I032T_GEOGRAFICO (CO_GEOGRAFICO,CO_TIPO_GEOGRAFICO,NU_PADRE_GEOGRAFICO,NB_GEOGRAFICO) VALUES (1147,3,258,'MARIÑO');
INSERT INTO I032T_GEOGRAFICO (CO_GEOGRAFICO,CO_TIPO_GEOGRAFICO,NU_PADRE_GEOGRAFICO,NB_GEOGRAFICO) VALUES (1148,3,258,'PENÍNSULA DE MACANAO');
INSERT INTO I032T_GEOGRAFICO (CO_GEOGRAFICO,CO_TIPO_GEOGRAFICO,NU_PADRE_GEOGRAFICO,NB_GEOGRAFICO) VALUES (1149,3,258,'VILLALBA');
INSERT INTO I032T_GEOGRAFICO (CO_GEOGRAFICO,CO_TIPO_GEOGRAFICO,NU_PADRE_GEOGRAFICO,NB_GEOGRAFICO) VALUES (1150,3,258,'TUBORES');
INSERT INTO I032T_GEOGRAFICO (CO_GEOGRAFICO,CO_TIPO_GEOGRAFICO,NU_PADRE_GEOGRAFICO,NB_GEOGRAFICO) VALUES (1151,3,258,'ANTOLÍN DEL CAMPO');
INSERT INTO I032T_GEOGRAFICO (CO_GEOGRAFICO,CO_TIPO_GEOGRAFICO,NU_PADRE_GEOGRAFICO,NB_GEOGRAFICO) VALUES (1152,3,258,'GARCÍA');
INSERT INTO I032T_GEOGRAFICO (CO_GEOGRAFICO,CO_TIPO_GEOGRAFICO,NU_PADRE_GEOGRAFICO,NB_GEOGRAFICO) VALUES (1153,4,1142,'CM. LA ASUNCION');
INSERT INTO I032T_GEOGRAFICO (CO_GEOGRAFICO,CO_TIPO_GEOGRAFICO,NU_PADRE_GEOGRAFICO,NB_GEOGRAFICO) VALUES (1154,4,1143,'CM. SAN JUAN BAUTISTA');
INSERT INTO I032T_GEOGRAFICO (CO_GEOGRAFICO,CO_TIPO_GEOGRAFICO,NU_PADRE_GEOGRAFICO,NB_GEOGRAFICO) VALUES (1155,4,1143,'ZABALA');
INSERT INTO I032T_GEOGRAFICO (CO_GEOGRAFICO,CO_TIPO_GEOGRAFICO,NU_PADRE_GEOGRAFICO,NB_GEOGRAFICO) VALUES (1156,4,1144,'CM. SANTA ANA');
INSERT INTO I032T_GEOGRAFICO (CO_GEOGRAFICO,CO_TIPO_GEOGRAFICO,NU_PADRE_GEOGRAFICO,NB_GEOGRAFICO) VALUES (1157,4,1144,'GUEVARA');
INSERT INTO I032T_GEOGRAFICO (CO_GEOGRAFICO,CO_TIPO_GEOGRAFICO,NU_PADRE_GEOGRAFICO,NB_GEOGRAFICO) VALUES (1158,4,1144,'MATASIETE');
INSERT INTO I032T_GEOGRAFICO (CO_GEOGRAFICO,CO_TIPO_GEOGRAFICO,NU_PADRE_GEOGRAFICO,NB_GEOGRAFICO) VALUES (1159,4,1144,'BOLÍVAR');
INSERT INTO I032T_GEOGRAFICO (CO_GEOGRAFICO,CO_TIPO_GEOGRAFICO,NU_PADRE_GEOGRAFICO,NB_GEOGRAFICO) VALUES (1160,4,1144,'SUCRE');
INSERT INTO I032T_GEOGRAFICO (CO_GEOGRAFICO,CO_TIPO_GEOGRAFICO,NU_PADRE_GEOGRAFICO,NB_GEOGRAFICO) VALUES (1161,4,1145,'CM. PAMPATAR');
INSERT INTO I032T_GEOGRAFICO (CO_GEOGRAFICO,CO_TIPO_GEOGRAFICO,NU_PADRE_GEOGRAFICO,NB_GEOGRAFICO) VALUES (1162,4,1145,'AGUIRRE');
INSERT INTO I032T_GEOGRAFICO (CO_GEOGRAFICO,CO_TIPO_GEOGRAFICO,NU_PADRE_GEOGRAFICO,NB_GEOGRAFICO) VALUES (1163,4,1146,'CM. JUAN GRIEGO');
INSERT INTO I032T_GEOGRAFICO (CO_GEOGRAFICO,CO_TIPO_GEOGRAFICO,NU_PADRE_GEOGRAFICO,NB_GEOGRAFICO) VALUES (1164,4,1146,'ADRIÁN');
INSERT INTO I032T_GEOGRAFICO (CO_GEOGRAFICO,CO_TIPO_GEOGRAFICO,NU_PADRE_GEOGRAFICO,NB_GEOGRAFICO) VALUES (1165,4,1147,'CM. PORLAMAR');
INSERT INTO I032T_GEOGRAFICO (CO_GEOGRAFICO,CO_TIPO_GEOGRAFICO,NU_PADRE_GEOGRAFICO,NB_GEOGRAFICO) VALUES (1166,4,1148,'CM. BOCA DEL RÍO');
INSERT INTO I032T_GEOGRAFICO (CO_GEOGRAFICO,CO_TIPO_GEOGRAFICO,NU_PADRE_GEOGRAFICO,NB_GEOGRAFICO) VALUES (1167,4,1148,'SAN FRANCISCO');
INSERT INTO I032T_GEOGRAFICO (CO_GEOGRAFICO,CO_TIPO_GEOGRAFICO,NU_PADRE_GEOGRAFICO,NB_GEOGRAFICO) VALUES (1168,4,1149,'CM. SAN PEDRO DE COCHE');
INSERT INTO I032T_GEOGRAFICO (CO_GEOGRAFICO,CO_TIPO_GEOGRAFICO,NU_PADRE_GEOGRAFICO,NB_GEOGRAFICO) VALUES (1169,4,1149,'VICENTE FUENTES');
INSERT INTO I032T_GEOGRAFICO (CO_GEOGRAFICO,CO_TIPO_GEOGRAFICO,NU_PADRE_GEOGRAFICO,NB_GEOGRAFICO) VALUES (1170,4,1150,'CM. PUNTA DE PIEDRAS');
INSERT INTO I032T_GEOGRAFICO (CO_GEOGRAFICO,CO_TIPO_GEOGRAFICO,NU_PADRE_GEOGRAFICO,NB_GEOGRAFICO) VALUES (1171,4,1150,'LOS BARALES');
INSERT INTO I032T_GEOGRAFICO (CO_GEOGRAFICO,CO_TIPO_GEOGRAFICO,NU_PADRE_GEOGRAFICO,NB_GEOGRAFICO) VALUES (1172,4,1151,'CM. LA PLAZA DE PARAGUACHÍ');
INSERT INTO I032T_GEOGRAFICO (CO_GEOGRAFICO,CO_TIPO_GEOGRAFICO,NU_PADRE_GEOGRAFICO,NB_GEOGRAFICO) VALUES (1173,4,1152,'CM. VALLE DEL ESPÍRITU SANTO');
INSERT INTO I032T_GEOGRAFICO (CO_GEOGRAFICO,CO_TIPO_GEOGRAFICO,NU_PADRE_GEOGRAFICO,NB_GEOGRAFICO) VALUES (1174,4,1152,'FRANCISCO FAJARDO');
INSERT INTO I032T_GEOGRAFICO (CO_GEOGRAFICO,CO_TIPO_GEOGRAFICO,NU_PADRE_GEOGRAFICO,NB_GEOGRAFICO) VALUES (1175,3,259,'ARAURE');
INSERT INTO I032T_GEOGRAFICO (CO_GEOGRAFICO,CO_TIPO_GEOGRAFICO,NU_PADRE_GEOGRAFICO,NB_GEOGRAFICO) VALUES (1176,3,259,'ESTELLER');
INSERT INTO I032T_GEOGRAFICO (CO_GEOGRAFICO,CO_TIPO_GEOGRAFICO,NU_PADRE_GEOGRAFICO,NB_GEOGRAFICO) VALUES (1177,3,259,'GUANARE');
INSERT INTO I032T_GEOGRAFICO (CO_GEOGRAFICO,CO_TIPO_GEOGRAFICO,NU_PADRE_GEOGRAFICO,NB_GEOGRAFICO) VALUES (1178,3,259,'GUANARITO');
INSERT INTO I032T_GEOGRAFICO (CO_GEOGRAFICO,CO_TIPO_GEOGRAFICO,NU_PADRE_GEOGRAFICO,NB_GEOGRAFICO) VALUES (1179,3,259,'OSPINO');
INSERT INTO I032T_GEOGRAFICO (CO_GEOGRAFICO,CO_TIPO_GEOGRAFICO,NU_PADRE_GEOGRAFICO,NB_GEOGRAFICO) VALUES (1180,3,259,'PÁEZ');
INSERT INTO I032T_GEOGRAFICO (CO_GEOGRAFICO,CO_TIPO_GEOGRAFICO,NU_PADRE_GEOGRAFICO,NB_GEOGRAFICO) VALUES (1181,3,259,'SUCRE');
INSERT INTO I032T_GEOGRAFICO (CO_GEOGRAFICO,CO_TIPO_GEOGRAFICO,NU_PADRE_GEOGRAFICO,NB_GEOGRAFICO) VALUES (1182,3,259,'TURÉN');
INSERT INTO I032T_GEOGRAFICO (CO_GEOGRAFICO,CO_TIPO_GEOGRAFICO,NU_PADRE_GEOGRAFICO,NB_GEOGRAFICO) VALUES (1183,3,259,'MONSEÑOR JOSÉ VICENTE DE UNDA');
INSERT INTO I032T_GEOGRAFICO (CO_GEOGRAFICO,CO_TIPO_GEOGRAFICO,NU_PADRE_GEOGRAFICO,NB_GEOGRAFICO) VALUES (1184,3,259,'AGUA BLANCA');
INSERT INTO I032T_GEOGRAFICO (CO_GEOGRAFICO,CO_TIPO_GEOGRAFICO,NU_PADRE_GEOGRAFICO,NB_GEOGRAFICO) VALUES (1185,3,259,'PAPELÓN');
INSERT INTO I032T_GEOGRAFICO (CO_GEOGRAFICO,CO_TIPO_GEOGRAFICO,NU_PADRE_GEOGRAFICO,NB_GEOGRAFICO) VALUES (1186,3,259,'SAN GENARO DE BOCONOITO');
INSERT INTO I032T_GEOGRAFICO (CO_GEOGRAFICO,CO_TIPO_GEOGRAFICO,NU_PADRE_GEOGRAFICO,NB_GEOGRAFICO) VALUES (1187,3,259,'SAN RAFAEL DE ONOTO');
INSERT INTO I032T_GEOGRAFICO (CO_GEOGRAFICO,CO_TIPO_GEOGRAFICO,NU_PADRE_GEOGRAFICO,NB_GEOGRAFICO) VALUES (1188,3,259,'SANTA ROSALÍA');
INSERT INTO I032T_GEOGRAFICO (CO_GEOGRAFICO,CO_TIPO_GEOGRAFICO,NU_PADRE_GEOGRAFICO,NB_GEOGRAFICO) VALUES (1189,4,1175,'CM. ARAURE');
INSERT INTO I032T_GEOGRAFICO (CO_GEOGRAFICO,CO_TIPO_GEOGRAFICO,NU_PADRE_GEOGRAFICO,NB_GEOGRAFICO) VALUES (1190,4,1175,'RÍO ACARIGUA');
INSERT INTO I032T_GEOGRAFICO (CO_GEOGRAFICO,CO_TIPO_GEOGRAFICO,NU_PADRE_GEOGRAFICO,NB_GEOGRAFICO) VALUES (1191,4,1176,'CM. PÍRITU');
INSERT INTO I032T_GEOGRAFICO (CO_GEOGRAFICO,CO_TIPO_GEOGRAFICO,NU_PADRE_GEOGRAFICO,NB_GEOGRAFICO) VALUES (1192,4,1176,'UVERAL');
INSERT INTO I032T_GEOGRAFICO (CO_GEOGRAFICO,CO_TIPO_GEOGRAFICO,NU_PADRE_GEOGRAFICO,NB_GEOGRAFICO) VALUES (1193,4,1177,'CM. GUANARE');
INSERT INTO I032T_GEOGRAFICO (CO_GEOGRAFICO,CO_TIPO_GEOGRAFICO,NU_PADRE_GEOGRAFICO,NB_GEOGRAFICO) VALUES (1194,4,1177,'CÓRDOBA');
INSERT INTO I032T_GEOGRAFICO (CO_GEOGRAFICO,CO_TIPO_GEOGRAFICO,NU_PADRE_GEOGRAFICO,NB_GEOGRAFICO) VALUES (1195,4,1177,'SAN JUAN DE GUANAGUANARE');
INSERT INTO I032T_GEOGRAFICO (CO_GEOGRAFICO,CO_TIPO_GEOGRAFICO,NU_PADRE_GEOGRAFICO,NB_GEOGRAFICO) VALUES (1196,4,1177,'VIRGEN DE LA COROMOTO');
INSERT INTO I032T_GEOGRAFICO (CO_GEOGRAFICO,CO_TIPO_GEOGRAFICO,NU_PADRE_GEOGRAFICO,NB_GEOGRAFICO) VALUES (1197,4,1177,'SAN JOSÉ DE LA MONTAÑA');
INSERT INTO I032T_GEOGRAFICO (CO_GEOGRAFICO,CO_TIPO_GEOGRAFICO,NU_PADRE_GEOGRAFICO,NB_GEOGRAFICO) VALUES (1198,4,1178,'CM. GUANARITO');
INSERT INTO I032T_GEOGRAFICO (CO_GEOGRAFICO,CO_TIPO_GEOGRAFICO,NU_PADRE_GEOGRAFICO,NB_GEOGRAFICO) VALUES (1199,4,1178,'TRINIDAD DE LA CAPILLA');
INSERT INTO I032T_GEOGRAFICO (CO_GEOGRAFICO,CO_TIPO_GEOGRAFICO,NU_PADRE_GEOGRAFICO,NB_GEOGRAFICO) VALUES (1200,4,1178,'DIVINA PASTORA');
INSERT INTO I032T_GEOGRAFICO (CO_GEOGRAFICO,CO_TIPO_GEOGRAFICO,NU_PADRE_GEOGRAFICO,NB_GEOGRAFICO) VALUES (1201,4,1179,'CM. OSPINO');
INSERT INTO I032T_GEOGRAFICO (CO_GEOGRAFICO,CO_TIPO_GEOGRAFICO,NU_PADRE_GEOGRAFICO,NB_GEOGRAFICO) VALUES (1202,4,1179,'LA APARICIÓN');
INSERT INTO I032T_GEOGRAFICO (CO_GEOGRAFICO,CO_TIPO_GEOGRAFICO,NU_PADRE_GEOGRAFICO,NB_GEOGRAFICO) VALUES (1203,4,1179,'LA ESTACIÓN');
INSERT INTO I032T_GEOGRAFICO (CO_GEOGRAFICO,CO_TIPO_GEOGRAFICO,NU_PADRE_GEOGRAFICO,NB_GEOGRAFICO) VALUES (1204,4,1180,'CM. ACARIGUA');
INSERT INTO I032T_GEOGRAFICO (CO_GEOGRAFICO,CO_TIPO_GEOGRAFICO,NU_PADRE_GEOGRAFICO,NB_GEOGRAFICO) VALUES (1205,4,1180,'PAYARA');
INSERT INTO I032T_GEOGRAFICO (CO_GEOGRAFICO,CO_TIPO_GEOGRAFICO,NU_PADRE_GEOGRAFICO,NB_GEOGRAFICO) VALUES (1206,4,1180,'PIMPINELA');
INSERT INTO I032T_GEOGRAFICO (CO_GEOGRAFICO,CO_TIPO_GEOGRAFICO,NU_PADRE_GEOGRAFICO,NB_GEOGRAFICO) VALUES (1207,4,1180,'RAMÓN PERAZA');
INSERT INTO I032T_GEOGRAFICO (CO_GEOGRAFICO,CO_TIPO_GEOGRAFICO,NU_PADRE_GEOGRAFICO,NB_GEOGRAFICO) VALUES (1208,4,1181,'CM. BISCUCUY');
INSERT INTO I032T_GEOGRAFICO (CO_GEOGRAFICO,CO_TIPO_GEOGRAFICO,NU_PADRE_GEOGRAFICO,NB_GEOGRAFICO) VALUES (1209,4,1181,'CONCEPCIÓN');
INSERT INTO I032T_GEOGRAFICO (CO_GEOGRAFICO,CO_TIPO_GEOGRAFICO,NU_PADRE_GEOGRAFICO,NB_GEOGRAFICO) VALUES (1210,4,1181,'SAN RAFAEL PALO ALZADO');
INSERT INTO I032T_GEOGRAFICO (CO_GEOGRAFICO,CO_TIPO_GEOGRAFICO,NU_PADRE_GEOGRAFICO,NB_GEOGRAFICO) VALUES (1211,4,1181,'UVENCIO ANTONIO VELÁSQUEZ');
INSERT INTO I032T_GEOGRAFICO (CO_GEOGRAFICO,CO_TIPO_GEOGRAFICO,NU_PADRE_GEOGRAFICO,NB_GEOGRAFICO) VALUES (1212,4,1181,'SAN JOSÉ DE SAGUAZ');
INSERT INTO I032T_GEOGRAFICO (CO_GEOGRAFICO,CO_TIPO_GEOGRAFICO,NU_PADRE_GEOGRAFICO,NB_GEOGRAFICO) VALUES (1213,4,1181,'VILLA ROSA');
INSERT INTO I032T_GEOGRAFICO (CO_GEOGRAFICO,CO_TIPO_GEOGRAFICO,NU_PADRE_GEOGRAFICO,NB_GEOGRAFICO) VALUES (1214,4,1182,'CM. VILLA BRUZUAL');
INSERT INTO I032T_GEOGRAFICO (CO_GEOGRAFICO,CO_TIPO_GEOGRAFICO,NU_PADRE_GEOGRAFICO,NB_GEOGRAFICO) VALUES (1215,4,1182,'CANELONES');
INSERT INTO I032T_GEOGRAFICO (CO_GEOGRAFICO,CO_TIPO_GEOGRAFICO,NU_PADRE_GEOGRAFICO,NB_GEOGRAFICO) VALUES (1216,4,1182,'SANTA CRUZ');
INSERT INTO I032T_GEOGRAFICO (CO_GEOGRAFICO,CO_TIPO_GEOGRAFICO,NU_PADRE_GEOGRAFICO,NB_GEOGRAFICO) VALUES (1217,4,1182,'SAN ISIDRO LABRADOR');
INSERT INTO I032T_GEOGRAFICO (CO_GEOGRAFICO,CO_TIPO_GEOGRAFICO,NU_PADRE_GEOGRAFICO,NB_GEOGRAFICO) VALUES (1218,4,1183,'CM. CHABASQUÉN');
INSERT INTO I032T_GEOGRAFICO (CO_GEOGRAFICO,CO_TIPO_GEOGRAFICO,NU_PADRE_GEOGRAFICO,NB_GEOGRAFICO) VALUES (1219,4,1183,'PEÑA BLANCA');
INSERT INTO I032T_GEOGRAFICO (CO_GEOGRAFICO,CO_TIPO_GEOGRAFICO,NU_PADRE_GEOGRAFICO,NB_GEOGRAFICO) VALUES (1220,4,1184,'CM. AGUA BLANCA');
INSERT INTO I032T_GEOGRAFICO (CO_GEOGRAFICO,CO_TIPO_GEOGRAFICO,NU_PADRE_GEOGRAFICO,NB_GEOGRAFICO) VALUES (1221,4,1185,'CM. PAPELÓN');
INSERT INTO I032T_GEOGRAFICO (CO_GEOGRAFICO,CO_TIPO_GEOGRAFICO,NU_PADRE_GEOGRAFICO,NB_GEOGRAFICO) VALUES (1222,4,1185,'CAÑO DELGADITO');
INSERT INTO I032T_GEOGRAFICO (CO_GEOGRAFICO,CO_TIPO_GEOGRAFICO,NU_PADRE_GEOGRAFICO,NB_GEOGRAFICO) VALUES (1223,4,1186,'CM. BOCONOITO');
INSERT INTO I032T_GEOGRAFICO (CO_GEOGRAFICO,CO_TIPO_GEOGRAFICO,NU_PADRE_GEOGRAFICO,NB_GEOGRAFICO) VALUES (1224,4,1186,'ANTOLÍN TOVAR AQUINO');
INSERT INTO I032T_GEOGRAFICO (CO_GEOGRAFICO,CO_TIPO_GEOGRAFICO,NU_PADRE_GEOGRAFICO,NB_GEOGRAFICO) VALUES (1225,4,1187,'CM. SAN RAFAEL DE ONOTO');
INSERT INTO I032T_GEOGRAFICO (CO_GEOGRAFICO,CO_TIPO_GEOGRAFICO,NU_PADRE_GEOGRAFICO,NB_GEOGRAFICO) VALUES (1226,4,1187,'SANTA FE');
INSERT INTO I032T_GEOGRAFICO (CO_GEOGRAFICO,CO_TIPO_GEOGRAFICO,NU_PADRE_GEOGRAFICO,NB_GEOGRAFICO) VALUES (1227,4,1187,'THERMO MORALES');
INSERT INTO I032T_GEOGRAFICO (CO_GEOGRAFICO,CO_TIPO_GEOGRAFICO,NU_PADRE_GEOGRAFICO,NB_GEOGRAFICO) VALUES (1228,4,1188,'CM. EL PLAYÓN');
INSERT INTO I032T_GEOGRAFICO (CO_GEOGRAFICO,CO_TIPO_GEOGRAFICO,NU_PADRE_GEOGRAFICO,NB_GEOGRAFICO) VALUES (1229,4,1188,'FLORIDA');
INSERT INTO I032T_GEOGRAFICO (CO_GEOGRAFICO,CO_TIPO_GEOGRAFICO,NU_PADRE_GEOGRAFICO,NB_GEOGRAFICO) VALUES (1230,3,260,'ARISMENDI');
INSERT INTO I032T_GEOGRAFICO (CO_GEOGRAFICO,CO_TIPO_GEOGRAFICO,NU_PADRE_GEOGRAFICO,NB_GEOGRAFICO) VALUES (1231,3,260,'BENÍTEZ');
INSERT INTO I032T_GEOGRAFICO (CO_GEOGRAFICO,CO_TIPO_GEOGRAFICO,NU_PADRE_GEOGRAFICO,NB_GEOGRAFICO) VALUES (1232,3,260,'BERMÚDEZ');
INSERT INTO I032T_GEOGRAFICO (CO_GEOGRAFICO,CO_TIPO_GEOGRAFICO,NU_PADRE_GEOGRAFICO,NB_GEOGRAFICO) VALUES (1233,3,260,'CAJIGAL');
INSERT INTO I032T_GEOGRAFICO (CO_GEOGRAFICO,CO_TIPO_GEOGRAFICO,NU_PADRE_GEOGRAFICO,NB_GEOGRAFICO) VALUES (1234,3,260,'MARIÑO');
INSERT INTO I032T_GEOGRAFICO (CO_GEOGRAFICO,CO_TIPO_GEOGRAFICO,NU_PADRE_GEOGRAFICO,NB_GEOGRAFICO) VALUES (1235,3,260,'MEJÍA');
INSERT INTO I032T_GEOGRAFICO (CO_GEOGRAFICO,CO_TIPO_GEOGRAFICO,NU_PADRE_GEOGRAFICO,NB_GEOGRAFICO) VALUES (1236,3,260,'MONTES');
INSERT INTO I032T_GEOGRAFICO (CO_GEOGRAFICO,CO_TIPO_GEOGRAFICO,NU_PADRE_GEOGRAFICO,NB_GEOGRAFICO) VALUES (1237,3,260,'RIBERO');
INSERT INTO I032T_GEOGRAFICO (CO_GEOGRAFICO,CO_TIPO_GEOGRAFICO,NU_PADRE_GEOGRAFICO,NB_GEOGRAFICO) VALUES (1238,3,260,'SUCRE');
INSERT INTO I032T_GEOGRAFICO (CO_GEOGRAFICO,CO_TIPO_GEOGRAFICO,NU_PADRE_GEOGRAFICO,NB_GEOGRAFICO) VALUES (1239,3,260,'VALDEZ');
INSERT INTO I032T_GEOGRAFICO (CO_GEOGRAFICO,CO_TIPO_GEOGRAFICO,NU_PADRE_GEOGRAFICO,NB_GEOGRAFICO) VALUES (1240,3,260,'ANDRÉS ELOY BLANCO');
INSERT INTO I032T_GEOGRAFICO (CO_GEOGRAFICO,CO_TIPO_GEOGRAFICO,NU_PADRE_GEOGRAFICO,NB_GEOGRAFICO) VALUES (1241,3,260,'LIBERTADOR');
INSERT INTO I032T_GEOGRAFICO (CO_GEOGRAFICO,CO_TIPO_GEOGRAFICO,NU_PADRE_GEOGRAFICO,NB_GEOGRAFICO) VALUES (1242,3,260,'ANDRÉS MATA');
INSERT INTO I032T_GEOGRAFICO (CO_GEOGRAFICO,CO_TIPO_GEOGRAFICO,NU_PADRE_GEOGRAFICO,NB_GEOGRAFICO) VALUES (1243,3,260,'BOLÍVAR');
INSERT INTO I032T_GEOGRAFICO (CO_GEOGRAFICO,CO_TIPO_GEOGRAFICO,NU_PADRE_GEOGRAFICO,NB_GEOGRAFICO) VALUES (1244,3,260,'CRUZ SALMERÓN ACOSTA');
INSERT INTO I032T_GEOGRAFICO (CO_GEOGRAFICO,CO_TIPO_GEOGRAFICO,NU_PADRE_GEOGRAFICO,NB_GEOGRAFICO) VALUES (1245,4,1230,'RIO CARIBE');
INSERT INTO I032T_GEOGRAFICO (CO_GEOGRAFICO,CO_TIPO_GEOGRAFICO,NU_PADRE_GEOGRAFICO,NB_GEOGRAFICO) VALUES (1246,4,1230,'SAN JUAN DE LAS GALDONAS');
INSERT INTO I032T_GEOGRAFICO (CO_GEOGRAFICO,CO_TIPO_GEOGRAFICO,NU_PADRE_GEOGRAFICO,NB_GEOGRAFICO) VALUES (1247,4,1230,'PUERTO SANTO');
INSERT INTO I032T_GEOGRAFICO (CO_GEOGRAFICO,CO_TIPO_GEOGRAFICO,NU_PADRE_GEOGRAFICO,NB_GEOGRAFICO) VALUES (1248,4,1230,'EL MORRO DE PTO SANTO');
INSERT INTO I032T_GEOGRAFICO (CO_GEOGRAFICO,CO_TIPO_GEOGRAFICO,NU_PADRE_GEOGRAFICO,NB_GEOGRAFICO) VALUES (1249,4,1230,'ANTONIO JOSÉ DE SUCRE');
INSERT INTO I032T_GEOGRAFICO (CO_GEOGRAFICO,CO_TIPO_GEOGRAFICO,NU_PADRE_GEOGRAFICO,NB_GEOGRAFICO) VALUES (1250,4,1231,'EL PILAR');
INSERT INTO I032T_GEOGRAFICO (CO_GEOGRAFICO,CO_TIPO_GEOGRAFICO,NU_PADRE_GEOGRAFICO,NB_GEOGRAFICO) VALUES (1251,4,1231,'EL RINCÓN');
INSERT INTO I032T_GEOGRAFICO (CO_GEOGRAFICO,CO_TIPO_GEOGRAFICO,NU_PADRE_GEOGRAFICO,NB_GEOGRAFICO) VALUES (1252,4,1231,'GUARAUNOS');
INSERT INTO I032T_GEOGRAFICO (CO_GEOGRAFICO,CO_TIPO_GEOGRAFICO,NU_PADRE_GEOGRAFICO,NB_GEOGRAFICO) VALUES (1253,4,1231,'TUNAPUICITO');
INSERT INTO I032T_GEOGRAFICO (CO_GEOGRAFICO,CO_TIPO_GEOGRAFICO,NU_PADRE_GEOGRAFICO,NB_GEOGRAFICO) VALUES (1254,4,1231,'UNIÓN');
INSERT INTO I032T_GEOGRAFICO (CO_GEOGRAFICO,CO_TIPO_GEOGRAFICO,NU_PADRE_GEOGRAFICO,NB_GEOGRAFICO) VALUES (1255,4,1231,'GENERAL FRANCISCO ANTONIO  VÁSQUEZ');
INSERT INTO I032T_GEOGRAFICO (CO_GEOGRAFICO,CO_TIPO_GEOGRAFICO,NU_PADRE_GEOGRAFICO,NB_GEOGRAFICO) VALUES (1256,4,1232,'SANTA CATALINA');
INSERT INTO I032T_GEOGRAFICO (CO_GEOGRAFICO,CO_TIPO_GEOGRAFICO,NU_PADRE_GEOGRAFICO,NB_GEOGRAFICO) VALUES (1257,4,1232,'SANTA ROSA');
INSERT INTO I032T_GEOGRAFICO (CO_GEOGRAFICO,CO_TIPO_GEOGRAFICO,NU_PADRE_GEOGRAFICO,NB_GEOGRAFICO) VALUES (1258,4,1232,'SANTA TERESA');
INSERT INTO I032T_GEOGRAFICO (CO_GEOGRAFICO,CO_TIPO_GEOGRAFICO,NU_PADRE_GEOGRAFICO,NB_GEOGRAFICO) VALUES (1259,4,1232,'BOLÍVAR');
INSERT INTO I032T_GEOGRAFICO (CO_GEOGRAFICO,CO_TIPO_GEOGRAFICO,NU_PADRE_GEOGRAFICO,NB_GEOGRAFICO) VALUES (1260,4,1232,'MACARAPANA');
INSERT INTO I032T_GEOGRAFICO (CO_GEOGRAFICO,CO_TIPO_GEOGRAFICO,NU_PADRE_GEOGRAFICO,NB_GEOGRAFICO) VALUES (1261,4,1233,'YAGUARAPARO');
INSERT INTO I032T_GEOGRAFICO (CO_GEOGRAFICO,CO_TIPO_GEOGRAFICO,NU_PADRE_GEOGRAFICO,NB_GEOGRAFICO) VALUES (1262,4,1233,'LIBERTAD');
INSERT INTO I032T_GEOGRAFICO (CO_GEOGRAFICO,CO_TIPO_GEOGRAFICO,NU_PADRE_GEOGRAFICO,NB_GEOGRAFICO) VALUES (1263,4,1233,'PAUJIL');
INSERT INTO I032T_GEOGRAFICO (CO_GEOGRAFICO,CO_TIPO_GEOGRAFICO,NU_PADRE_GEOGRAFICO,NB_GEOGRAFICO) VALUES (1264,4,1234,'IRAPA');
INSERT INTO I032T_GEOGRAFICO (CO_GEOGRAFICO,CO_TIPO_GEOGRAFICO,NU_PADRE_GEOGRAFICO,NB_GEOGRAFICO) VALUES (1265,4,1234,'CAMPO CLARO');
INSERT INTO I032T_GEOGRAFICO (CO_GEOGRAFICO,CO_TIPO_GEOGRAFICO,NU_PADRE_GEOGRAFICO,NB_GEOGRAFICO) VALUES (1266,4,1234,'SORO');
INSERT INTO I032T_GEOGRAFICO (CO_GEOGRAFICO,CO_TIPO_GEOGRAFICO,NU_PADRE_GEOGRAFICO,NB_GEOGRAFICO) VALUES (1267,4,1234,'SAN ANTONIO DE IRAPA');
INSERT INTO I032T_GEOGRAFICO (CO_GEOGRAFICO,CO_TIPO_GEOGRAFICO,NU_PADRE_GEOGRAFICO,NB_GEOGRAFICO) VALUES (1268,4,1234,'MARABAL');
INSERT INTO I032T_GEOGRAFICO (CO_GEOGRAFICO,CO_TIPO_GEOGRAFICO,NU_PADRE_GEOGRAFICO,NB_GEOGRAFICO) VALUES (1269,4,1235,'CM. SAN ANT DEL GOLFO');
INSERT INTO I032T_GEOGRAFICO (CO_GEOGRAFICO,CO_TIPO_GEOGRAFICO,NU_PADRE_GEOGRAFICO,NB_GEOGRAFICO) VALUES (1270,4,1236,'CUMANACOA');
INSERT INTO I032T_GEOGRAFICO (CO_GEOGRAFICO,CO_TIPO_GEOGRAFICO,NU_PADRE_GEOGRAFICO,NB_GEOGRAFICO) VALUES (1271,4,1236,'ARENAS');
INSERT INTO I032T_GEOGRAFICO (CO_GEOGRAFICO,CO_TIPO_GEOGRAFICO,NU_PADRE_GEOGRAFICO,NB_GEOGRAFICO) VALUES (1272,4,1236,'ARICAGUA');
INSERT INTO I032T_GEOGRAFICO (CO_GEOGRAFICO,CO_TIPO_GEOGRAFICO,NU_PADRE_GEOGRAFICO,NB_GEOGRAFICO) VALUES (1273,4,1236,'COCOLLAR');
INSERT INTO I032T_GEOGRAFICO (CO_GEOGRAFICO,CO_TIPO_GEOGRAFICO,NU_PADRE_GEOGRAFICO,NB_GEOGRAFICO) VALUES (1274,4,1236,'SAN FERNANDO');
INSERT INTO I032T_GEOGRAFICO (CO_GEOGRAFICO,CO_TIPO_GEOGRAFICO,NU_PADRE_GEOGRAFICO,NB_GEOGRAFICO) VALUES (1275,4,1236,'SAN LORENZO');
INSERT INTO I032T_GEOGRAFICO (CO_GEOGRAFICO,CO_TIPO_GEOGRAFICO,NU_PADRE_GEOGRAFICO,NB_GEOGRAFICO) VALUES (1276,4,1237,'CARIACO');
INSERT INTO I032T_GEOGRAFICO (CO_GEOGRAFICO,CO_TIPO_GEOGRAFICO,NU_PADRE_GEOGRAFICO,NB_GEOGRAFICO) VALUES (1277,4,1237,'CATUARO');
INSERT INTO I032T_GEOGRAFICO (CO_GEOGRAFICO,CO_TIPO_GEOGRAFICO,NU_PADRE_GEOGRAFICO,NB_GEOGRAFICO) VALUES (1278,4,1237,'RENDÓN');
INSERT INTO I032T_GEOGRAFICO (CO_GEOGRAFICO,CO_TIPO_GEOGRAFICO,NU_PADRE_GEOGRAFICO,NB_GEOGRAFICO) VALUES (1279,4,1237,'SANTA CRUZ');
INSERT INTO I032T_GEOGRAFICO (CO_GEOGRAFICO,CO_TIPO_GEOGRAFICO,NU_PADRE_GEOGRAFICO,NB_GEOGRAFICO) VALUES (1280,4,1237,'SANTA MARÍA');
INSERT INTO I032T_GEOGRAFICO (CO_GEOGRAFICO,CO_TIPO_GEOGRAFICO,NU_PADRE_GEOGRAFICO,NB_GEOGRAFICO) VALUES (1281,4,1238,'ALTAGRACIA');
INSERT INTO I032T_GEOGRAFICO (CO_GEOGRAFICO,CO_TIPO_GEOGRAFICO,NU_PADRE_GEOGRAFICO,NB_GEOGRAFICO) VALUES (1282,4,1238,'AYACUCHO');
INSERT INTO I032T_GEOGRAFICO (CO_GEOGRAFICO,CO_TIPO_GEOGRAFICO,NU_PADRE_GEOGRAFICO,NB_GEOGRAFICO) VALUES (1283,4,1238,'SANTA INÉS');
INSERT INTO I032T_GEOGRAFICO (CO_GEOGRAFICO,CO_TIPO_GEOGRAFICO,NU_PADRE_GEOGRAFICO,NB_GEOGRAFICO) VALUES (1284,4,1238,'VALENTIN VALIENTE');
INSERT INTO I032T_GEOGRAFICO (CO_GEOGRAFICO,CO_TIPO_GEOGRAFICO,NU_PADRE_GEOGRAFICO,NB_GEOGRAFICO) VALUES (1285,4,1238,'SAN JUAN');
INSERT INTO I032T_GEOGRAFICO (CO_GEOGRAFICO,CO_TIPO_GEOGRAFICO,NU_PADRE_GEOGRAFICO,NB_GEOGRAFICO) VALUES (1286,4,1238,'GRAN MARISCAL');
INSERT INTO I032T_GEOGRAFICO (CO_GEOGRAFICO,CO_TIPO_GEOGRAFICO,NU_PADRE_GEOGRAFICO,NB_GEOGRAFICO) VALUES (1287,4,1238,'RAÚL LEONI');
INSERT INTO I032T_GEOGRAFICO (CO_GEOGRAFICO,CO_TIPO_GEOGRAFICO,NU_PADRE_GEOGRAFICO,NB_GEOGRAFICO) VALUES (1288,4,1239,'GÜIRIA');
INSERT INTO I032T_GEOGRAFICO (CO_GEOGRAFICO,CO_TIPO_GEOGRAFICO,NU_PADRE_GEOGRAFICO,NB_GEOGRAFICO) VALUES (1289,4,1239,'CRISTÓBAL COLÓN');
INSERT INTO I032T_GEOGRAFICO (CO_GEOGRAFICO,CO_TIPO_GEOGRAFICO,NU_PADRE_GEOGRAFICO,NB_GEOGRAFICO) VALUES (1290,4,1239,'PUNTA DE PIEDRAS');
INSERT INTO I032T_GEOGRAFICO (CO_GEOGRAFICO,CO_TIPO_GEOGRAFICO,NU_PADRE_GEOGRAFICO,NB_GEOGRAFICO) VALUES (1291,4,1239,'BIDEAU');
INSERT INTO I032T_GEOGRAFICO (CO_GEOGRAFICO,CO_TIPO_GEOGRAFICO,NU_PADRE_GEOGRAFICO,NB_GEOGRAFICO) VALUES (1292,4,1240,'MARIÑO');
INSERT INTO I032T_GEOGRAFICO (CO_GEOGRAFICO,CO_TIPO_GEOGRAFICO,NU_PADRE_GEOGRAFICO,NB_GEOGRAFICO) VALUES (1293,4,1240,'RÓMULO GALLEGOS');
INSERT INTO I032T_GEOGRAFICO (CO_GEOGRAFICO,CO_TIPO_GEOGRAFICO,NU_PADRE_GEOGRAFICO,NB_GEOGRAFICO) VALUES (1294,4,1241,'TUNAPUY');
INSERT INTO I032T_GEOGRAFICO (CO_GEOGRAFICO,CO_TIPO_GEOGRAFICO,NU_PADRE_GEOGRAFICO,NB_GEOGRAFICO) VALUES (1295,4,1241,'CAMPO ELÍAS');
INSERT INTO I032T_GEOGRAFICO (CO_GEOGRAFICO,CO_TIPO_GEOGRAFICO,NU_PADRE_GEOGRAFICO,NB_GEOGRAFICO) VALUES (1296,4,1242,'SAN JOSÉ DE AEROCUAR');
INSERT INTO I032T_GEOGRAFICO (CO_GEOGRAFICO,CO_TIPO_GEOGRAFICO,NU_PADRE_GEOGRAFICO,NB_GEOGRAFICO) VALUES (1297,4,1242,'TAVERA ACOSTA');
INSERT INTO I032T_GEOGRAFICO (CO_GEOGRAFICO,CO_TIPO_GEOGRAFICO,NU_PADRE_GEOGRAFICO,NB_GEOGRAFICO) VALUES (1298,4,1243,'CM. MARIGUITAR');
INSERT INTO I032T_GEOGRAFICO (CO_GEOGRAFICO,CO_TIPO_GEOGRAFICO,NU_PADRE_GEOGRAFICO,NB_GEOGRAFICO) VALUES (1299,4,1244,'ARAYA');
INSERT INTO I032T_GEOGRAFICO (CO_GEOGRAFICO,CO_TIPO_GEOGRAFICO,NU_PADRE_GEOGRAFICO,NB_GEOGRAFICO) VALUES (1300,4,1244,'MANICUARE');
INSERT INTO I032T_GEOGRAFICO (CO_GEOGRAFICO,CO_TIPO_GEOGRAFICO,NU_PADRE_GEOGRAFICO,NB_GEOGRAFICO) VALUES (1301,4,1244,'CHACOPATA');
INSERT INTO I032T_GEOGRAFICO (CO_GEOGRAFICO,CO_TIPO_GEOGRAFICO,NU_PADRE_GEOGRAFICO,NB_GEOGRAFICO) VALUES (1302,3,261,'AYACUCHO');
INSERT INTO I032T_GEOGRAFICO (CO_GEOGRAFICO,CO_TIPO_GEOGRAFICO,NU_PADRE_GEOGRAFICO,NB_GEOGRAFICO) VALUES (1303,3,261,'BOLÍVAR');
INSERT INTO I032T_GEOGRAFICO (CO_GEOGRAFICO,CO_TIPO_GEOGRAFICO,NU_PADRE_GEOGRAFICO,NB_GEOGRAFICO) VALUES (1304,3,261,'CAPACHO NUEVO');
INSERT INTO I032T_GEOGRAFICO (CO_GEOGRAFICO,CO_TIPO_GEOGRAFICO,NU_PADRE_GEOGRAFICO,NB_GEOGRAFICO) VALUES (1305,3,261,'CÁRDENAS');
INSERT INTO I032T_GEOGRAFICO (CO_GEOGRAFICO,CO_TIPO_GEOGRAFICO,NU_PADRE_GEOGRAFICO,NB_GEOGRAFICO) VALUES (1306,3,261,'JAUREGUI');
INSERT INTO I032T_GEOGRAFICO (CO_GEOGRAFICO,CO_TIPO_GEOGRAFICO,NU_PADRE_GEOGRAFICO,NB_GEOGRAFICO) VALUES (1307,3,261,'JUNÍN');
INSERT INTO I032T_GEOGRAFICO (CO_GEOGRAFICO,CO_TIPO_GEOGRAFICO,NU_PADRE_GEOGRAFICO,NB_GEOGRAFICO) VALUES (1308,3,261,'LOBATERA');
INSERT INTO I032T_GEOGRAFICO (CO_GEOGRAFICO,CO_TIPO_GEOGRAFICO,NU_PADRE_GEOGRAFICO,NB_GEOGRAFICO) VALUES (1309,3,261,'SAN CRISTÓBAL');
INSERT INTO I032T_GEOGRAFICO (CO_GEOGRAFICO,CO_TIPO_GEOGRAFICO,NU_PADRE_GEOGRAFICO,NB_GEOGRAFICO) VALUES (1310,3,261,'URIBANTE');
INSERT INTO I032T_GEOGRAFICO (CO_GEOGRAFICO,CO_TIPO_GEOGRAFICO,NU_PADRE_GEOGRAFICO,NB_GEOGRAFICO) VALUES (1311,3,261,'CÓRDOBA');
INSERT INTO I032T_GEOGRAFICO (CO_GEOGRAFICO,CO_TIPO_GEOGRAFICO,NU_PADRE_GEOGRAFICO,NB_GEOGRAFICO) VALUES (1312,3,261,'GARCIA DE HEVIA');
INSERT INTO I032T_GEOGRAFICO (CO_GEOGRAFICO,CO_TIPO_GEOGRAFICO,NU_PADRE_GEOGRAFICO,NB_GEOGRAFICO) VALUES (1313,3,261,'GUASIMOS');
INSERT INTO I032T_GEOGRAFICO (CO_GEOGRAFICO,CO_TIPO_GEOGRAFICO,NU_PADRE_GEOGRAFICO,NB_GEOGRAFICO) VALUES (1314,3,261,'MICHELENA');
INSERT INTO I032T_GEOGRAFICO (CO_GEOGRAFICO,CO_TIPO_GEOGRAFICO,NU_PADRE_GEOGRAFICO,NB_GEOGRAFICO) VALUES (1315,3,261,'LIBERTADOR');
INSERT INTO I032T_GEOGRAFICO (CO_GEOGRAFICO,CO_TIPO_GEOGRAFICO,NU_PADRE_GEOGRAFICO,NB_GEOGRAFICO) VALUES (1316,3,261,'PANAMERICANO');
INSERT INTO I032T_GEOGRAFICO (CO_GEOGRAFICO,CO_TIPO_GEOGRAFICO,NU_PADRE_GEOGRAFICO,NB_GEOGRAFICO) VALUES (1317,3,261,'PEDRO MARÍA UREÑA');
INSERT INTO I032T_GEOGRAFICO (CO_GEOGRAFICO,CO_TIPO_GEOGRAFICO,NU_PADRE_GEOGRAFICO,NB_GEOGRAFICO) VALUES (1318,3,261,'SUCRE');
INSERT INTO I032T_GEOGRAFICO (CO_GEOGRAFICO,CO_TIPO_GEOGRAFICO,NU_PADRE_GEOGRAFICO,NB_GEOGRAFICO) VALUES (1319,3,261,'ANDRÉS BELLO');
INSERT INTO I032T_GEOGRAFICO (CO_GEOGRAFICO,CO_TIPO_GEOGRAFICO,NU_PADRE_GEOGRAFICO,NB_GEOGRAFICO) VALUES (1320,3,261,'FERNANDEZ FEO');
INSERT INTO I032T_GEOGRAFICO (CO_GEOGRAFICO,CO_TIPO_GEOGRAFICO,NU_PADRE_GEOGRAFICO,NB_GEOGRAFICO) VALUES (1321,3,261,'CAPACHO VIEJO');
INSERT INTO I032T_GEOGRAFICO (CO_GEOGRAFICO,CO_TIPO_GEOGRAFICO,NU_PADRE_GEOGRAFICO,NB_GEOGRAFICO) VALUES (1322,3,261,'SAMUEL MALDONADO');
INSERT INTO I032T_GEOGRAFICO (CO_GEOGRAFICO,CO_TIPO_GEOGRAFICO,NU_PADRE_GEOGRAFICO,NB_GEOGRAFICO) VALUES (1323,3,261,'SEBORUCO');
INSERT INTO I032T_GEOGRAFICO (CO_GEOGRAFICO,CO_TIPO_GEOGRAFICO,NU_PADRE_GEOGRAFICO,NB_GEOGRAFICO) VALUES (1324,3,261,'ANTONIO RÓMULO COSTA');
INSERT INTO I032T_GEOGRAFICO (CO_GEOGRAFICO,CO_TIPO_GEOGRAFICO,NU_PADRE_GEOGRAFICO,NB_GEOGRAFICO) VALUES (1325,3,261,'FRANCISCO DE MIRANDA');
INSERT INTO I032T_GEOGRAFICO (CO_GEOGRAFICO,CO_TIPO_GEOGRAFICO,NU_PADRE_GEOGRAFICO,NB_GEOGRAFICO) VALUES (1326,3,261,'JOSÉ MARÍA VARGAS');
INSERT INTO I032T_GEOGRAFICO (CO_GEOGRAFICO,CO_TIPO_GEOGRAFICO,NU_PADRE_GEOGRAFICO,NB_GEOGRAFICO) VALUES (1327,3,261,'RAFAEL URDANETA');
INSERT INTO I032T_GEOGRAFICO (CO_GEOGRAFICO,CO_TIPO_GEOGRAFICO,NU_PADRE_GEOGRAFICO,NB_GEOGRAFICO) VALUES (1328,3,261,'SIMÓN RODRÍGUEZ');
INSERT INTO I032T_GEOGRAFICO (CO_GEOGRAFICO,CO_TIPO_GEOGRAFICO,NU_PADRE_GEOGRAFICO,NB_GEOGRAFICO) VALUES (1329,3,261,'TORBES');
INSERT INTO I032T_GEOGRAFICO (CO_GEOGRAFICO,CO_TIPO_GEOGRAFICO,NU_PADRE_GEOGRAFICO,NB_GEOGRAFICO) VALUES (1330,3,261,'SAN JUDAS TADEO');
INSERT INTO I032T_GEOGRAFICO (CO_GEOGRAFICO,CO_TIPO_GEOGRAFICO,NU_PADRE_GEOGRAFICO,NB_GEOGRAFICO) VALUES (1331,4,1302,'CM. COLÓN');
INSERT INTO I032T_GEOGRAFICO (CO_GEOGRAFICO,CO_TIPO_GEOGRAFICO,NU_PADRE_GEOGRAFICO,NB_GEOGRAFICO) VALUES (1332,4,1302,'RIVAS BERTI');
INSERT INTO I032T_GEOGRAFICO (CO_GEOGRAFICO,CO_TIPO_GEOGRAFICO,NU_PADRE_GEOGRAFICO,NB_GEOGRAFICO) VALUES (1333,4,1302,'SAN PEDRO DEL RÍO');
INSERT INTO I032T_GEOGRAFICO (CO_GEOGRAFICO,CO_TIPO_GEOGRAFICO,NU_PADRE_GEOGRAFICO,NB_GEOGRAFICO) VALUES (1334,4,1303,'CM. SAN ANTONIO DEL TÁCHIRA');
INSERT INTO I032T_GEOGRAFICO (CO_GEOGRAFICO,CO_TIPO_GEOGRAFICO,NU_PADRE_GEOGRAFICO,NB_GEOGRAFICO) VALUES (1335,4,1303,'PALOTAL');
INSERT INTO I032T_GEOGRAFICO (CO_GEOGRAFICO,CO_TIPO_GEOGRAFICO,NU_PADRE_GEOGRAFICO,NB_GEOGRAFICO) VALUES (1336,4,1303,'JUAN VICENTE GÓMEZ');
INSERT INTO I032T_GEOGRAFICO (CO_GEOGRAFICO,CO_TIPO_GEOGRAFICO,NU_PADRE_GEOGRAFICO,NB_GEOGRAFICO) VALUES (1337,4,1303,'ISAIAS MEDINA ANGARITA');
INSERT INTO I032T_GEOGRAFICO (CO_GEOGRAFICO,CO_TIPO_GEOGRAFICO,NU_PADRE_GEOGRAFICO,NB_GEOGRAFICO) VALUES (1338,4,1304,'CM. CAPACHO NUEVO');
INSERT INTO I032T_GEOGRAFICO (CO_GEOGRAFICO,CO_TIPO_GEOGRAFICO,NU_PADRE_GEOGRAFICO,NB_GEOGRAFICO) VALUES (1339,4,1304,'JUAN GERMÁN ROSCIO');
INSERT INTO I032T_GEOGRAFICO (CO_GEOGRAFICO,CO_TIPO_GEOGRAFICO,NU_PADRE_GEOGRAFICO,NB_GEOGRAFICO) VALUES (1340,4,1304,'ROMÁN CÁRDENAS');
INSERT INTO I032T_GEOGRAFICO (CO_GEOGRAFICO,CO_TIPO_GEOGRAFICO,NU_PADRE_GEOGRAFICO,NB_GEOGRAFICO) VALUES (1341,4,1305,'CM. TÁRIBA');
INSERT INTO I032T_GEOGRAFICO (CO_GEOGRAFICO,CO_TIPO_GEOGRAFICO,NU_PADRE_GEOGRAFICO,NB_GEOGRAFICO) VALUES (1342,4,1305,'LA FLORIDA');
INSERT INTO I032T_GEOGRAFICO (CO_GEOGRAFICO,CO_TIPO_GEOGRAFICO,NU_PADRE_GEOGRAFICO,NB_GEOGRAFICO) VALUES (1343,4,1305,'AMENODORO RANGEL LAMUS');
INSERT INTO I032T_GEOGRAFICO (CO_GEOGRAFICO,CO_TIPO_GEOGRAFICO,NU_PADRE_GEOGRAFICO,NB_GEOGRAFICO) VALUES (1344,4,1306,'CM. LA GRITA');
INSERT INTO I032T_GEOGRAFICO (CO_GEOGRAFICO,CO_TIPO_GEOGRAFICO,NU_PADRE_GEOGRAFICO,NB_GEOGRAFICO) VALUES (1345,4,1306,'EMILIO CONSTANTINO GUERRERO');
INSERT INTO I032T_GEOGRAFICO (CO_GEOGRAFICO,CO_TIPO_GEOGRAFICO,NU_PADRE_GEOGRAFICO,NB_GEOGRAFICO) VALUES (1346,4,1306,'MONSEÑOR MIGUEL ANTONIO SALAS');
INSERT INTO I032T_GEOGRAFICO (CO_GEOGRAFICO,CO_TIPO_GEOGRAFICO,NU_PADRE_GEOGRAFICO,NB_GEOGRAFICO) VALUES (1347,4,1307,'CM. RUBIO');
INSERT INTO I032T_GEOGRAFICO (CO_GEOGRAFICO,CO_TIPO_GEOGRAFICO,NU_PADRE_GEOGRAFICO,NB_GEOGRAFICO) VALUES (1348,4,1307,'BRAMÓN');
INSERT INTO I032T_GEOGRAFICO (CO_GEOGRAFICO,CO_TIPO_GEOGRAFICO,NU_PADRE_GEOGRAFICO,NB_GEOGRAFICO) VALUES (1349,4,1307,'LA PETRÓLEA');
INSERT INTO I032T_GEOGRAFICO (CO_GEOGRAFICO,CO_TIPO_GEOGRAFICO,NU_PADRE_GEOGRAFICO,NB_GEOGRAFICO) VALUES (1350,4,1307,'QUINIMARÍ');
INSERT INTO I032T_GEOGRAFICO (CO_GEOGRAFICO,CO_TIPO_GEOGRAFICO,NU_PADRE_GEOGRAFICO,NB_GEOGRAFICO) VALUES (1351,4,1308,'CM. LOBATERA');
INSERT INTO I032T_GEOGRAFICO (CO_GEOGRAFICO,CO_TIPO_GEOGRAFICO,NU_PADRE_GEOGRAFICO,NB_GEOGRAFICO) VALUES (1352,4,1308,'CONSTITUCIÓN');
INSERT INTO I032T_GEOGRAFICO (CO_GEOGRAFICO,CO_TIPO_GEOGRAFICO,NU_PADRE_GEOGRAFICO,NB_GEOGRAFICO) VALUES (1353,4,1309,'LA CONCORDIA');
INSERT INTO I032T_GEOGRAFICO (CO_GEOGRAFICO,CO_TIPO_GEOGRAFICO,NU_PADRE_GEOGRAFICO,NB_GEOGRAFICO) VALUES (1354,4,1309,'PEDRO MARÍA MORÁNTES');
INSERT INTO I032T_GEOGRAFICO (CO_GEOGRAFICO,CO_TIPO_GEOGRAFICO,NU_PADRE_GEOGRAFICO,NB_GEOGRAFICO) VALUES (1355,4,1309,'SAN JUAN BAUTISTA');
INSERT INTO I032T_GEOGRAFICO (CO_GEOGRAFICO,CO_TIPO_GEOGRAFICO,NU_PADRE_GEOGRAFICO,NB_GEOGRAFICO) VALUES (1356,4,1309,'SAN SEBASTIÁN');
INSERT INTO I032T_GEOGRAFICO (CO_GEOGRAFICO,CO_TIPO_GEOGRAFICO,NU_PADRE_GEOGRAFICO,NB_GEOGRAFICO) VALUES (1357,4,1309,'DR. FRANCISCO ROMERO LOBO');
INSERT INTO I032T_GEOGRAFICO (CO_GEOGRAFICO,CO_TIPO_GEOGRAFICO,NU_PADRE_GEOGRAFICO,NB_GEOGRAFICO) VALUES (1358,4,1310,'CM. PREGONERO');
INSERT INTO I032T_GEOGRAFICO (CO_GEOGRAFICO,CO_TIPO_GEOGRAFICO,NU_PADRE_GEOGRAFICO,NB_GEOGRAFICO) VALUES (1359,4,1310,'CÁRDENAS');
INSERT INTO I032T_GEOGRAFICO (CO_GEOGRAFICO,CO_TIPO_GEOGRAFICO,NU_PADRE_GEOGRAFICO,NB_GEOGRAFICO) VALUES (1360,4,1310,'POTOSÍ');
INSERT INTO I032T_GEOGRAFICO (CO_GEOGRAFICO,CO_TIPO_GEOGRAFICO,NU_PADRE_GEOGRAFICO,NB_GEOGRAFICO) VALUES (1361,4,1310,'JUAN PABLO PEÑALOZA');
INSERT INTO I032T_GEOGRAFICO (CO_GEOGRAFICO,CO_TIPO_GEOGRAFICO,NU_PADRE_GEOGRAFICO,NB_GEOGRAFICO) VALUES (1362,4,1311,'CM. SANTA ANA  DEL TÁCHIRA');
INSERT INTO I032T_GEOGRAFICO (CO_GEOGRAFICO,CO_TIPO_GEOGRAFICO,NU_PADRE_GEOGRAFICO,NB_GEOGRAFICO) VALUES (1363,4,1312,'CM. LA FRÍA');
INSERT INTO I032T_GEOGRAFICO (CO_GEOGRAFICO,CO_TIPO_GEOGRAFICO,NU_PADRE_GEOGRAFICO,NB_GEOGRAFICO) VALUES (1364,4,1312,'BOCA DE GRITA');
INSERT INTO I032T_GEOGRAFICO (CO_GEOGRAFICO,CO_TIPO_GEOGRAFICO,NU_PADRE_GEOGRAFICO,NB_GEOGRAFICO) VALUES (1365,4,1312,'JOSÉ ANTONIO PÁEZ');
INSERT INTO I032T_GEOGRAFICO (CO_GEOGRAFICO,CO_TIPO_GEOGRAFICO,NU_PADRE_GEOGRAFICO,NB_GEOGRAFICO) VALUES (1366,4,1313,'CM. PALMIRA');
INSERT INTO I032T_GEOGRAFICO (CO_GEOGRAFICO,CO_TIPO_GEOGRAFICO,NU_PADRE_GEOGRAFICO,NB_GEOGRAFICO) VALUES (1367,4,1314,'CM. MICHELENA');
INSERT INTO I032T_GEOGRAFICO (CO_GEOGRAFICO,CO_TIPO_GEOGRAFICO,NU_PADRE_GEOGRAFICO,NB_GEOGRAFICO) VALUES (1368,4,1315,'CM. ABEJALES');
INSERT INTO I032T_GEOGRAFICO (CO_GEOGRAFICO,CO_TIPO_GEOGRAFICO,NU_PADRE_GEOGRAFICO,NB_GEOGRAFICO) VALUES (1369,4,1315,'SAN JOAQUÍN DE NAVAY');
INSERT INTO I032T_GEOGRAFICO (CO_GEOGRAFICO,CO_TIPO_GEOGRAFICO,NU_PADRE_GEOGRAFICO,NB_GEOGRAFICO) VALUES (1370,4,1315,'DORADAS');
INSERT INTO I032T_GEOGRAFICO (CO_GEOGRAFICO,CO_TIPO_GEOGRAFICO,NU_PADRE_GEOGRAFICO,NB_GEOGRAFICO) VALUES (1371,4,1315,'DON EMETERIO OCHOA');
INSERT INTO I032T_GEOGRAFICO (CO_GEOGRAFICO,CO_TIPO_GEOGRAFICO,NU_PADRE_GEOGRAFICO,NB_GEOGRAFICO) VALUES (1372,4,1316,'CM. COLONCITO');
INSERT INTO I032T_GEOGRAFICO (CO_GEOGRAFICO,CO_TIPO_GEOGRAFICO,NU_PADRE_GEOGRAFICO,NB_GEOGRAFICO) VALUES (1373,4,1316,'LA PALMITA');
INSERT INTO I032T_GEOGRAFICO (CO_GEOGRAFICO,CO_TIPO_GEOGRAFICO,NU_PADRE_GEOGRAFICO,NB_GEOGRAFICO) VALUES (1374,4,1317,'CM. UREÑA');
INSERT INTO I032T_GEOGRAFICO (CO_GEOGRAFICO,CO_TIPO_GEOGRAFICO,NU_PADRE_GEOGRAFICO,NB_GEOGRAFICO) VALUES (1375,4,1317,'NUEVA ARCADIA');
INSERT INTO I032T_GEOGRAFICO (CO_GEOGRAFICO,CO_TIPO_GEOGRAFICO,NU_PADRE_GEOGRAFICO,NB_GEOGRAFICO) VALUES (1376,4,1318,'CM. QUENIQUEA');
INSERT INTO I032T_GEOGRAFICO (CO_GEOGRAFICO,CO_TIPO_GEOGRAFICO,NU_PADRE_GEOGRAFICO,NB_GEOGRAFICO) VALUES (1377,4,1318,'SAN PABLO');
INSERT INTO I032T_GEOGRAFICO (CO_GEOGRAFICO,CO_TIPO_GEOGRAFICO,NU_PADRE_GEOGRAFICO,NB_GEOGRAFICO) VALUES (1378,4,1318,'ELEAZAR LÓPEZ CONTRERAS');
INSERT INTO I032T_GEOGRAFICO (CO_GEOGRAFICO,CO_TIPO_GEOGRAFICO,NU_PADRE_GEOGRAFICO,NB_GEOGRAFICO) VALUES (1379,4,1319,'CM. CORDERO');
INSERT INTO I032T_GEOGRAFICO (CO_GEOGRAFICO,CO_TIPO_GEOGRAFICO,NU_PADRE_GEOGRAFICO,NB_GEOGRAFICO) VALUES (1380,4,1320,'CM. SAN RAFAEL DEL PIÑAL');
INSERT INTO I032T_GEOGRAFICO (CO_GEOGRAFICO,CO_TIPO_GEOGRAFICO,NU_PADRE_GEOGRAFICO,NB_GEOGRAFICO) VALUES (1381,4,1320,'SANTO DOMINGO');
INSERT INTO I032T_GEOGRAFICO (CO_GEOGRAFICO,CO_TIPO_GEOGRAFICO,NU_PADRE_GEOGRAFICO,NB_GEOGRAFICO) VALUES (1382,4,1320,'ALBERTO ADRIANI');
INSERT INTO I032T_GEOGRAFICO (CO_GEOGRAFICO,CO_TIPO_GEOGRAFICO,NU_PADRE_GEOGRAFICO,NB_GEOGRAFICO) VALUES (1383,4,1321,'CM. CAPACHO VIEJO');
INSERT INTO I032T_GEOGRAFICO (CO_GEOGRAFICO,CO_TIPO_GEOGRAFICO,NU_PADRE_GEOGRAFICO,NB_GEOGRAFICO) VALUES (1384,4,1321,'CIPRIANO CASTRO');
INSERT INTO I032T_GEOGRAFICO (CO_GEOGRAFICO,CO_TIPO_GEOGRAFICO,NU_PADRE_GEOGRAFICO,NB_GEOGRAFICO) VALUES (1385,4,1321,'MANUEL FELIPE RUGELES');
INSERT INTO I032T_GEOGRAFICO (CO_GEOGRAFICO,CO_TIPO_GEOGRAFICO,NU_PADRE_GEOGRAFICO,NB_GEOGRAFICO) VALUES (1386,4,1322,'CM. LA TENDIDA');
INSERT INTO I032T_GEOGRAFICO (CO_GEOGRAFICO,CO_TIPO_GEOGRAFICO,NU_PADRE_GEOGRAFICO,NB_GEOGRAFICO) VALUES (1387,4,1322,'BOCONÓ');
INSERT INTO I032T_GEOGRAFICO (CO_GEOGRAFICO,CO_TIPO_GEOGRAFICO,NU_PADRE_GEOGRAFICO,NB_GEOGRAFICO) VALUES (1388,4,1322,'HERNÁNDEZ');
INSERT INTO I032T_GEOGRAFICO (CO_GEOGRAFICO,CO_TIPO_GEOGRAFICO,NU_PADRE_GEOGRAFICO,NB_GEOGRAFICO) VALUES (1389,4,1323,'CM. SEBORUCO');
INSERT INTO I032T_GEOGRAFICO (CO_GEOGRAFICO,CO_TIPO_GEOGRAFICO,NU_PADRE_GEOGRAFICO,NB_GEOGRAFICO) VALUES (1390,4,1324,'CM. LAS MESAS');
INSERT INTO I032T_GEOGRAFICO (CO_GEOGRAFICO,CO_TIPO_GEOGRAFICO,NU_PADRE_GEOGRAFICO,NB_GEOGRAFICO) VALUES (1391,4,1325,'CM. SAN JOSÉ DE BOLÍVAR');
INSERT INTO I032T_GEOGRAFICO (CO_GEOGRAFICO,CO_TIPO_GEOGRAFICO,NU_PADRE_GEOGRAFICO,NB_GEOGRAFICO) VALUES (1392,4,1326,'CM. EL COBRE');
INSERT INTO I032T_GEOGRAFICO (CO_GEOGRAFICO,CO_TIPO_GEOGRAFICO,NU_PADRE_GEOGRAFICO,NB_GEOGRAFICO) VALUES (1393,4,1327,'CM. DELICIAS');
INSERT INTO I032T_GEOGRAFICO (CO_GEOGRAFICO,CO_TIPO_GEOGRAFICO,NU_PADRE_GEOGRAFICO,NB_GEOGRAFICO) VALUES (1394,4,1328,'CM. SAN SIMÓN');
INSERT INTO I032T_GEOGRAFICO (CO_GEOGRAFICO,CO_TIPO_GEOGRAFICO,NU_PADRE_GEOGRAFICO,NB_GEOGRAFICO) VALUES (1395,4,1329,'CM. SAN JOSECITO');
INSERT INTO I032T_GEOGRAFICO (CO_GEOGRAFICO,CO_TIPO_GEOGRAFICO,NU_PADRE_GEOGRAFICO,NB_GEOGRAFICO) VALUES (1396,4,1330,'CM. UMUQUENA');
INSERT INTO I032T_GEOGRAFICO (CO_GEOGRAFICO,CO_TIPO_GEOGRAFICO,NU_PADRE_GEOGRAFICO,NB_GEOGRAFICO) VALUES (1397,3,262,'RAFAEL RANGEL');
INSERT INTO I032T_GEOGRAFICO (CO_GEOGRAFICO,CO_TIPO_GEOGRAFICO,NU_PADRE_GEOGRAFICO,NB_GEOGRAFICO) VALUES (1398,3,262,'BOCONÓ');
INSERT INTO I032T_GEOGRAFICO (CO_GEOGRAFICO,CO_TIPO_GEOGRAFICO,NU_PADRE_GEOGRAFICO,NB_GEOGRAFICO) VALUES (1399,3,262,'CARACHE');
INSERT INTO I032T_GEOGRAFICO (CO_GEOGRAFICO,CO_TIPO_GEOGRAFICO,NU_PADRE_GEOGRAFICO,NB_GEOGRAFICO) VALUES (1400,3,262,'ESCUQUE');
INSERT INTO I032T_GEOGRAFICO (CO_GEOGRAFICO,CO_TIPO_GEOGRAFICO,NU_PADRE_GEOGRAFICO,NB_GEOGRAFICO) VALUES (1401,3,262,'TRUJILLO');
INSERT INTO I032T_GEOGRAFICO (CO_GEOGRAFICO,CO_TIPO_GEOGRAFICO,NU_PADRE_GEOGRAFICO,NB_GEOGRAFICO) VALUES (1402,3,262,'URDANETA');
INSERT INTO I032T_GEOGRAFICO (CO_GEOGRAFICO,CO_TIPO_GEOGRAFICO,NU_PADRE_GEOGRAFICO,NB_GEOGRAFICO) VALUES (1403,3,262,'VALERA');
INSERT INTO I032T_GEOGRAFICO (CO_GEOGRAFICO,CO_TIPO_GEOGRAFICO,NU_PADRE_GEOGRAFICO,NB_GEOGRAFICO) VALUES (1404,3,262,'CANDELARIA');
INSERT INTO I032T_GEOGRAFICO (CO_GEOGRAFICO,CO_TIPO_GEOGRAFICO,NU_PADRE_GEOGRAFICO,NB_GEOGRAFICO) VALUES (1405,3,262,'MIRANDA');
INSERT INTO I032T_GEOGRAFICO (CO_GEOGRAFICO,CO_TIPO_GEOGRAFICO,NU_PADRE_GEOGRAFICO,NB_GEOGRAFICO) VALUES (1406,3,262,'MONTE CARMELO');
INSERT INTO I032T_GEOGRAFICO (CO_GEOGRAFICO,CO_TIPO_GEOGRAFICO,NU_PADRE_GEOGRAFICO,NB_GEOGRAFICO) VALUES (1407,3,262,'MOTATÁN');
INSERT INTO I032T_GEOGRAFICO (CO_GEOGRAFICO,CO_TIPO_GEOGRAFICO,NU_PADRE_GEOGRAFICO,NB_GEOGRAFICO) VALUES (1408,3,262,'PAMPÁN');
INSERT INTO I032T_GEOGRAFICO (CO_GEOGRAFICO,CO_TIPO_GEOGRAFICO,NU_PADRE_GEOGRAFICO,NB_GEOGRAFICO) VALUES (1409,3,262,'SAN RAFAEL DE CARVAJAL');
INSERT INTO I032T_GEOGRAFICO (CO_GEOGRAFICO,CO_TIPO_GEOGRAFICO,NU_PADRE_GEOGRAFICO,NB_GEOGRAFICO) VALUES (1410,3,262,'SUCRE');
INSERT INTO I032T_GEOGRAFICO (CO_GEOGRAFICO,CO_TIPO_GEOGRAFICO,NU_PADRE_GEOGRAFICO,NB_GEOGRAFICO) VALUES (1411,3,262,'ANDRÉS BELLO');
INSERT INTO I032T_GEOGRAFICO (CO_GEOGRAFICO,CO_TIPO_GEOGRAFICO,NU_PADRE_GEOGRAFICO,NB_GEOGRAFICO) VALUES (1412,3,262,'BOLÍVAR');
INSERT INTO I032T_GEOGRAFICO (CO_GEOGRAFICO,CO_TIPO_GEOGRAFICO,NU_PADRE_GEOGRAFICO,NB_GEOGRAFICO) VALUES (1413,3,262,'JOSÉ FELIPE MÁRQUEZ CAÑIZALES');
INSERT INTO I032T_GEOGRAFICO (CO_GEOGRAFICO,CO_TIPO_GEOGRAFICO,NU_PADRE_GEOGRAFICO,NB_GEOGRAFICO) VALUES (1414,3,262,'JUAN VICENTE CAMPO ELÍAS');
INSERT INTO I032T_GEOGRAFICO (CO_GEOGRAFICO,CO_TIPO_GEOGRAFICO,NU_PADRE_GEOGRAFICO,NB_GEOGRAFICO) VALUES (1415,3,262,'LA CEIBA');
INSERT INTO I032T_GEOGRAFICO (CO_GEOGRAFICO,CO_TIPO_GEOGRAFICO,NU_PADRE_GEOGRAFICO,NB_GEOGRAFICO) VALUES (1416,3,262,'PAMPANITO');
INSERT INTO I032T_GEOGRAFICO (CO_GEOGRAFICO,CO_TIPO_GEOGRAFICO,NU_PADRE_GEOGRAFICO,NB_GEOGRAFICO) VALUES (1417,4,1397,'BETIJOQUE');
INSERT INTO I032T_GEOGRAFICO (CO_GEOGRAFICO,CO_TIPO_GEOGRAFICO,NU_PADRE_GEOGRAFICO,NB_GEOGRAFICO) VALUES (1418,4,1397,'JOSÉ GREGORIO HERNÁNDEZ');
INSERT INTO I032T_GEOGRAFICO (CO_GEOGRAFICO,CO_TIPO_GEOGRAFICO,NU_PADRE_GEOGRAFICO,NB_GEOGRAFICO) VALUES (1419,4,1397,'LA PUEBLITA');
INSERT INTO I032T_GEOGRAFICO (CO_GEOGRAFICO,CO_TIPO_GEOGRAFICO,NU_PADRE_GEOGRAFICO,NB_GEOGRAFICO) VALUES (1420,4,1397,'EL CEDRO');
INSERT INTO I032T_GEOGRAFICO (CO_GEOGRAFICO,CO_TIPO_GEOGRAFICO,NU_PADRE_GEOGRAFICO,NB_GEOGRAFICO) VALUES (1421,4,1398,'BOCONÓ');
INSERT INTO I032T_GEOGRAFICO (CO_GEOGRAFICO,CO_TIPO_GEOGRAFICO,NU_PADRE_GEOGRAFICO,NB_GEOGRAFICO) VALUES (1422,4,1398,'EL CARMEN');
INSERT INTO I032T_GEOGRAFICO (CO_GEOGRAFICO,CO_TIPO_GEOGRAFICO,NU_PADRE_GEOGRAFICO,NB_GEOGRAFICO) VALUES (1423,4,1398,'MOSQUEY');
INSERT INTO I032T_GEOGRAFICO (CO_GEOGRAFICO,CO_TIPO_GEOGRAFICO,NU_PADRE_GEOGRAFICO,NB_GEOGRAFICO) VALUES (1424,4,1398,'AYACUCHO');
INSERT INTO I032T_GEOGRAFICO (CO_GEOGRAFICO,CO_TIPO_GEOGRAFICO,NU_PADRE_GEOGRAFICO,NB_GEOGRAFICO) VALUES (1425,4,1398,'BURBUSAY');
INSERT INTO I032T_GEOGRAFICO (CO_GEOGRAFICO,CO_TIPO_GEOGRAFICO,NU_PADRE_GEOGRAFICO,NB_GEOGRAFICO) VALUES (1426,4,1398,'GENERAL RIVAS');
INSERT INTO I032T_GEOGRAFICO (CO_GEOGRAFICO,CO_TIPO_GEOGRAFICO,NU_PADRE_GEOGRAFICO,NB_GEOGRAFICO) VALUES (1427,4,1398,'MONSEÑOR JAUREGUI');
INSERT INTO I032T_GEOGRAFICO (CO_GEOGRAFICO,CO_TIPO_GEOGRAFICO,NU_PADRE_GEOGRAFICO,NB_GEOGRAFICO) VALUES (1428,4,1398,'RAFAEL RANGEL');
INSERT INTO I032T_GEOGRAFICO (CO_GEOGRAFICO,CO_TIPO_GEOGRAFICO,NU_PADRE_GEOGRAFICO,NB_GEOGRAFICO) VALUES (1429,4,1398,'SAN JOSÉ');
INSERT INTO I032T_GEOGRAFICO (CO_GEOGRAFICO,CO_TIPO_GEOGRAFICO,NU_PADRE_GEOGRAFICO,NB_GEOGRAFICO) VALUES (1430,4,1398,'SAN MIGUEL');
INSERT INTO I032T_GEOGRAFICO (CO_GEOGRAFICO,CO_TIPO_GEOGRAFICO,NU_PADRE_GEOGRAFICO,NB_GEOGRAFICO) VALUES (1431,4,1398,'GUARAMACAL');
INSERT INTO I032T_GEOGRAFICO (CO_GEOGRAFICO,CO_TIPO_GEOGRAFICO,NU_PADRE_GEOGRAFICO,NB_GEOGRAFICO) VALUES (1432,4,1398,'LA VEGA DE GUARAMACAL');
INSERT INTO I032T_GEOGRAFICO (CO_GEOGRAFICO,CO_TIPO_GEOGRAFICO,NU_PADRE_GEOGRAFICO,NB_GEOGRAFICO) VALUES (1433,4,1399,'CARACHE');
INSERT INTO I032T_GEOGRAFICO (CO_GEOGRAFICO,CO_TIPO_GEOGRAFICO,NU_PADRE_GEOGRAFICO,NB_GEOGRAFICO) VALUES (1434,4,1399,'LA CONCEPCIÓN');
INSERT INTO I032T_GEOGRAFICO (CO_GEOGRAFICO,CO_TIPO_GEOGRAFICO,NU_PADRE_GEOGRAFICO,NB_GEOGRAFICO) VALUES (1435,4,1399,'CUICAS');
INSERT INTO I032T_GEOGRAFICO (CO_GEOGRAFICO,CO_TIPO_GEOGRAFICO,NU_PADRE_GEOGRAFICO,NB_GEOGRAFICO) VALUES (1436,4,1399,'PANAMERICANA');
INSERT INTO I032T_GEOGRAFICO (CO_GEOGRAFICO,CO_TIPO_GEOGRAFICO,NU_PADRE_GEOGRAFICO,NB_GEOGRAFICO) VALUES (1437,4,1399,'SANTA CRUZ');
INSERT INTO I032T_GEOGRAFICO (CO_GEOGRAFICO,CO_TIPO_GEOGRAFICO,NU_PADRE_GEOGRAFICO,NB_GEOGRAFICO) VALUES (1438,4,1400,'ESCUQUE');
INSERT INTO I032T_GEOGRAFICO (CO_GEOGRAFICO,CO_TIPO_GEOGRAFICO,NU_PADRE_GEOGRAFICO,NB_GEOGRAFICO) VALUES (1439,4,1400,'SABANA LIBRE');
INSERT INTO I032T_GEOGRAFICO (CO_GEOGRAFICO,CO_TIPO_GEOGRAFICO,NU_PADRE_GEOGRAFICO,NB_GEOGRAFICO) VALUES (1440,4,1400,'LA UNIÓN');
INSERT INTO I032T_GEOGRAFICO (CO_GEOGRAFICO,CO_TIPO_GEOGRAFICO,NU_PADRE_GEOGRAFICO,NB_GEOGRAFICO) VALUES (1441,4,1400,'SANTA RITA');
INSERT INTO I032T_GEOGRAFICO (CO_GEOGRAFICO,CO_TIPO_GEOGRAFICO,NU_PADRE_GEOGRAFICO,NB_GEOGRAFICO) VALUES (1442,4,1401,'CRISTÓBAL MENDOZA');
INSERT INTO I032T_GEOGRAFICO (CO_GEOGRAFICO,CO_TIPO_GEOGRAFICO,NU_PADRE_GEOGRAFICO,NB_GEOGRAFICO) VALUES (1443,4,1401,'CHIQUINQUIRÁ');
INSERT INTO I032T_GEOGRAFICO (CO_GEOGRAFICO,CO_TIPO_GEOGRAFICO,NU_PADRE_GEOGRAFICO,NB_GEOGRAFICO) VALUES (1444,4,1401,'MATRIZ');
INSERT INTO I032T_GEOGRAFICO (CO_GEOGRAFICO,CO_TIPO_GEOGRAFICO,NU_PADRE_GEOGRAFICO,NB_GEOGRAFICO) VALUES (1445,4,1401,'MONSEÑOR CARRILLO');
INSERT INTO I032T_GEOGRAFICO (CO_GEOGRAFICO,CO_TIPO_GEOGRAFICO,NU_PADRE_GEOGRAFICO,NB_GEOGRAFICO) VALUES (1446,4,1401,'CRUZ CARRILLO');
INSERT INTO I032T_GEOGRAFICO (CO_GEOGRAFICO,CO_TIPO_GEOGRAFICO,NU_PADRE_GEOGRAFICO,NB_GEOGRAFICO) VALUES (1447,4,1401,'ANDRÉS LINARES');
INSERT INTO I032T_GEOGRAFICO (CO_GEOGRAFICO,CO_TIPO_GEOGRAFICO,NU_PADRE_GEOGRAFICO,NB_GEOGRAFICO) VALUES (1448,4,1401,'TRES ESQUINAS');
INSERT INTO I032T_GEOGRAFICO (CO_GEOGRAFICO,CO_TIPO_GEOGRAFICO,NU_PADRE_GEOGRAFICO,NB_GEOGRAFICO) VALUES (1449,4,1402,'LA QUEBRADA');
INSERT INTO I032T_GEOGRAFICO (CO_GEOGRAFICO,CO_TIPO_GEOGRAFICO,NU_PADRE_GEOGRAFICO,NB_GEOGRAFICO) VALUES (1450,4,1402,'JAJO');
INSERT INTO I032T_GEOGRAFICO (CO_GEOGRAFICO,CO_TIPO_GEOGRAFICO,NU_PADRE_GEOGRAFICO,NB_GEOGRAFICO) VALUES (1451,4,1402,'LA MESA');
INSERT INTO I032T_GEOGRAFICO (CO_GEOGRAFICO,CO_TIPO_GEOGRAFICO,NU_PADRE_GEOGRAFICO,NB_GEOGRAFICO) VALUES (1452,4,1402,'SANTIAGO');
INSERT INTO I032T_GEOGRAFICO (CO_GEOGRAFICO,CO_TIPO_GEOGRAFICO,NU_PADRE_GEOGRAFICO,NB_GEOGRAFICO) VALUES (1453,4,1402,'CABIMBÚ');
INSERT INTO I032T_GEOGRAFICO (CO_GEOGRAFICO,CO_TIPO_GEOGRAFICO,NU_PADRE_GEOGRAFICO,NB_GEOGRAFICO) VALUES (1454,4,1402,'TUÑAME');
INSERT INTO I032T_GEOGRAFICO (CO_GEOGRAFICO,CO_TIPO_GEOGRAFICO,NU_PADRE_GEOGRAFICO,NB_GEOGRAFICO) VALUES (1455,4,1403,'MERCEDES DÍAZ');
INSERT INTO I032T_GEOGRAFICO (CO_GEOGRAFICO,CO_TIPO_GEOGRAFICO,NU_PADRE_GEOGRAFICO,NB_GEOGRAFICO) VALUES (1456,4,1403,'JUAN IGNACIO MONTILLA');
INSERT INTO I032T_GEOGRAFICO (CO_GEOGRAFICO,CO_TIPO_GEOGRAFICO,NU_PADRE_GEOGRAFICO,NB_GEOGRAFICO) VALUES (1457,4,1403,'LA BEATRIZ');
INSERT INTO I032T_GEOGRAFICO (CO_GEOGRAFICO,CO_TIPO_GEOGRAFICO,NU_PADRE_GEOGRAFICO,NB_GEOGRAFICO) VALUES (1458,4,1403,'MENDOZA');
INSERT INTO I032T_GEOGRAFICO (CO_GEOGRAFICO,CO_TIPO_GEOGRAFICO,NU_PADRE_GEOGRAFICO,NB_GEOGRAFICO) VALUES (1459,4,1403,'LA PUERTA');
INSERT INTO I032T_GEOGRAFICO (CO_GEOGRAFICO,CO_TIPO_GEOGRAFICO,NU_PADRE_GEOGRAFICO,NB_GEOGRAFICO) VALUES (1460,4,1403,'SAN LUIS');
INSERT INTO I032T_GEOGRAFICO (CO_GEOGRAFICO,CO_TIPO_GEOGRAFICO,NU_PADRE_GEOGRAFICO,NB_GEOGRAFICO) VALUES (1461,4,1404,'CHEJENDE');
INSERT INTO I032T_GEOGRAFICO (CO_GEOGRAFICO,CO_TIPO_GEOGRAFICO,NU_PADRE_GEOGRAFICO,NB_GEOGRAFICO) VALUES (1462,4,1404,'CARRILLO');
INSERT INTO I032T_GEOGRAFICO (CO_GEOGRAFICO,CO_TIPO_GEOGRAFICO,NU_PADRE_GEOGRAFICO,NB_GEOGRAFICO) VALUES (1463,4,1404,'CEGARRA');
INSERT INTO I032T_GEOGRAFICO (CO_GEOGRAFICO,CO_TIPO_GEOGRAFICO,NU_PADRE_GEOGRAFICO,NB_GEOGRAFICO) VALUES (1464,4,1404,'BOLIVIA');
INSERT INTO I032T_GEOGRAFICO (CO_GEOGRAFICO,CO_TIPO_GEOGRAFICO,NU_PADRE_GEOGRAFICO,NB_GEOGRAFICO) VALUES (1465,4,1404,'MANUEL SALVADOR ULLOA');
INSERT INTO I032T_GEOGRAFICO (CO_GEOGRAFICO,CO_TIPO_GEOGRAFICO,NU_PADRE_GEOGRAFICO,NB_GEOGRAFICO) VALUES (1466,4,1404,'SAN JOSÉ');
INSERT INTO I032T_GEOGRAFICO (CO_GEOGRAFICO,CO_TIPO_GEOGRAFICO,NU_PADRE_GEOGRAFICO,NB_GEOGRAFICO) VALUES (1467,4,1404,'ARNOLDO GABALDON');
INSERT INTO I032T_GEOGRAFICO (CO_GEOGRAFICO,CO_TIPO_GEOGRAFICO,NU_PADRE_GEOGRAFICO,NB_GEOGRAFICO) VALUES (1468,4,1405,'EL DIVIDIVE');
INSERT INTO I032T_GEOGRAFICO (CO_GEOGRAFICO,CO_TIPO_GEOGRAFICO,NU_PADRE_GEOGRAFICO,NB_GEOGRAFICO) VALUES (1469,4,1405,'AGUA CALIENTE');
INSERT INTO I032T_GEOGRAFICO (CO_GEOGRAFICO,CO_TIPO_GEOGRAFICO,NU_PADRE_GEOGRAFICO,NB_GEOGRAFICO) VALUES (1470,4,1405,'EL CENIZO');
INSERT INTO I032T_GEOGRAFICO (CO_GEOGRAFICO,CO_TIPO_GEOGRAFICO,NU_PADRE_GEOGRAFICO,NB_GEOGRAFICO) VALUES (1471,4,1405,'AGUA SANTA');
INSERT INTO I032T_GEOGRAFICO (CO_GEOGRAFICO,CO_TIPO_GEOGRAFICO,NU_PADRE_GEOGRAFICO,NB_GEOGRAFICO) VALUES (1472,4,1405,'VALERITA');
INSERT INTO I032T_GEOGRAFICO (CO_GEOGRAFICO,CO_TIPO_GEOGRAFICO,NU_PADRE_GEOGRAFICO,NB_GEOGRAFICO) VALUES (1473,4,1406,'MONTE CARMELO');
INSERT INTO I032T_GEOGRAFICO (CO_GEOGRAFICO,CO_TIPO_GEOGRAFICO,NU_PADRE_GEOGRAFICO,NB_GEOGRAFICO) VALUES (1474,4,1406,'BUENA VISTA');
INSERT INTO I032T_GEOGRAFICO (CO_GEOGRAFICO,CO_TIPO_GEOGRAFICO,NU_PADRE_GEOGRAFICO,NB_GEOGRAFICO) VALUES (1475,4,1406,'SANTA MARÍA DEL HORCÓN');
INSERT INTO I032T_GEOGRAFICO (CO_GEOGRAFICO,CO_TIPO_GEOGRAFICO,NU_PADRE_GEOGRAFICO,NB_GEOGRAFICO) VALUES (1476,4,1407,'MOTATÁN');
INSERT INTO I032T_GEOGRAFICO (CO_GEOGRAFICO,CO_TIPO_GEOGRAFICO,NU_PADRE_GEOGRAFICO,NB_GEOGRAFICO) VALUES (1477,4,1407,'EL BAÑO');
INSERT INTO I032T_GEOGRAFICO (CO_GEOGRAFICO,CO_TIPO_GEOGRAFICO,NU_PADRE_GEOGRAFICO,NB_GEOGRAFICO) VALUES (1478,4,1407,'JALISCO');
INSERT INTO I032T_GEOGRAFICO (CO_GEOGRAFICO,CO_TIPO_GEOGRAFICO,NU_PADRE_GEOGRAFICO,NB_GEOGRAFICO) VALUES (1479,4,1408,'PAMPÁN');
INSERT INTO I032T_GEOGRAFICO (CO_GEOGRAFICO,CO_TIPO_GEOGRAFICO,NU_PADRE_GEOGRAFICO,NB_GEOGRAFICO) VALUES (1480,4,1408,'SANTA ANA');
INSERT INTO I032T_GEOGRAFICO (CO_GEOGRAFICO,CO_TIPO_GEOGRAFICO,NU_PADRE_GEOGRAFICO,NB_GEOGRAFICO) VALUES (1481,4,1408,'LA PAZ');
INSERT INTO I032T_GEOGRAFICO (CO_GEOGRAFICO,CO_TIPO_GEOGRAFICO,NU_PADRE_GEOGRAFICO,NB_GEOGRAFICO) VALUES (1482,4,1408,'FLOR DE PATRIA');
INSERT INTO I032T_GEOGRAFICO (CO_GEOGRAFICO,CO_TIPO_GEOGRAFICO,NU_PADRE_GEOGRAFICO,NB_GEOGRAFICO) VALUES (1483,4,1409,'CARVAJAL');
INSERT INTO I032T_GEOGRAFICO (CO_GEOGRAFICO,CO_TIPO_GEOGRAFICO,NU_PADRE_GEOGRAFICO,NB_GEOGRAFICO) VALUES (1484,4,1409,'ANTONIO N BRICEÑO');
INSERT INTO I032T_GEOGRAFICO (CO_GEOGRAFICO,CO_TIPO_GEOGRAFICO,NU_PADRE_GEOGRAFICO,NB_GEOGRAFICO) VALUES (1485,4,1409,'CAMPO ALEGRE');
INSERT INTO I032T_GEOGRAFICO (CO_GEOGRAFICO,CO_TIPO_GEOGRAFICO,NU_PADRE_GEOGRAFICO,NB_GEOGRAFICO) VALUES (1486,4,1409,'JOSÉ LEONARDO SUÁREZ');
INSERT INTO I032T_GEOGRAFICO (CO_GEOGRAFICO,CO_TIPO_GEOGRAFICO,NU_PADRE_GEOGRAFICO,NB_GEOGRAFICO) VALUES (1487,4,1410,'SABANA DE MENDOZA');
INSERT INTO I032T_GEOGRAFICO (CO_GEOGRAFICO,CO_TIPO_GEOGRAFICO,NU_PADRE_GEOGRAFICO,NB_GEOGRAFICO) VALUES (1488,4,1410,'JUNÍN');
INSERT INTO I032T_GEOGRAFICO (CO_GEOGRAFICO,CO_TIPO_GEOGRAFICO,NU_PADRE_GEOGRAFICO,NB_GEOGRAFICO) VALUES (1489,4,1410,'VALMORE RODRÍGUEZ');
INSERT INTO I032T_GEOGRAFICO (CO_GEOGRAFICO,CO_TIPO_GEOGRAFICO,NU_PADRE_GEOGRAFICO,NB_GEOGRAFICO) VALUES (1490,4,1410,'EL PARAÍSO');
INSERT INTO I032T_GEOGRAFICO (CO_GEOGRAFICO,CO_TIPO_GEOGRAFICO,NU_PADRE_GEOGRAFICO,NB_GEOGRAFICO) VALUES (1491,4,1411,'SANTA ISABEL');
INSERT INTO I032T_GEOGRAFICO (CO_GEOGRAFICO,CO_TIPO_GEOGRAFICO,NU_PADRE_GEOGRAFICO,NB_GEOGRAFICO) VALUES (1492,4,1411,'ARAGUANEY');
INSERT INTO I032T_GEOGRAFICO (CO_GEOGRAFICO,CO_TIPO_GEOGRAFICO,NU_PADRE_GEOGRAFICO,NB_GEOGRAFICO) VALUES (1493,4,1411,'EL JAGUITO');
INSERT INTO I032T_GEOGRAFICO (CO_GEOGRAFICO,CO_TIPO_GEOGRAFICO,NU_PADRE_GEOGRAFICO,NB_GEOGRAFICO) VALUES (1494,4,1411,'LA ESPERANZA');
INSERT INTO I032T_GEOGRAFICO (CO_GEOGRAFICO,CO_TIPO_GEOGRAFICO,NU_PADRE_GEOGRAFICO,NB_GEOGRAFICO) VALUES (1495,4,1412,'SABANA GRANDE');
INSERT INTO I032T_GEOGRAFICO (CO_GEOGRAFICO,CO_TIPO_GEOGRAFICO,NU_PADRE_GEOGRAFICO,NB_GEOGRAFICO) VALUES (1496,4,1412,'CHEREGUE');
INSERT INTO I032T_GEOGRAFICO (CO_GEOGRAFICO,CO_TIPO_GEOGRAFICO,NU_PADRE_GEOGRAFICO,NB_GEOGRAFICO) VALUES (1497,4,1412,'GRANADOS');
INSERT INTO I032T_GEOGRAFICO (CO_GEOGRAFICO,CO_TIPO_GEOGRAFICO,NU_PADRE_GEOGRAFICO,NB_GEOGRAFICO) VALUES (1498,4,1413,'EL SOCORRO');
INSERT INTO I032T_GEOGRAFICO (CO_GEOGRAFICO,CO_TIPO_GEOGRAFICO,NU_PADRE_GEOGRAFICO,NB_GEOGRAFICO) VALUES (1499,4,1413,'LOS CAPRICHOS');
INSERT INTO I032T_GEOGRAFICO (CO_GEOGRAFICO,CO_TIPO_GEOGRAFICO,NU_PADRE_GEOGRAFICO,NB_GEOGRAFICO) VALUES (1500,4,1413,'ANTONIO JOSÉ DE SUCRE');
INSERT INTO I032T_GEOGRAFICO (CO_GEOGRAFICO,CO_TIPO_GEOGRAFICO,NU_PADRE_GEOGRAFICO,NB_GEOGRAFICO) VALUES (1501,4,1414,'CAMPO ELÍAS');
INSERT INTO I032T_GEOGRAFICO (CO_GEOGRAFICO,CO_TIPO_GEOGRAFICO,NU_PADRE_GEOGRAFICO,NB_GEOGRAFICO) VALUES (1502,4,1414,'ARNOLDO GABALDON');
INSERT INTO I032T_GEOGRAFICO (CO_GEOGRAFICO,CO_TIPO_GEOGRAFICO,NU_PADRE_GEOGRAFICO,NB_GEOGRAFICO) VALUES (1503,4,1415,'SANTA APOLONIA');
INSERT INTO I032T_GEOGRAFICO (CO_GEOGRAFICO,CO_TIPO_GEOGRAFICO,NU_PADRE_GEOGRAFICO,NB_GEOGRAFICO) VALUES (1504,4,1415,'LA CEIBA');
INSERT INTO I032T_GEOGRAFICO (CO_GEOGRAFICO,CO_TIPO_GEOGRAFICO,NU_PADRE_GEOGRAFICO,NB_GEOGRAFICO) VALUES (1505,4,1415,'EL PROGRESO');
INSERT INTO I032T_GEOGRAFICO (CO_GEOGRAFICO,CO_TIPO_GEOGRAFICO,NU_PADRE_GEOGRAFICO,NB_GEOGRAFICO) VALUES (1506,4,1415,'TRES DE FEBRERO');
INSERT INTO I032T_GEOGRAFICO (CO_GEOGRAFICO,CO_TIPO_GEOGRAFICO,NU_PADRE_GEOGRAFICO,NB_GEOGRAFICO) VALUES (1507,4,1416,'PAMPANITO');
INSERT INTO I032T_GEOGRAFICO (CO_GEOGRAFICO,CO_TIPO_GEOGRAFICO,NU_PADRE_GEOGRAFICO,NB_GEOGRAFICO) VALUES (1508,4,1416,'PAMPANITO II');
INSERT INTO I032T_GEOGRAFICO (CO_GEOGRAFICO,CO_TIPO_GEOGRAFICO,NU_PADRE_GEOGRAFICO,NB_GEOGRAFICO) VALUES (1509,4,1416,'LA CONCEPCIÓN');
INSERT INTO I032T_GEOGRAFICO (CO_GEOGRAFICO,CO_TIPO_GEOGRAFICO,NU_PADRE_GEOGRAFICO,NB_GEOGRAFICO) VALUES (1510,3,263,'BOLÍVAR');
INSERT INTO I032T_GEOGRAFICO (CO_GEOGRAFICO,CO_TIPO_GEOGRAFICO,NU_PADRE_GEOGRAFICO,NB_GEOGRAFICO) VALUES (1511,3,263,'BRUZUAL');
INSERT INTO I032T_GEOGRAFICO (CO_GEOGRAFICO,CO_TIPO_GEOGRAFICO,NU_PADRE_GEOGRAFICO,NB_GEOGRAFICO) VALUES (1512,3,263,'NIRGUA');
INSERT INTO I032T_GEOGRAFICO (CO_GEOGRAFICO,CO_TIPO_GEOGRAFICO,NU_PADRE_GEOGRAFICO,NB_GEOGRAFICO) VALUES (1513,3,263,'SAN FELIPE');
INSERT INTO I032T_GEOGRAFICO (CO_GEOGRAFICO,CO_TIPO_GEOGRAFICO,NU_PADRE_GEOGRAFICO,NB_GEOGRAFICO) VALUES (1514,3,263,'SUCRE');
INSERT INTO I032T_GEOGRAFICO (CO_GEOGRAFICO,CO_TIPO_GEOGRAFICO,NU_PADRE_GEOGRAFICO,NB_GEOGRAFICO) VALUES (1515,3,263,'URACHICHE');
INSERT INTO I032T_GEOGRAFICO (CO_GEOGRAFICO,CO_TIPO_GEOGRAFICO,NU_PADRE_GEOGRAFICO,NB_GEOGRAFICO) VALUES (1516,3,263,'PEÑA');
INSERT INTO I032T_GEOGRAFICO (CO_GEOGRAFICO,CO_TIPO_GEOGRAFICO,NU_PADRE_GEOGRAFICO,NB_GEOGRAFICO) VALUES (1517,3,263,'JOSÉ ANTONIO PÁEZ');
INSERT INTO I032T_GEOGRAFICO (CO_GEOGRAFICO,CO_TIPO_GEOGRAFICO,NU_PADRE_GEOGRAFICO,NB_GEOGRAFICO) VALUES (1518,3,263,'LA TRINIDAD');
INSERT INTO I032T_GEOGRAFICO (CO_GEOGRAFICO,CO_TIPO_GEOGRAFICO,NU_PADRE_GEOGRAFICO,NB_GEOGRAFICO) VALUES (1519,3,263,'COCOROTE');
INSERT INTO I032T_GEOGRAFICO (CO_GEOGRAFICO,CO_TIPO_GEOGRAFICO,NU_PADRE_GEOGRAFICO,NB_GEOGRAFICO) VALUES (1520,3,263,'INDEPENDENCIA');
INSERT INTO I032T_GEOGRAFICO (CO_GEOGRAFICO,CO_TIPO_GEOGRAFICO,NU_PADRE_GEOGRAFICO,NB_GEOGRAFICO) VALUES (1521,3,263,'ARÍSTIDES BASTIDAS');
INSERT INTO I032T_GEOGRAFICO (CO_GEOGRAFICO,CO_TIPO_GEOGRAFICO,NU_PADRE_GEOGRAFICO,NB_GEOGRAFICO) VALUES (1522,3,263,'MANUEL MONGE');
INSERT INTO I032T_GEOGRAFICO (CO_GEOGRAFICO,CO_TIPO_GEOGRAFICO,NU_PADRE_GEOGRAFICO,NB_GEOGRAFICO) VALUES (1523,3,263,'VEROES');
INSERT INTO I032T_GEOGRAFICO (CO_GEOGRAFICO,CO_TIPO_GEOGRAFICO,NU_PADRE_GEOGRAFICO,NB_GEOGRAFICO) VALUES (1524,4,1510,'CM. AROA');
INSERT INTO I032T_GEOGRAFICO (CO_GEOGRAFICO,CO_TIPO_GEOGRAFICO,NU_PADRE_GEOGRAFICO,NB_GEOGRAFICO) VALUES (1525,4,1511,'CM. CHIVACOA');
INSERT INTO I032T_GEOGRAFICO (CO_GEOGRAFICO,CO_TIPO_GEOGRAFICO,NU_PADRE_GEOGRAFICO,NB_GEOGRAFICO) VALUES (1526,4,1511,'CAMPO ELÍAS');
INSERT INTO I032T_GEOGRAFICO (CO_GEOGRAFICO,CO_TIPO_GEOGRAFICO,NU_PADRE_GEOGRAFICO,NB_GEOGRAFICO) VALUES (1527,4,1512,'CM. NIRGUA');
INSERT INTO I032T_GEOGRAFICO (CO_GEOGRAFICO,CO_TIPO_GEOGRAFICO,NU_PADRE_GEOGRAFICO,NB_GEOGRAFICO) VALUES (1528,4,1512,'SALOM');
INSERT INTO I032T_GEOGRAFICO (CO_GEOGRAFICO,CO_TIPO_GEOGRAFICO,NU_PADRE_GEOGRAFICO,NB_GEOGRAFICO) VALUES (1529,4,1512,'TEMERLA');
INSERT INTO I032T_GEOGRAFICO (CO_GEOGRAFICO,CO_TIPO_GEOGRAFICO,NU_PADRE_GEOGRAFICO,NB_GEOGRAFICO) VALUES (1530,4,1513,'CM. SAN FELIPE');
INSERT INTO I032T_GEOGRAFICO (CO_GEOGRAFICO,CO_TIPO_GEOGRAFICO,NU_PADRE_GEOGRAFICO,NB_GEOGRAFICO) VALUES (1531,4,1513,'ALBARICO');
INSERT INTO I032T_GEOGRAFICO (CO_GEOGRAFICO,CO_TIPO_GEOGRAFICO,NU_PADRE_GEOGRAFICO,NB_GEOGRAFICO) VALUES (1532,4,1513,'SAN JAVIER');
INSERT INTO I032T_GEOGRAFICO (CO_GEOGRAFICO,CO_TIPO_GEOGRAFICO,NU_PADRE_GEOGRAFICO,NB_GEOGRAFICO) VALUES (1533,4,1514,'CM. GUAMA');
INSERT INTO I032T_GEOGRAFICO (CO_GEOGRAFICO,CO_TIPO_GEOGRAFICO,NU_PADRE_GEOGRAFICO,NB_GEOGRAFICO) VALUES (1534,4,1515,'CM. URACHICHE');
INSERT INTO I032T_GEOGRAFICO (CO_GEOGRAFICO,CO_TIPO_GEOGRAFICO,NU_PADRE_GEOGRAFICO,NB_GEOGRAFICO) VALUES (1535,4,1516,'CM. YARITAGUA');
INSERT INTO I032T_GEOGRAFICO (CO_GEOGRAFICO,CO_TIPO_GEOGRAFICO,NU_PADRE_GEOGRAFICO,NB_GEOGRAFICO) VALUES (1536,4,1516,'SAN ANDRÉS');
INSERT INTO I032T_GEOGRAFICO (CO_GEOGRAFICO,CO_TIPO_GEOGRAFICO,NU_PADRE_GEOGRAFICO,NB_GEOGRAFICO) VALUES (1537,4,1517,'CM. SABANA DE PARRA');
INSERT INTO I032T_GEOGRAFICO (CO_GEOGRAFICO,CO_TIPO_GEOGRAFICO,NU_PADRE_GEOGRAFICO,NB_GEOGRAFICO) VALUES (1538,4,1518,'CM. BORAURE');
INSERT INTO I032T_GEOGRAFICO (CO_GEOGRAFICO,CO_TIPO_GEOGRAFICO,NU_PADRE_GEOGRAFICO,NB_GEOGRAFICO) VALUES (1539,4,1519,'CM. COCOROTE');
INSERT INTO I032T_GEOGRAFICO (CO_GEOGRAFICO,CO_TIPO_GEOGRAFICO,NU_PADRE_GEOGRAFICO,NB_GEOGRAFICO) VALUES (1540,4,1520,'CM. INDEPENDENCIA');
INSERT INTO I032T_GEOGRAFICO (CO_GEOGRAFICO,CO_TIPO_GEOGRAFICO,NU_PADRE_GEOGRAFICO,NB_GEOGRAFICO) VALUES (1541,4,1521,'CM. SAN PABLO');
INSERT INTO I032T_GEOGRAFICO (CO_GEOGRAFICO,CO_TIPO_GEOGRAFICO,NU_PADRE_GEOGRAFICO,NB_GEOGRAFICO) VALUES (1542,4,1522,'CM. YUMARE');
INSERT INTO I032T_GEOGRAFICO (CO_GEOGRAFICO,CO_TIPO_GEOGRAFICO,NU_PADRE_GEOGRAFICO,NB_GEOGRAFICO) VALUES (1543,4,1523,'CM. FARRIAR');
INSERT INTO I032T_GEOGRAFICO (CO_GEOGRAFICO,CO_TIPO_GEOGRAFICO,NU_PADRE_GEOGRAFICO,NB_GEOGRAFICO) VALUES (1544,4,1523,'EL GUAYABO');
INSERT INTO I032T_GEOGRAFICO (CO_GEOGRAFICO,CO_TIPO_GEOGRAFICO,NU_PADRE_GEOGRAFICO,NB_GEOGRAFICO) VALUES (1545,3,264,'BARALT');
INSERT INTO I032T_GEOGRAFICO (CO_GEOGRAFICO,CO_TIPO_GEOGRAFICO,NU_PADRE_GEOGRAFICO,NB_GEOGRAFICO) VALUES (1546,3,264,'SANTA RITA');
INSERT INTO I032T_GEOGRAFICO (CO_GEOGRAFICO,CO_TIPO_GEOGRAFICO,NU_PADRE_GEOGRAFICO,NB_GEOGRAFICO) VALUES (1547,3,264,'COLÓN');
INSERT INTO I032T_GEOGRAFICO (CO_GEOGRAFICO,CO_TIPO_GEOGRAFICO,NU_PADRE_GEOGRAFICO,NB_GEOGRAFICO) VALUES (1548,3,264,'MARA');
INSERT INTO I032T_GEOGRAFICO (CO_GEOGRAFICO,CO_TIPO_GEOGRAFICO,NU_PADRE_GEOGRAFICO,NB_GEOGRAFICO) VALUES (1549,3,264,'MARACAIBO');
INSERT INTO I032T_GEOGRAFICO (CO_GEOGRAFICO,CO_TIPO_GEOGRAFICO,NU_PADRE_GEOGRAFICO,NB_GEOGRAFICO) VALUES (1550,3,264,'MIRANDA');
INSERT INTO I032T_GEOGRAFICO (CO_GEOGRAFICO,CO_TIPO_GEOGRAFICO,NU_PADRE_GEOGRAFICO,NB_GEOGRAFICO) VALUES (1551,3,264,'INDIGENA BOLIVARIANO GUAJIRA');
INSERT INTO I032T_GEOGRAFICO (CO_GEOGRAFICO,CO_TIPO_GEOGRAFICO,NU_PADRE_GEOGRAFICO,NB_GEOGRAFICO) VALUES (1552,3,264,'MACHIQUES DE PERIJÁ');
INSERT INTO I032T_GEOGRAFICO (CO_GEOGRAFICO,CO_TIPO_GEOGRAFICO,NU_PADRE_GEOGRAFICO,NB_GEOGRAFICO) VALUES (1553,3,264,'SUCRE');
INSERT INTO I032T_GEOGRAFICO (CO_GEOGRAFICO,CO_TIPO_GEOGRAFICO,NU_PADRE_GEOGRAFICO,NB_GEOGRAFICO) VALUES (1554,3,264,'LA CAÑADA DE URDANETA');
INSERT INTO I032T_GEOGRAFICO (CO_GEOGRAFICO,CO_TIPO_GEOGRAFICO,NU_PADRE_GEOGRAFICO,NB_GEOGRAFICO) VALUES (1555,3,264,'LAGUNILLAS');
INSERT INTO I032T_GEOGRAFICO (CO_GEOGRAFICO,CO_TIPO_GEOGRAFICO,NU_PADRE_GEOGRAFICO,NB_GEOGRAFICO) VALUES (1556,3,264,'CATATUMBO');
INSERT INTO I032T_GEOGRAFICO (CO_GEOGRAFICO,CO_TIPO_GEOGRAFICO,NU_PADRE_GEOGRAFICO,NB_GEOGRAFICO) VALUES (1557,3,264,'ROSARIO DE PERIJA');
INSERT INTO I032T_GEOGRAFICO (CO_GEOGRAFICO,CO_TIPO_GEOGRAFICO,NU_PADRE_GEOGRAFICO,NB_GEOGRAFICO) VALUES (1558,3,264,'CABIMAS');
INSERT INTO I032T_GEOGRAFICO (CO_GEOGRAFICO,CO_TIPO_GEOGRAFICO,NU_PADRE_GEOGRAFICO,NB_GEOGRAFICO) VALUES (1559,3,264,'VALMORE RODRIGUEZ');
INSERT INTO I032T_GEOGRAFICO (CO_GEOGRAFICO,CO_TIPO_GEOGRAFICO,NU_PADRE_GEOGRAFICO,NB_GEOGRAFICO) VALUES (1560,3,264,'JESUS ENRIQUE  LOSSADA');
INSERT INTO I032T_GEOGRAFICO (CO_GEOGRAFICO,CO_TIPO_GEOGRAFICO,NU_PADRE_GEOGRAFICO,NB_GEOGRAFICO) VALUES (1561,3,264,'ALMIRANTE PADILLA');
INSERT INTO I032T_GEOGRAFICO (CO_GEOGRAFICO,CO_TIPO_GEOGRAFICO,NU_PADRE_GEOGRAFICO,NB_GEOGRAFICO) VALUES (1562,3,264,'SAN FRANCISCO');
INSERT INTO I032T_GEOGRAFICO (CO_GEOGRAFICO,CO_TIPO_GEOGRAFICO,NU_PADRE_GEOGRAFICO,NB_GEOGRAFICO) VALUES (1563,3,264,'JESÚS MARÍA SEMPRÚN');
INSERT INTO I032T_GEOGRAFICO (CO_GEOGRAFICO,CO_TIPO_GEOGRAFICO,NU_PADRE_GEOGRAFICO,NB_GEOGRAFICO) VALUES (1564,3,264,'FRANCISCO JAVIER  PULGAR');
INSERT INTO I032T_GEOGRAFICO (CO_GEOGRAFICO,CO_TIPO_GEOGRAFICO,NU_PADRE_GEOGRAFICO,NB_GEOGRAFICO) VALUES (1565,3,264,'SIMÓN BOLÍVAR');
INSERT INTO I032T_GEOGRAFICO (CO_GEOGRAFICO,CO_TIPO_GEOGRAFICO,NU_PADRE_GEOGRAFICO,NB_GEOGRAFICO) VALUES (1566,4,1545,'MANUEL GUANIPA MATOS');
INSERT INTO I032T_GEOGRAFICO (CO_GEOGRAFICO,CO_TIPO_GEOGRAFICO,NU_PADRE_GEOGRAFICO,NB_GEOGRAFICO) VALUES (1567,4,1545,'MARCELINO BRICEÑO');
INSERT INTO I032T_GEOGRAFICO (CO_GEOGRAFICO,CO_TIPO_GEOGRAFICO,NU_PADRE_GEOGRAFICO,NB_GEOGRAFICO) VALUES (1568,4,1545,'SAN TIMOTEO');
INSERT INTO I032T_GEOGRAFICO (CO_GEOGRAFICO,CO_TIPO_GEOGRAFICO,NU_PADRE_GEOGRAFICO,NB_GEOGRAFICO) VALUES (1569,4,1545,'PUEBLO NUEVO');
INSERT INTO I032T_GEOGRAFICO (CO_GEOGRAFICO,CO_TIPO_GEOGRAFICO,NU_PADRE_GEOGRAFICO,NB_GEOGRAFICO) VALUES (1570,4,1545,'GENERAL URDANETA');
INSERT INTO I032T_GEOGRAFICO (CO_GEOGRAFICO,CO_TIPO_GEOGRAFICO,NU_PADRE_GEOGRAFICO,NB_GEOGRAFICO) VALUES (1571,4,1545,'LIBERTADOR');
INSERT INTO I032T_GEOGRAFICO (CO_GEOGRAFICO,CO_TIPO_GEOGRAFICO,NU_PADRE_GEOGRAFICO,NB_GEOGRAFICO) VALUES (1572,4,1546,'PEDRO LUCAS URRIBARRI');
INSERT INTO I032T_GEOGRAFICO (CO_GEOGRAFICO,CO_TIPO_GEOGRAFICO,NU_PADRE_GEOGRAFICO,NB_GEOGRAFICO) VALUES (1573,4,1546,'SANTA RITA');
INSERT INTO I032T_GEOGRAFICO (CO_GEOGRAFICO,CO_TIPO_GEOGRAFICO,NU_PADRE_GEOGRAFICO,NB_GEOGRAFICO) VALUES (1574,4,1546,'JOSÉ CENOVIO URRIBARR');
INSERT INTO I032T_GEOGRAFICO (CO_GEOGRAFICO,CO_TIPO_GEOGRAFICO,NU_PADRE_GEOGRAFICO,NB_GEOGRAFICO) VALUES (1575,4,1546,'EL MENE');
INSERT INTO I032T_GEOGRAFICO (CO_GEOGRAFICO,CO_TIPO_GEOGRAFICO,NU_PADRE_GEOGRAFICO,NB_GEOGRAFICO) VALUES (1576,4,1547,'SANTA CRUZ DEL ZULIA');
INSERT INTO I032T_GEOGRAFICO (CO_GEOGRAFICO,CO_TIPO_GEOGRAFICO,NU_PADRE_GEOGRAFICO,NB_GEOGRAFICO) VALUES (1577,4,1547,'URIBARRI');
INSERT INTO I032T_GEOGRAFICO (CO_GEOGRAFICO,CO_TIPO_GEOGRAFICO,NU_PADRE_GEOGRAFICO,NB_GEOGRAFICO) VALUES (1578,4,1547,'MORALITO');
INSERT INTO I032T_GEOGRAFICO (CO_GEOGRAFICO,CO_TIPO_GEOGRAFICO,NU_PADRE_GEOGRAFICO,NB_GEOGRAFICO) VALUES (1579,4,1547,'SAN CARLOS DEL ZULIA');
INSERT INTO I032T_GEOGRAFICO (CO_GEOGRAFICO,CO_TIPO_GEOGRAFICO,NU_PADRE_GEOGRAFICO,NB_GEOGRAFICO) VALUES (1580,4,1547,'SANTA BARBARA');
INSERT INTO I032T_GEOGRAFICO (CO_GEOGRAFICO,CO_TIPO_GEOGRAFICO,NU_PADRE_GEOGRAFICO,NB_GEOGRAFICO) VALUES (1581,4,1548,'LUIS DE VICENTE');
INSERT INTO I032T_GEOGRAFICO (CO_GEOGRAFICO,CO_TIPO_GEOGRAFICO,NU_PADRE_GEOGRAFICO,NB_GEOGRAFICO) VALUES (1582,4,1548,'RICAURTE');
INSERT INTO I032T_GEOGRAFICO (CO_GEOGRAFICO,CO_TIPO_GEOGRAFICO,NU_PADRE_GEOGRAFICO,NB_GEOGRAFICO) VALUES (1583,4,1548,'MONSEÑOR MARCOS SERGIO GODOY');
INSERT INTO I032T_GEOGRAFICO (CO_GEOGRAFICO,CO_TIPO_GEOGRAFICO,NU_PADRE_GEOGRAFICO,NB_GEOGRAFICO) VALUES (1584,4,1548,'SAN RAFAEL');
INSERT INTO I032T_GEOGRAFICO (CO_GEOGRAFICO,CO_TIPO_GEOGRAFICO,NU_PADRE_GEOGRAFICO,NB_GEOGRAFICO) VALUES (1585,4,1548,'LAS PARCELAS');
INSERT INTO I032T_GEOGRAFICO (CO_GEOGRAFICO,CO_TIPO_GEOGRAFICO,NU_PADRE_GEOGRAFICO,NB_GEOGRAFICO) VALUES (1586,4,1548,'TAMARE');
INSERT INTO I032T_GEOGRAFICO (CO_GEOGRAFICO,CO_TIPO_GEOGRAFICO,NU_PADRE_GEOGRAFICO,NB_GEOGRAFICO) VALUES (1587,4,1548,'LA SIERRITA');
INSERT INTO I032T_GEOGRAFICO (CO_GEOGRAFICO,CO_TIPO_GEOGRAFICO,NU_PADRE_GEOGRAFICO,NB_GEOGRAFICO) VALUES (1588,4,1549,'BOLÍVAR');
INSERT INTO I032T_GEOGRAFICO (CO_GEOGRAFICO,CO_TIPO_GEOGRAFICO,NU_PADRE_GEOGRAFICO,NB_GEOGRAFICO) VALUES (1589,4,1549,'COQUIVACOA');
INSERT INTO I032T_GEOGRAFICO (CO_GEOGRAFICO,CO_TIPO_GEOGRAFICO,NU_PADRE_GEOGRAFICO,NB_GEOGRAFICO) VALUES (1590,4,1549,'CRISTO DE ARANZA');
INSERT INTO I032T_GEOGRAFICO (CO_GEOGRAFICO,CO_TIPO_GEOGRAFICO,NU_PADRE_GEOGRAFICO,NB_GEOGRAFICO) VALUES (1591,4,1549,'CHIQUINQUIRÁ');
INSERT INTO I032T_GEOGRAFICO (CO_GEOGRAFICO,CO_TIPO_GEOGRAFICO,NU_PADRE_GEOGRAFICO,NB_GEOGRAFICO) VALUES (1592,4,1549,'SANTA LUCÍA');
INSERT INTO I032T_GEOGRAFICO (CO_GEOGRAFICO,CO_TIPO_GEOGRAFICO,NU_PADRE_GEOGRAFICO,NB_GEOGRAFICO) VALUES (1593,4,1549,'OLEGARIO VILLALOBOS');
INSERT INTO I032T_GEOGRAFICO (CO_GEOGRAFICO,CO_TIPO_GEOGRAFICO,NU_PADRE_GEOGRAFICO,NB_GEOGRAFICO) VALUES (1594,4,1549,'JUANA DE AVILA');
INSERT INTO I032T_GEOGRAFICO (CO_GEOGRAFICO,CO_TIPO_GEOGRAFICO,NU_PADRE_GEOGRAFICO,NB_GEOGRAFICO) VALUES (1595,4,1549,'CARACCIOLO PARRA PÉREZ');
INSERT INTO I032T_GEOGRAFICO (CO_GEOGRAFICO,CO_TIPO_GEOGRAFICO,NU_PADRE_GEOGRAFICO,NB_GEOGRAFICO) VALUES (1596,4,1549,'IDELFONZO VASQUEZ');
INSERT INTO I032T_GEOGRAFICO (CO_GEOGRAFICO,CO_TIPO_GEOGRAFICO,NU_PADRE_GEOGRAFICO,NB_GEOGRAFICO) VALUES (1597,4,1549,'CACIQUE MARA');
INSERT INTO I032T_GEOGRAFICO (CO_GEOGRAFICO,CO_TIPO_GEOGRAFICO,NU_PADRE_GEOGRAFICO,NB_GEOGRAFICO) VALUES (1598,4,1549,'CECILIO ACOSTA');
INSERT INTO I032T_GEOGRAFICO (CO_GEOGRAFICO,CO_TIPO_GEOGRAFICO,NU_PADRE_GEOGRAFICO,NB_GEOGRAFICO) VALUES (1599,4,1549,'RAÚL LEONI');
INSERT INTO I032T_GEOGRAFICO (CO_GEOGRAFICO,CO_TIPO_GEOGRAFICO,NU_PADRE_GEOGRAFICO,NB_GEOGRAFICO) VALUES (1600,4,1549,'FRANCISCO EUGENIO BUSTAMANTE');
INSERT INTO I032T_GEOGRAFICO (CO_GEOGRAFICO,CO_TIPO_GEOGRAFICO,NU_PADRE_GEOGRAFICO,NB_GEOGRAFICO) VALUES (1601,4,1549,'MANUEL DAGNINO');
INSERT INTO I032T_GEOGRAFICO (CO_GEOGRAFICO,CO_TIPO_GEOGRAFICO,NU_PADRE_GEOGRAFICO,NB_GEOGRAFICO) VALUES (1602,4,1549,'LUIS HURTADO HIGUERA');
INSERT INTO I032T_GEOGRAFICO (CO_GEOGRAFICO,CO_TIPO_GEOGRAFICO,NU_PADRE_GEOGRAFICO,NB_GEOGRAFICO) VALUES (1603,4,1549,'VENANCIO PULGAR');
INSERT INTO I032T_GEOGRAFICO (CO_GEOGRAFICO,CO_TIPO_GEOGRAFICO,NU_PADRE_GEOGRAFICO,NB_GEOGRAFICO) VALUES (1604,4,1549,'ANTONIO BORJAS ROMERO');
INSERT INTO I032T_GEOGRAFICO (CO_GEOGRAFICO,CO_TIPO_GEOGRAFICO,NU_PADRE_GEOGRAFICO,NB_GEOGRAFICO) VALUES (1605,4,1549,'SAN ISIDRO');
INSERT INTO I032T_GEOGRAFICO (CO_GEOGRAFICO,CO_TIPO_GEOGRAFICO,NU_PADRE_GEOGRAFICO,NB_GEOGRAFICO) VALUES (1606,4,1550,'FARIA');
INSERT INTO I032T_GEOGRAFICO (CO_GEOGRAFICO,CO_TIPO_GEOGRAFICO,NU_PADRE_GEOGRAFICO,NB_GEOGRAFICO) VALUES (1607,4,1550,'SAN ANTONIO');
INSERT INTO I032T_GEOGRAFICO (CO_GEOGRAFICO,CO_TIPO_GEOGRAFICO,NU_PADRE_GEOGRAFICO,NB_GEOGRAFICO) VALUES (1608,4,1550,'ANA MARÍA CAMPOS');
INSERT INTO I032T_GEOGRAFICO (CO_GEOGRAFICO,CO_TIPO_GEOGRAFICO,NU_PADRE_GEOGRAFICO,NB_GEOGRAFICO) VALUES (1609,4,1550,'SAN JOSÉ');
INSERT INTO I032T_GEOGRAFICO (CO_GEOGRAFICO,CO_TIPO_GEOGRAFICO,NU_PADRE_GEOGRAFICO,NB_GEOGRAFICO) VALUES (1610,4,1550,'ALTAGRACIA');
INSERT INTO I032T_GEOGRAFICO (CO_GEOGRAFICO,CO_TIPO_GEOGRAFICO,NU_PADRE_GEOGRAFICO,NB_GEOGRAFICO) VALUES (1611,4,1551,'GUAJIRA');
INSERT INTO I032T_GEOGRAFICO (CO_GEOGRAFICO,CO_TIPO_GEOGRAFICO,NU_PADRE_GEOGRAFICO,NB_GEOGRAFICO) VALUES (1612,4,1551,'ELÍAS SANCHEZ RUBIO');
INSERT INTO I032T_GEOGRAFICO (CO_GEOGRAFICO,CO_TIPO_GEOGRAFICO,NU_PADRE_GEOGRAFICO,NB_GEOGRAFICO) VALUES (1613,4,1551,'SINAMAICA');
INSERT INTO I032T_GEOGRAFICO (CO_GEOGRAFICO,CO_TIPO_GEOGRAFICO,NU_PADRE_GEOGRAFICO,NB_GEOGRAFICO) VALUES (1614,4,1551,'ALTA GUAJIRA');
INSERT INTO I032T_GEOGRAFICO (CO_GEOGRAFICO,CO_TIPO_GEOGRAFICO,NU_PADRE_GEOGRAFICO,NB_GEOGRAFICO) VALUES (1615,4,1552,'SAN JOSÉ DE PERIJA');
INSERT INTO I032T_GEOGRAFICO (CO_GEOGRAFICO,CO_TIPO_GEOGRAFICO,NU_PADRE_GEOGRAFICO,NB_GEOGRAFICO) VALUES (1616,4,1552,'BARTOLOME DE LAS CASAS');
INSERT INTO I032T_GEOGRAFICO (CO_GEOGRAFICO,CO_TIPO_GEOGRAFICO,NU_PADRE_GEOGRAFICO,NB_GEOGRAFICO) VALUES (1617,4,1552,'LIBERTAD');
INSERT INTO I032T_GEOGRAFICO (CO_GEOGRAFICO,CO_TIPO_GEOGRAFICO,NU_PADRE_GEOGRAFICO,NB_GEOGRAFICO) VALUES (1618,4,1552,'RÍO NEGRO');
INSERT INTO I032T_GEOGRAFICO (CO_GEOGRAFICO,CO_TIPO_GEOGRAFICO,NU_PADRE_GEOGRAFICO,NB_GEOGRAFICO) VALUES (1619,4,1553,'GIBRALTAR');
INSERT INTO I032T_GEOGRAFICO (CO_GEOGRAFICO,CO_TIPO_GEOGRAFICO,NU_PADRE_GEOGRAFICO,NB_GEOGRAFICO) VALUES (1620,4,1553,'HERAS');
INSERT INTO I032T_GEOGRAFICO (CO_GEOGRAFICO,CO_TIPO_GEOGRAFICO,NU_PADRE_GEOGRAFICO,NB_GEOGRAFICO) VALUES (1621,4,1553,'MONSEÑOR ARTURO CELESTINO ÁLVAREZ');
INSERT INTO I032T_GEOGRAFICO (CO_GEOGRAFICO,CO_TIPO_GEOGRAFICO,NU_PADRE_GEOGRAFICO,NB_GEOGRAFICO) VALUES (1622,4,1553,'RÓMULO GALLEGOS');
INSERT INTO I032T_GEOGRAFICO (CO_GEOGRAFICO,CO_TIPO_GEOGRAFICO,NU_PADRE_GEOGRAFICO,NB_GEOGRAFICO) VALUES (1623,4,1553,'BOBURES');
INSERT INTO I032T_GEOGRAFICO (CO_GEOGRAFICO,CO_TIPO_GEOGRAFICO,NU_PADRE_GEOGRAFICO,NB_GEOGRAFICO) VALUES (1624,4,1553,'EL BATEY');
INSERT INTO I032T_GEOGRAFICO (CO_GEOGRAFICO,CO_TIPO_GEOGRAFICO,NU_PADRE_GEOGRAFICO,NB_GEOGRAFICO) VALUES (1625,4,1554,'ANDRÉS BELLO');
INSERT INTO I032T_GEOGRAFICO (CO_GEOGRAFICO,CO_TIPO_GEOGRAFICO,NU_PADRE_GEOGRAFICO,NB_GEOGRAFICO) VALUES (1626,4,1554,'POTRERITOS');
INSERT INTO I032T_GEOGRAFICO (CO_GEOGRAFICO,CO_TIPO_GEOGRAFICO,NU_PADRE_GEOGRAFICO,NB_GEOGRAFICO) VALUES (1627,4,1554,'EL CARMELO');
INSERT INTO I032T_GEOGRAFICO (CO_GEOGRAFICO,CO_TIPO_GEOGRAFICO,NU_PADRE_GEOGRAFICO,NB_GEOGRAFICO) VALUES (1628,4,1554,'CHIQUINQUIRÁ');
INSERT INTO I032T_GEOGRAFICO (CO_GEOGRAFICO,CO_TIPO_GEOGRAFICO,NU_PADRE_GEOGRAFICO,NB_GEOGRAFICO) VALUES (1629,4,1554,'CONCEPCIÓN');
INSERT INTO I032T_GEOGRAFICO (CO_GEOGRAFICO,CO_TIPO_GEOGRAFICO,NU_PADRE_GEOGRAFICO,NB_GEOGRAFICO) VALUES (1630,4,1555,'ELEAZAR LOPEZ CONTRERAS');
INSERT INTO I032T_GEOGRAFICO (CO_GEOGRAFICO,CO_TIPO_GEOGRAFICO,NU_PADRE_GEOGRAFICO,NB_GEOGRAFICO) VALUES (1631,4,1555,'ALONSO DE OJEDA');
INSERT INTO I032T_GEOGRAFICO (CO_GEOGRAFICO,CO_TIPO_GEOGRAFICO,NU_PADRE_GEOGRAFICO,NB_GEOGRAFICO) VALUES (1632,4,1555,'VENEZUELA');
INSERT INTO I032T_GEOGRAFICO (CO_GEOGRAFICO,CO_TIPO_GEOGRAFICO,NU_PADRE_GEOGRAFICO,NB_GEOGRAFICO) VALUES (1633,4,1555,'CAMPO LARA');
INSERT INTO I032T_GEOGRAFICO (CO_GEOGRAFICO,CO_TIPO_GEOGRAFICO,NU_PADRE_GEOGRAFICO,NB_GEOGRAFICO) VALUES (1634,4,1555,'LIBERTAD');
INSERT INTO I032T_GEOGRAFICO (CO_GEOGRAFICO,CO_TIPO_GEOGRAFICO,NU_PADRE_GEOGRAFICO,NB_GEOGRAFICO) VALUES (1635,4,1555,'EL DANTO');
INSERT INTO I032T_GEOGRAFICO (CO_GEOGRAFICO,CO_TIPO_GEOGRAFICO,NU_PADRE_GEOGRAFICO,NB_GEOGRAFICO) VALUES (1636,4,1556,'UDON PÉREZ');
INSERT INTO I032T_GEOGRAFICO (CO_GEOGRAFICO,CO_TIPO_GEOGRAFICO,NU_PADRE_GEOGRAFICO,NB_GEOGRAFICO) VALUES (1637,4,1556,'ENCONTRADOS');
INSERT INTO I032T_GEOGRAFICO (CO_GEOGRAFICO,CO_TIPO_GEOGRAFICO,NU_PADRE_GEOGRAFICO,NB_GEOGRAFICO) VALUES (1638,4,1557,'DONALDO GARCIA');
INSERT INTO I032T_GEOGRAFICO (CO_GEOGRAFICO,CO_TIPO_GEOGRAFICO,NU_PADRE_GEOGRAFICO,NB_GEOGRAFICO) VALUES (1639,4,1557,'SIXTO ZAMBRANO');
INSERT INTO I032T_GEOGRAFICO (CO_GEOGRAFICO,CO_TIPO_GEOGRAFICO,NU_PADRE_GEOGRAFICO,NB_GEOGRAFICO) VALUES (1640,4,1557,'EL ROSARIO');
INSERT INTO I032T_GEOGRAFICO (CO_GEOGRAFICO,CO_TIPO_GEOGRAFICO,NU_PADRE_GEOGRAFICO,NB_GEOGRAFICO) VALUES (1641,4,1558,'AMBROSIO');
INSERT INTO I032T_GEOGRAFICO (CO_GEOGRAFICO,CO_TIPO_GEOGRAFICO,NU_PADRE_GEOGRAFICO,NB_GEOGRAFICO) VALUES (1642,4,1558,'GERMÁN RIOS LINARES');
INSERT INTO I032T_GEOGRAFICO (CO_GEOGRAFICO,CO_TIPO_GEOGRAFICO,NU_PADRE_GEOGRAFICO,NB_GEOGRAFICO) VALUES (1643,4,1558,'JORGE HERNÁNDEZ');
INSERT INTO I032T_GEOGRAFICO (CO_GEOGRAFICO,CO_TIPO_GEOGRAFICO,NU_PADRE_GEOGRAFICO,NB_GEOGRAFICO) VALUES (1644,4,1558,'LA ROSA');
INSERT INTO I032T_GEOGRAFICO (CO_GEOGRAFICO,CO_TIPO_GEOGRAFICO,NU_PADRE_GEOGRAFICO,NB_GEOGRAFICO) VALUES (1645,4,1558,'PUNTA GORDA');
INSERT INTO I032T_GEOGRAFICO (CO_GEOGRAFICO,CO_TIPO_GEOGRAFICO,NU_PADRE_GEOGRAFICO,NB_GEOGRAFICO) VALUES (1646,4,1558,'CARMEN HERRERA');
INSERT INTO I032T_GEOGRAFICO (CO_GEOGRAFICO,CO_TIPO_GEOGRAFICO,NU_PADRE_GEOGRAFICO,NB_GEOGRAFICO) VALUES (1647,4,1558,'SAN BENITO');
INSERT INTO I032T_GEOGRAFICO (CO_GEOGRAFICO,CO_TIPO_GEOGRAFICO,NU_PADRE_GEOGRAFICO,NB_GEOGRAFICO) VALUES (1648,4,1558,'RÓMULO BETANCOURT');
INSERT INTO I032T_GEOGRAFICO (CO_GEOGRAFICO,CO_TIPO_GEOGRAFICO,NU_PADRE_GEOGRAFICO,NB_GEOGRAFICO) VALUES (1649,4,1558,'ARÍSTIDES CALVANI');
INSERT INTO I032T_GEOGRAFICO (CO_GEOGRAFICO,CO_TIPO_GEOGRAFICO,NU_PADRE_GEOGRAFICO,NB_GEOGRAFICO) VALUES (1650,4,1559,'RAÚL CUENCA');
INSERT INTO I032T_GEOGRAFICO (CO_GEOGRAFICO,CO_TIPO_GEOGRAFICO,NU_PADRE_GEOGRAFICO,NB_GEOGRAFICO) VALUES (1651,4,1559,'LA VICTORIA');
INSERT INTO I032T_GEOGRAFICO (CO_GEOGRAFICO,CO_TIPO_GEOGRAFICO,NU_PADRE_GEOGRAFICO,NB_GEOGRAFICO) VALUES (1652,4,1559,'RAFAEL URDANETA');
INSERT INTO I032T_GEOGRAFICO (CO_GEOGRAFICO,CO_TIPO_GEOGRAFICO,NU_PADRE_GEOGRAFICO,NB_GEOGRAFICO) VALUES (1653,4,1560,'JOSÉ RAMÓN YEPEZ');
INSERT INTO I032T_GEOGRAFICO (CO_GEOGRAFICO,CO_TIPO_GEOGRAFICO,NU_PADRE_GEOGRAFICO,NB_GEOGRAFICO) VALUES (1654,4,1560,'LA CONCEPCIÓN');
INSERT INTO I032T_GEOGRAFICO (CO_GEOGRAFICO,CO_TIPO_GEOGRAFICO,NU_PADRE_GEOGRAFICO,NB_GEOGRAFICO) VALUES (1655,4,1560,'SAN JOSÉ');
INSERT INTO I032T_GEOGRAFICO (CO_GEOGRAFICO,CO_TIPO_GEOGRAFICO,NU_PADRE_GEOGRAFICO,NB_GEOGRAFICO) VALUES (1656,4,1560,'MARIANO PARRA LEÓN');
INSERT INTO I032T_GEOGRAFICO (CO_GEOGRAFICO,CO_TIPO_GEOGRAFICO,NU_PADRE_GEOGRAFICO,NB_GEOGRAFICO) VALUES (1657,4,1561,'MONAGAS');
INSERT INTO I032T_GEOGRAFICO (CO_GEOGRAFICO,CO_TIPO_GEOGRAFICO,NU_PADRE_GEOGRAFICO,NB_GEOGRAFICO) VALUES (1658,4,1561,'ISLA DE TOAS');
INSERT INTO I032T_GEOGRAFICO (CO_GEOGRAFICO,CO_TIPO_GEOGRAFICO,NU_PADRE_GEOGRAFICO,NB_GEOGRAFICO) VALUES (1659,4,1562,'MARCIAL HERNÁNDEZ');
INSERT INTO I032T_GEOGRAFICO (CO_GEOGRAFICO,CO_TIPO_GEOGRAFICO,NU_PADRE_GEOGRAFICO,NB_GEOGRAFICO) VALUES (1660,4,1562,'FRANCISCO OCHOA');
INSERT INTO I032T_GEOGRAFICO (CO_GEOGRAFICO,CO_TIPO_GEOGRAFICO,NU_PADRE_GEOGRAFICO,NB_GEOGRAFICO) VALUES (1661,4,1562,'SAN FRANCISCO');
INSERT INTO I032T_GEOGRAFICO (CO_GEOGRAFICO,CO_TIPO_GEOGRAFICO,NU_PADRE_GEOGRAFICO,NB_GEOGRAFICO) VALUES (1662,4,1562,'EL BAJO');
INSERT INTO I032T_GEOGRAFICO (CO_GEOGRAFICO,CO_TIPO_GEOGRAFICO,NU_PADRE_GEOGRAFICO,NB_GEOGRAFICO) VALUES (1663,4,1562,'DOMITILA FLORES');
INSERT INTO I032T_GEOGRAFICO (CO_GEOGRAFICO,CO_TIPO_GEOGRAFICO,NU_PADRE_GEOGRAFICO,NB_GEOGRAFICO) VALUES (1664,4,1562,'LOS CORTIJOS');
INSERT INTO I032T_GEOGRAFICO (CO_GEOGRAFICO,CO_TIPO_GEOGRAFICO,NU_PADRE_GEOGRAFICO,NB_GEOGRAFICO) VALUES (1665,4,1562,'JOSÉ DOMINGO RUS');
INSERT INTO I032T_GEOGRAFICO (CO_GEOGRAFICO,CO_TIPO_GEOGRAFICO,NU_PADRE_GEOGRAFICO,NB_GEOGRAFICO) VALUES (1666,4,1563,'BARI');
INSERT INTO I032T_GEOGRAFICO (CO_GEOGRAFICO,CO_TIPO_GEOGRAFICO,NU_PADRE_GEOGRAFICO,NB_GEOGRAFICO) VALUES (1667,4,1563,'JESÚS MARÍA SEMPRÚN');
INSERT INTO I032T_GEOGRAFICO (CO_GEOGRAFICO,CO_TIPO_GEOGRAFICO,NU_PADRE_GEOGRAFICO,NB_GEOGRAFICO) VALUES (1668,4,1564,'SIMÓN RODRÍGUEZ');
INSERT INTO I032T_GEOGRAFICO (CO_GEOGRAFICO,CO_TIPO_GEOGRAFICO,NU_PADRE_GEOGRAFICO,NB_GEOGRAFICO) VALUES (1669,4,1564,'CARLOS QUEVEDO');
INSERT INTO I032T_GEOGRAFICO (CO_GEOGRAFICO,CO_TIPO_GEOGRAFICO,NU_PADRE_GEOGRAFICO,NB_GEOGRAFICO) VALUES (1670,4,1564,'FRANCISCO JAVIER  PULGAR');
INSERT INTO I032T_GEOGRAFICO (CO_GEOGRAFICO,CO_TIPO_GEOGRAFICO,NU_PADRE_GEOGRAFICO,NB_GEOGRAFICO) VALUES (1671,4,1564,'AGUSTÍN CODAZZI');
INSERT INTO I032T_GEOGRAFICO (CO_GEOGRAFICO,CO_TIPO_GEOGRAFICO,NU_PADRE_GEOGRAFICO,NB_GEOGRAFICO) VALUES (1672,4,1565,'RAFAEL MARÍA BARALT');
INSERT INTO I032T_GEOGRAFICO (CO_GEOGRAFICO,CO_TIPO_GEOGRAFICO,NU_PADRE_GEOGRAFICO,NB_GEOGRAFICO) VALUES (1673,4,1565,'MANUEL MANRIQUE');
INSERT INTO I032T_GEOGRAFICO (CO_GEOGRAFICO,CO_TIPO_GEOGRAFICO,NU_PADRE_GEOGRAFICO,NB_GEOGRAFICO) VALUES (1674,4,1565,'RAFAEL URDANETA');
INSERT INTO I032T_GEOGRAFICO (CO_GEOGRAFICO,CO_TIPO_GEOGRAFICO,NU_PADRE_GEOGRAFICO,NB_GEOGRAFICO) VALUES (1675,3,265,'AUTÓNOMO ATURES');
INSERT INTO I032T_GEOGRAFICO (CO_GEOGRAFICO,CO_TIPO_GEOGRAFICO,NU_PADRE_GEOGRAFICO,NB_GEOGRAFICO) VALUES (1676,3,265,'AUTÓNOMO ATABAPO');
INSERT INTO I032T_GEOGRAFICO (CO_GEOGRAFICO,CO_TIPO_GEOGRAFICO,NU_PADRE_GEOGRAFICO,NB_GEOGRAFICO) VALUES (1677,3,265,'AUTÓNOMO MAROA');
INSERT INTO I032T_GEOGRAFICO (CO_GEOGRAFICO,CO_TIPO_GEOGRAFICO,NU_PADRE_GEOGRAFICO,NB_GEOGRAFICO) VALUES (1678,3,265,'AUTÓNOMO RÍO NEGRO');
INSERT INTO I032T_GEOGRAFICO (CO_GEOGRAFICO,CO_TIPO_GEOGRAFICO,NU_PADRE_GEOGRAFICO,NB_GEOGRAFICO) VALUES (1679,3,265,'AUTÓNOMO AUTANA');
INSERT INTO I032T_GEOGRAFICO (CO_GEOGRAFICO,CO_TIPO_GEOGRAFICO,NU_PADRE_GEOGRAFICO,NB_GEOGRAFICO) VALUES (1680,3,265,'AUTÓNOMO MANAPIARE');
INSERT INTO I032T_GEOGRAFICO (CO_GEOGRAFICO,CO_TIPO_GEOGRAFICO,NU_PADRE_GEOGRAFICO,NB_GEOGRAFICO) VALUES (1681,3,265,'ALTO ORINOCO');
INSERT INTO I032T_GEOGRAFICO (CO_GEOGRAFICO,CO_TIPO_GEOGRAFICO,NU_PADRE_GEOGRAFICO,NB_GEOGRAFICO) VALUES (1682,4,1675,'FERNANDO GIRON TOVAR');
INSERT INTO I032T_GEOGRAFICO (CO_GEOGRAFICO,CO_TIPO_GEOGRAFICO,NU_PADRE_GEOGRAFICO,NB_GEOGRAFICO) VALUES (1683,4,1675,'LUIS ALBERTO GÓMEZ');
INSERT INTO I032T_GEOGRAFICO (CO_GEOGRAFICO,CO_TIPO_GEOGRAFICO,NU_PADRE_GEOGRAFICO,NB_GEOGRAFICO) VALUES (1684,4,1675,'PARHUEÑA');
INSERT INTO I032T_GEOGRAFICO (CO_GEOGRAFICO,CO_TIPO_GEOGRAFICO,NU_PADRE_GEOGRAFICO,NB_GEOGRAFICO) VALUES (1685,4,1675,'PLATANILLAL');
INSERT INTO I032T_GEOGRAFICO (CO_GEOGRAFICO,CO_TIPO_GEOGRAFICO,NU_PADRE_GEOGRAFICO,NB_GEOGRAFICO) VALUES (1686,4,1676,'CM. SAN FERNANDO DE ATABAPO');
INSERT INTO I032T_GEOGRAFICO (CO_GEOGRAFICO,CO_TIPO_GEOGRAFICO,NU_PADRE_GEOGRAFICO,NB_GEOGRAFICO) VALUES (1687,4,1676,'UCATA');
INSERT INTO I032T_GEOGRAFICO (CO_GEOGRAFICO,CO_TIPO_GEOGRAFICO,NU_PADRE_GEOGRAFICO,NB_GEOGRAFICO) VALUES (1688,4,1676,'YAPACANA');
INSERT INTO I032T_GEOGRAFICO (CO_GEOGRAFICO,CO_TIPO_GEOGRAFICO,NU_PADRE_GEOGRAFICO,NB_GEOGRAFICO) VALUES (1689,4,1676,'CANAME');
INSERT INTO I032T_GEOGRAFICO (CO_GEOGRAFICO,CO_TIPO_GEOGRAFICO,NU_PADRE_GEOGRAFICO,NB_GEOGRAFICO) VALUES (1690,4,1677,'CM. MAROA');
INSERT INTO I032T_GEOGRAFICO (CO_GEOGRAFICO,CO_TIPO_GEOGRAFICO,NU_PADRE_GEOGRAFICO,NB_GEOGRAFICO) VALUES (1691,4,1677,'VICTORINO');
INSERT INTO I032T_GEOGRAFICO (CO_GEOGRAFICO,CO_TIPO_GEOGRAFICO,NU_PADRE_GEOGRAFICO,NB_GEOGRAFICO) VALUES (1692,4,1677,'COMUNIDAD');
INSERT INTO I032T_GEOGRAFICO (CO_GEOGRAFICO,CO_TIPO_GEOGRAFICO,NU_PADRE_GEOGRAFICO,NB_GEOGRAFICO) VALUES (1693,4,1678,'CM. SAN CARLOS DE RÍO NEGRO');
INSERT INTO I032T_GEOGRAFICO (CO_GEOGRAFICO,CO_TIPO_GEOGRAFICO,NU_PADRE_GEOGRAFICO,NB_GEOGRAFICO) VALUES (1694,4,1678,'SOLANO');
INSERT INTO I032T_GEOGRAFICO (CO_GEOGRAFICO,CO_TIPO_GEOGRAFICO,NU_PADRE_GEOGRAFICO,NB_GEOGRAFICO) VALUES (1695,4,1678,'CASIQUIARE');
INSERT INTO I032T_GEOGRAFICO (CO_GEOGRAFICO,CO_TIPO_GEOGRAFICO,NU_PADRE_GEOGRAFICO,NB_GEOGRAFICO) VALUES (1696,4,1678,'COCUY');
INSERT INTO I032T_GEOGRAFICO (CO_GEOGRAFICO,CO_TIPO_GEOGRAFICO,NU_PADRE_GEOGRAFICO,NB_GEOGRAFICO) VALUES (1697,4,1679,'CM. ISLA DE RATON');
INSERT INTO I032T_GEOGRAFICO (CO_GEOGRAFICO,CO_TIPO_GEOGRAFICO,NU_PADRE_GEOGRAFICO,NB_GEOGRAFICO) VALUES (1698,4,1679,'SAMARIAPO');
INSERT INTO I032T_GEOGRAFICO (CO_GEOGRAFICO,CO_TIPO_GEOGRAFICO,NU_PADRE_GEOGRAFICO,NB_GEOGRAFICO) VALUES (1699,4,1679,'SIPAPO');
INSERT INTO I032T_GEOGRAFICO (CO_GEOGRAFICO,CO_TIPO_GEOGRAFICO,NU_PADRE_GEOGRAFICO,NB_GEOGRAFICO) VALUES (1700,4,1679,'MUNDUAPO');
INSERT INTO I032T_GEOGRAFICO (CO_GEOGRAFICO,CO_TIPO_GEOGRAFICO,NU_PADRE_GEOGRAFICO,NB_GEOGRAFICO) VALUES (1701,4,1679,'GUAYAPO');
INSERT INTO I032T_GEOGRAFICO (CO_GEOGRAFICO,CO_TIPO_GEOGRAFICO,NU_PADRE_GEOGRAFICO,NB_GEOGRAFICO) VALUES (1702,4,1680,'CM. SAN JUAN DE MANAPIARE');
INSERT INTO I032T_GEOGRAFICO (CO_GEOGRAFICO,CO_TIPO_GEOGRAFICO,NU_PADRE_GEOGRAFICO,NB_GEOGRAFICO) VALUES (1703,4,1680,'ALTO VENTUARI');
INSERT INTO I032T_GEOGRAFICO (CO_GEOGRAFICO,CO_TIPO_GEOGRAFICO,NU_PADRE_GEOGRAFICO,NB_GEOGRAFICO) VALUES (1704,4,1680,'MEDIO VENTUARI');
INSERT INTO I032T_GEOGRAFICO (CO_GEOGRAFICO,CO_TIPO_GEOGRAFICO,NU_PADRE_GEOGRAFICO,NB_GEOGRAFICO) VALUES (1705,4,1680,'BAJO VENTUARI');
INSERT INTO I032T_GEOGRAFICO (CO_GEOGRAFICO,CO_TIPO_GEOGRAFICO,NU_PADRE_GEOGRAFICO,NB_GEOGRAFICO) VALUES (1706,4,1681,'CM. LA ESMERALDA');
INSERT INTO I032T_GEOGRAFICO (CO_GEOGRAFICO,CO_TIPO_GEOGRAFICO,NU_PADRE_GEOGRAFICO,NB_GEOGRAFICO) VALUES (1707,4,1681,'HUACHAMACARE');
INSERT INTO I032T_GEOGRAFICO (CO_GEOGRAFICO,CO_TIPO_GEOGRAFICO,NU_PADRE_GEOGRAFICO,NB_GEOGRAFICO) VALUES (1708,4,1681,'MARAWAKA');
INSERT INTO I032T_GEOGRAFICO (CO_GEOGRAFICO,CO_TIPO_GEOGRAFICO,NU_PADRE_GEOGRAFICO,NB_GEOGRAFICO) VALUES (1709,4,1681,'MAVACA');
INSERT INTO I032T_GEOGRAFICO (CO_GEOGRAFICO,CO_TIPO_GEOGRAFICO,NU_PADRE_GEOGRAFICO,NB_GEOGRAFICO) VALUES (1710,4,1681,'SIERRA PARIMA');
INSERT INTO I032T_GEOGRAFICO (CO_GEOGRAFICO,CO_TIPO_GEOGRAFICO,NU_PADRE_GEOGRAFICO,NB_GEOGRAFICO) VALUES (1711,3,266,'TUCUPITA');
INSERT INTO I032T_GEOGRAFICO (CO_GEOGRAFICO,CO_TIPO_GEOGRAFICO,NU_PADRE_GEOGRAFICO,NB_GEOGRAFICO) VALUES (1712,3,266,'PEDERNALES');
INSERT INTO I032T_GEOGRAFICO (CO_GEOGRAFICO,CO_TIPO_GEOGRAFICO,NU_PADRE_GEOGRAFICO,NB_GEOGRAFICO) VALUES (1713,3,266,'ANTONIO DÍAZ');
INSERT INTO I032T_GEOGRAFICO (CO_GEOGRAFICO,CO_TIPO_GEOGRAFICO,NU_PADRE_GEOGRAFICO,NB_GEOGRAFICO) VALUES (1714,3,266,'CASACOIMA');
INSERT INTO I032T_GEOGRAFICO (CO_GEOGRAFICO,CO_TIPO_GEOGRAFICO,NU_PADRE_GEOGRAFICO,NB_GEOGRAFICO) VALUES (1715,4,1711,'SAN JOSÉ');
INSERT INTO I032T_GEOGRAFICO (CO_GEOGRAFICO,CO_TIPO_GEOGRAFICO,NU_PADRE_GEOGRAFICO,NB_GEOGRAFICO) VALUES (1716,4,1711,'VIRGEN DEL VALLE');
INSERT INTO I032T_GEOGRAFICO (CO_GEOGRAFICO,CO_TIPO_GEOGRAFICO,NU_PADRE_GEOGRAFICO,NB_GEOGRAFICO) VALUES (1717,4,1711,'SAN RAFAEL');
INSERT INTO I032T_GEOGRAFICO (CO_GEOGRAFICO,CO_TIPO_GEOGRAFICO,NU_PADRE_GEOGRAFICO,NB_GEOGRAFICO) VALUES (1718,4,1711,'JOSÉ VIDAL MARCANO');
INSERT INTO I032T_GEOGRAFICO (CO_GEOGRAFICO,CO_TIPO_GEOGRAFICO,NU_PADRE_GEOGRAFICO,NB_GEOGRAFICO) VALUES (1719,4,1711,'LEONARDO RUIZ PINEDA');
INSERT INTO I032T_GEOGRAFICO (CO_GEOGRAFICO,CO_TIPO_GEOGRAFICO,NU_PADRE_GEOGRAFICO,NB_GEOGRAFICO) VALUES (1720,4,1711,'MONSEÑOR ARGIMIRO GARCIA');
INSERT INTO I032T_GEOGRAFICO (CO_GEOGRAFICO,CO_TIPO_GEOGRAFICO,NU_PADRE_GEOGRAFICO,NB_GEOGRAFICO) VALUES (1721,4,1711,'MARISCAL ANTONIO J DE SUCRE');
INSERT INTO I032T_GEOGRAFICO (CO_GEOGRAFICO,CO_TIPO_GEOGRAFICO,NU_PADRE_GEOGRAFICO,NB_GEOGRAFICO) VALUES (1722,4,1711,'JUAN MILLAN');
INSERT INTO I032T_GEOGRAFICO (CO_GEOGRAFICO,CO_TIPO_GEOGRAFICO,NU_PADRE_GEOGRAFICO,NB_GEOGRAFICO) VALUES (1723,4,1712,'PEDERNALES');
INSERT INTO I032T_GEOGRAFICO (CO_GEOGRAFICO,CO_TIPO_GEOGRAFICO,NU_PADRE_GEOGRAFICO,NB_GEOGRAFICO) VALUES (1724,4,1712,'LUIS BELTRAN PRIETO FIGUEROA');
INSERT INTO I032T_GEOGRAFICO (CO_GEOGRAFICO,CO_TIPO_GEOGRAFICO,NU_PADRE_GEOGRAFICO,NB_GEOGRAFICO) VALUES (1725,4,1713,'CURIAPO');
INSERT INTO I032T_GEOGRAFICO (CO_GEOGRAFICO,CO_TIPO_GEOGRAFICO,NU_PADRE_GEOGRAFICO,NB_GEOGRAFICO) VALUES (1726,4,1713,'SANTOS DE ABELGAS');
INSERT INTO I032T_GEOGRAFICO (CO_GEOGRAFICO,CO_TIPO_GEOGRAFICO,NU_PADRE_GEOGRAFICO,NB_GEOGRAFICO) VALUES (1727,4,1713,'MANUEL RENAUD');
INSERT INTO I032T_GEOGRAFICO (CO_GEOGRAFICO,CO_TIPO_GEOGRAFICO,NU_PADRE_GEOGRAFICO,NB_GEOGRAFICO) VALUES (1728,4,1713,'PADRE BARRAL');
INSERT INTO I032T_GEOGRAFICO (CO_GEOGRAFICO,CO_TIPO_GEOGRAFICO,NU_PADRE_GEOGRAFICO,NB_GEOGRAFICO) VALUES (1729,4,1713,'ANICETO LUGO');
INSERT INTO I032T_GEOGRAFICO (CO_GEOGRAFICO,CO_TIPO_GEOGRAFICO,NU_PADRE_GEOGRAFICO,NB_GEOGRAFICO) VALUES (1730,4,1713,'ALMIRANTE LUIS BRION');
INSERT INTO I032T_GEOGRAFICO (CO_GEOGRAFICO,CO_TIPO_GEOGRAFICO,NU_PADRE_GEOGRAFICO,NB_GEOGRAFICO) VALUES (1731,4,1714,'IMATACA');
INSERT INTO I032T_GEOGRAFICO (CO_GEOGRAFICO,CO_TIPO_GEOGRAFICO,NU_PADRE_GEOGRAFICO,NB_GEOGRAFICO) VALUES (1732,4,1714,'RÓMULO GALLEGOS');
INSERT INTO I032T_GEOGRAFICO (CO_GEOGRAFICO,CO_TIPO_GEOGRAFICO,NU_PADRE_GEOGRAFICO,NB_GEOGRAFICO) VALUES (1733,4,1714,'JUAN BAUTISTA ARISMENDI');
INSERT INTO I032T_GEOGRAFICO (CO_GEOGRAFICO,CO_TIPO_GEOGRAFICO,NU_PADRE_GEOGRAFICO,NB_GEOGRAFICO) VALUES (1734,4,1714,'MANUEL PIAR');
INSERT INTO I032T_GEOGRAFICO (CO_GEOGRAFICO,CO_TIPO_GEOGRAFICO,NU_PADRE_GEOGRAFICO,NB_GEOGRAFICO) VALUES (1735,4,1714,'5 DE JULIO');
INSERT INTO I032T_GEOGRAFICO (CO_GEOGRAFICO,CO_TIPO_GEOGRAFICO,NU_PADRE_GEOGRAFICO,NB_GEOGRAFICO) VALUES (1736,3,267,'VARGAS');
INSERT INTO I032T_GEOGRAFICO (CO_GEOGRAFICO,CO_TIPO_GEOGRAFICO,NU_PADRE_GEOGRAFICO,NB_GEOGRAFICO) VALUES (1737,4,1736,'CARABALLEDA');
INSERT INTO I032T_GEOGRAFICO (CO_GEOGRAFICO,CO_TIPO_GEOGRAFICO,NU_PADRE_GEOGRAFICO,NB_GEOGRAFICO) VALUES (1738,4,1736,'CARAYACA');
INSERT INTO I032T_GEOGRAFICO (CO_GEOGRAFICO,CO_TIPO_GEOGRAFICO,NU_PADRE_GEOGRAFICO,NB_GEOGRAFICO) VALUES (1739,4,1736,'CARUAO');
INSERT INTO I032T_GEOGRAFICO (CO_GEOGRAFICO,CO_TIPO_GEOGRAFICO,NU_PADRE_GEOGRAFICO,NB_GEOGRAFICO) VALUES (1740,4,1736,'CATIA LA MAR');
INSERT INTO I032T_GEOGRAFICO (CO_GEOGRAFICO,CO_TIPO_GEOGRAFICO,NU_PADRE_GEOGRAFICO,NB_GEOGRAFICO) VALUES (1741,4,1736,'LA GUAIRA');
INSERT INTO I032T_GEOGRAFICO (CO_GEOGRAFICO,CO_TIPO_GEOGRAFICO,NU_PADRE_GEOGRAFICO,NB_GEOGRAFICO) VALUES (1742,4,1736,'MACUTO');
INSERT INTO I032T_GEOGRAFICO (CO_GEOGRAFICO,CO_TIPO_GEOGRAFICO,NU_PADRE_GEOGRAFICO,NB_GEOGRAFICO) VALUES (1743,4,1736,'MAIQUETIA');
INSERT INTO I032T_GEOGRAFICO (CO_GEOGRAFICO,CO_TIPO_GEOGRAFICO,NU_PADRE_GEOGRAFICO,NB_GEOGRAFICO) VALUES (1744,4,1736,'NAIGUATA');
INSERT INTO I032T_GEOGRAFICO (CO_GEOGRAFICO,CO_TIPO_GEOGRAFICO,NU_PADRE_GEOGRAFICO,NB_GEOGRAFICO) VALUES (1745,4,1736,'EL JUNKO');
INSERT INTO I032T_GEOGRAFICO (CO_GEOGRAFICO,CO_TIPO_GEOGRAFICO,NU_PADRE_GEOGRAFICO,NB_GEOGRAFICO) VALUES (1746,4,1736,'URIMARE');
INSERT INTO I032T_GEOGRAFICO (CO_GEOGRAFICO,CO_TIPO_GEOGRAFICO,NU_PADRE_GEOGRAFICO,NB_GEOGRAFICO) VALUES (1747,4,1736,'CARLOS SOUBLETTE');
INSERT INTO I032T_GEOGRAFICO (CO_GEOGRAFICO,CO_TIPO_GEOGRAFICO,NU_PADRE_GEOGRAFICO,NB_GEOGRAFICO) VALUES (1748,5,0,'PN ISLA DE AVES');
INSERT INTO I032T_GEOGRAFICO (CO_GEOGRAFICO,CO_TIPO_GEOGRAFICO,NU_PADRE_GEOGRAFICO,NB_GEOGRAFICO) VALUES (1749,5,0,'PN SOTAVENTO');
INSERT INTO I032T_GEOGRAFICO (CO_GEOGRAFICO,CO_TIPO_GEOGRAFICO,NU_PADRE_GEOGRAFICO,NB_GEOGRAFICO) VALUES (1750,5,0,'PN LA ORCHILA');
INSERT INTO I032T_GEOGRAFICO (CO_GEOGRAFICO,CO_TIPO_GEOGRAFICO,NU_PADRE_GEOGRAFICO,NB_GEOGRAFICO) VALUES (1751,5,0,'PN LA BLANQUILLA');
INSERT INTO I032T_GEOGRAFICO (CO_GEOGRAFICO,CO_TIPO_GEOGRAFICO,NU_PADRE_GEOGRAFICO,NB_GEOGRAFICO) VALUES (1752,5,0,'PN LOS TESTIGOS');
INSERT INTO I032T_GEOGRAFICO (CO_GEOGRAFICO,CO_TIPO_GEOGRAFICO,NU_PADRE_GEOGRAFICO,NB_GEOGRAFICO) VALUES (1753,5,0,'PN LOS MONJES');
INSERT INTO I032T_GEOGRAFICO (CO_GEOGRAFICO,CO_TIPO_GEOGRAFICO,NU_PADRE_GEOGRAFICO,NB_GEOGRAFICO) VALUES (1754,6,265,'921 BC/LA CHARCA');
INSERT INTO I032T_GEOGRAFICO (CO_GEOGRAFICO,CO_TIPO_GEOGRAFICO,NU_PADRE_GEOGRAFICO,NB_GEOGRAFICO) VALUES (1755,6,265,'921/LOS BANCOS');
INSERT INTO I032T_GEOGRAFICO (CO_GEOGRAFICO,CO_TIPO_GEOGRAFICO,NU_PADRE_GEOGRAFICO,NB_GEOGRAFICO) VALUES (1756,6,265,'923 BC-DEST-17/GUAFITAS');
INSERT INTO I032T_GEOGRAFICO (CO_GEOGRAFICO,CO_TIPO_GEOGRAFICO,NU_PADRE_GEOGRAFICO,NB_GEOGRAFICO) VALUES (1757,6,265,'ACANAQA');
INSERT INTO I032T_GEOGRAFICO (CO_GEOGRAFICO,CO_TIPO_GEOGRAFICO,NU_PADRE_GEOGRAFICO,NB_GEOGRAFICO) VALUES (1758,6,265,'AGUALINDA');
INSERT INTO I032T_GEOGRAFICO (CO_GEOGRAFICO,CO_TIPO_GEOGRAFICO,NU_PADRE_GEOGRAFICO,NB_GEOGRAFICO) VALUES (1759,6,265,'BST CHAPARALITO');
INSERT INTO I032T_GEOGRAFICO (CO_GEOGRAFICO,CO_TIPO_GEOGRAFICO,NU_PADRE_GEOGRAFICO,NB_GEOGRAFICO) VALUES (1760,6,265,'CAÑO COLORADO');
INSERT INTO I032T_GEOGRAFICO (CO_GEOGRAFICO,CO_TIPO_GEOGRAFICO,NU_PADRE_GEOGRAFICO,NB_GEOGRAFICO) VALUES (1761,6,265,'CERRO CACURITO');
INSERT INTO I032T_GEOGRAFICO (CO_GEOGRAFICO,CO_TIPO_GEOGRAFICO,NU_PADRE_GEOGRAFICO,NB_GEOGRAFICO) VALUES (1762,6,265,'DEST 12/CUTUFI');
INSERT INTO I032T_GEOGRAFICO (CO_GEOGRAFICO,CO_TIPO_GEOGRAFICO,NU_PADRE_GEOGRAFICO,NB_GEOGRAFICO) VALUES (1763,6,265,'GUATAMO');
INSERT INTO I032T_GEOGRAFICO (CO_GEOGRAFICO,CO_TIPO_GEOGRAFICO,NU_PADRE_GEOGRAFICO,NB_GEOGRAFICO) VALUES (1764,6,265,'KOSHIROWATERI');
INSERT INTO I032T_GEOGRAFICO (CO_GEOGRAFICO,CO_TIPO_GEOGRAFICO,NU_PADRE_GEOGRAFICO,NB_GEOGRAFICO) VALUES (1765,6,265,'MP. ALTO ORINOCO');
INSERT INTO I032T_GEOGRAFICO (CO_GEOGRAFICO,CO_TIPO_GEOGRAFICO,NU_PADRE_GEOGRAFICO,NB_GEOGRAFICO) VALUES (1766,6,265,'MP. ATABAPO');
INSERT INTO I032T_GEOGRAFICO (CO_GEOGRAFICO,CO_TIPO_GEOGRAFICO,NU_PADRE_GEOGRAFICO,NB_GEOGRAFICO) VALUES (1767,6,265,'MP. ATURES');
INSERT INTO I032T_GEOGRAFICO (CO_GEOGRAFICO,CO_TIPO_GEOGRAFICO,NU_PADRE_GEOGRAFICO,NB_GEOGRAFICO) VALUES (1768,6,265,'MP. AUTANA');
INSERT INTO I032T_GEOGRAFICO (CO_GEOGRAFICO,CO_TIPO_GEOGRAFICO,NU_PADRE_GEOGRAFICO,NB_GEOGRAFICO) VALUES (1769,6,265,'MP. MANAPIARE');
INSERT INTO I032T_GEOGRAFICO (CO_GEOGRAFICO,CO_TIPO_GEOGRAFICO,NU_PADRE_GEOGRAFICO,NB_GEOGRAFICO) VALUES (1770,6,265,'MP. RÍO NEGRO');
INSERT INTO I032T_GEOGRAFICO (CO_GEOGRAFICO,CO_TIPO_GEOGRAFICO,NU_PADRE_GEOGRAFICO,NB_GEOGRAFICO) VALUES (1771,6,265,'PURUNAME');
INSERT INTO I032T_GEOGRAFICO (CO_GEOGRAFICO,CO_TIPO_GEOGRAFICO,NU_PADRE_GEOGRAFICO,NB_GEOGRAFICO) VALUES (1772,6,265,'SALTO MARACA');
INSERT INTO I032T_GEOGRAFICO (CO_GEOGRAFICO,CO_TIPO_GEOGRAFICO,NU_PADRE_GEOGRAFICO,NB_GEOGRAFICO) VALUES (1773,6,265,'TAMA-TAMA');
INSERT INTO I032T_GEOGRAFICO (CO_GEOGRAFICO,CO_TIPO_GEOGRAFICO,NU_PADRE_GEOGRAFICO,NB_GEOGRAFICO) VALUES (1774,6,265,'YAHANAMA');
INSERT INTO I032T_GEOGRAFICO (CO_GEOGRAFICO,CO_TIPO_GEOGRAFICO,NU_PADRE_GEOGRAFICO,NB_GEOGRAFICO) VALUES (1775,6,245,'LA TORTUGA');
INSERT INTO I032T_GEOGRAFICO (CO_GEOGRAFICO,CO_TIPO_GEOGRAFICO,NU_PADRE_GEOGRAFICO,NB_GEOGRAFICO) VALUES (1776,6,246,'ACHAGUAS');
INSERT INTO I032T_GEOGRAFICO (CO_GEOGRAFICO,CO_TIPO_GEOGRAFICO,NU_PADRE_GEOGRAFICO,NB_GEOGRAFICO) VALUES (1777,6,246,'BASE CUTUFI');
INSERT INTO I032T_GEOGRAFICO (CO_GEOGRAFICO,CO_TIPO_GEOGRAFICO,NU_PADRE_GEOGRAFICO,NB_GEOGRAFICO) VALUES (1778,6,246,'BASE LOS BANCOS');
INSERT INTO I032T_GEOGRAFICO (CO_GEOGRAFICO,CO_TIPO_GEOGRAFICO,NU_PADRE_GEOGRAFICO,NB_GEOGRAFICO) VALUES (1779,6,246,'BPF PTO INFANTE DES NO 63');
INSERT INTO I032T_GEOGRAFICO (CO_GEOGRAFICO,CO_TIPO_GEOGRAFICO,NU_PADRE_GEOGRAFICO,NB_GEOGRAFICO) VALUES (1780,6,246,'BPF PTO PÁEZ');
INSERT INTO I032T_GEOGRAFICO (CO_GEOGRAFICO,CO_TIPO_GEOGRAFICO,NU_PADRE_GEOGRAFICO,NB_GEOGRAFICO) VALUES (1781,6,246,'D 91/BUENA VISTA DEL META');
INSERT INTO I032T_GEOGRAFICO (CO_GEOGRAFICO,CO_TIPO_GEOGRAFICO,NU_PADRE_GEOGRAFICO,NB_GEOGRAFICO) VALUES (1782,6,246,'DEST 91/CARARABO');
INSERT INTO I032T_GEOGRAFICO (CO_GEOGRAFICO,CO_TIPO_GEOGRAFICO,NU_PADRE_GEOGRAFICO,NB_GEOGRAFICO) VALUES (1783,6,246,'MP. ACHAGUAS');
INSERT INTO I032T_GEOGRAFICO (CO_GEOGRAFICO,CO_TIPO_GEOGRAFICO,NU_PADRE_GEOGRAFICO,NB_GEOGRAFICO) VALUES (1784,6,246,'MP. PÁEZ');
INSERT INTO I032T_GEOGRAFICO (CO_GEOGRAFICO,CO_TIPO_GEOGRAFICO,NU_PADRE_GEOGRAFICO,NB_GEOGRAFICO) VALUES (1785,6,246,'MP. PEDRO CAMEJO');
INSERT INTO I032T_GEOGRAFICO (CO_GEOGRAFICO,CO_TIPO_GEOGRAFICO,NU_PADRE_GEOGRAFICO,NB_GEOGRAFICO) VALUES (1786,6,246,'MP. RÓMULO GALLEGOS');
INSERT INTO I032T_GEOGRAFICO (CO_GEOGRAFICO,CO_TIPO_GEOGRAFICO,NU_PADRE_GEOGRAFICO,NB_GEOGRAFICO) VALUES (1787,6,246,'MP. SAN FERNANDO');
INSERT INTO I032T_GEOGRAFICO (CO_GEOGRAFICO,CO_TIPO_GEOGRAFICO,NU_PADRE_GEOGRAFICO,NB_GEOGRAFICO) VALUES (1788,6,246,'PEDRO CAMEJO');
INSERT INTO I032T_GEOGRAFICO (CO_GEOGRAFICO,CO_TIPO_GEOGRAFICO,NU_PADRE_GEOGRAFICO,NB_GEOGRAFICO) VALUES (1789,6,246,'SAN FERNANDO');
INSERT INTO I032T_GEOGRAFICO (CO_GEOGRAFICO,CO_TIPO_GEOGRAFICO,NU_PADRE_GEOGRAFICO,NB_GEOGRAFICO) VALUES (1790,6,249,'CANAIMA');
INSERT INTO I032T_GEOGRAFICO (CO_GEOGRAFICO,CO_TIPO_GEOGRAFICO,NU_PADRE_GEOGRAFICO,NB_GEOGRAFICO) VALUES (1791,6,249,'CAÑO COLORADO');
INSERT INTO I032T_GEOGRAFICO (CO_GEOGRAFICO,CO_TIPO_GEOGRAFICO,NU_PADRE_GEOGRAFICO,NB_GEOGRAFICO) VALUES (1792,6,249,'CERRO CUCURITO');
INSERT INTO I032T_GEOGRAFICO (CO_GEOGRAFICO,CO_TIPO_GEOGRAFICO,NU_PADRE_GEOGRAFICO,NB_GEOGRAFICO) VALUES (1793,6,249,'COSOHIBA');
INSERT INTO I032T_GEOGRAFICO (CO_GEOGRAFICO,CO_TIPO_GEOGRAFICO,NU_PADRE_GEOGRAFICO,NB_GEOGRAFICO) VALUES (1794,6,249,'IKABARU');
INSERT INTO I032T_GEOGRAFICO (CO_GEOGRAFICO,CO_TIPO_GEOGRAFICO,NU_PADRE_GEOGRAFICO,NB_GEOGRAFICO) VALUES (1795,6,249,'MP. HERES');
INSERT INTO I032T_GEOGRAFICO (CO_GEOGRAFICO,CO_TIPO_GEOGRAFICO,NU_PADRE_GEOGRAFICO,NB_GEOGRAFICO) VALUES (1796,6,249,'MP. SIFONTES');
INSERT INTO I032T_GEOGRAFICO (CO_GEOGRAFICO,CO_TIPO_GEOGRAFICO,NU_PADRE_GEOGRAFICO,NB_GEOGRAFICO) VALUES (1797,6,249,'SALTO MARACA');
INSERT INTO I032T_GEOGRAFICO (CO_GEOGRAFICO,CO_TIPO_GEOGRAFICO,NU_PADRE_GEOGRAFICO,NB_GEOGRAFICO) VALUES (1798,6,249,'SAN JUAN DE VENAMO');
INSERT INTO I032T_GEOGRAFICO (CO_GEOGRAFICO,CO_TIPO_GEOGRAFICO,NU_PADRE_GEOGRAFICO,NB_GEOGRAFICO) VALUES (1799,6,249,'UONQUEN');
INSERT INTO I032T_GEOGRAFICO (CO_GEOGRAFICO,CO_TIPO_GEOGRAFICO,NU_PADRE_GEOGRAFICO,NB_GEOGRAFICO) VALUES (1800,6,249,'URIMAN');
INSERT INTO I032T_GEOGRAFICO (CO_GEOGRAFICO,CO_TIPO_GEOGRAFICO,NU_PADRE_GEOGRAFICO,NB_GEOGRAFICO) VALUES (1801,6,250,'PUERTO CABELLO');
INSERT INTO I032T_GEOGRAFICO (CO_GEOGRAFICO,CO_TIPO_GEOGRAFICO,NU_PADRE_GEOGRAFICO,NB_GEOGRAFICO) VALUES (1802,6,266,'BOCA DE AMACURO');
INSERT INTO I032T_GEOGRAFICO (CO_GEOGRAFICO,CO_TIPO_GEOGRAFICO,NU_PADRE_GEOGRAFICO,NB_GEOGRAFICO) VALUES (1803,6,266,'BOCA DE GUACAJARA');
INSERT INTO I032T_GEOGRAFICO (CO_GEOGRAFICO,CO_TIPO_GEOGRAFICO,NU_PADRE_GEOGRAFICO,NB_GEOGRAFICO) VALUES (1804,6,266,'CAS GUAYABOROINA');
INSERT INTO I032T_GEOGRAFICO (CO_GEOGRAFICO,CO_TIPO_GEOGRAFICO,NU_PADRE_GEOGRAFICO,NB_GEOGRAFICO) VALUES (1805,6,266,'CAS IBARUMA');
INSERT INTO I032T_GEOGRAFICO (CO_GEOGRAFICO,CO_TIPO_GEOGRAFICO,NU_PADRE_GEOGRAFICO,NB_GEOGRAFICO) VALUES (1806,6,266,'CAS ISLA MISTERIOSA');
INSERT INTO I032T_GEOGRAFICO (CO_GEOGRAFICO,CO_TIPO_GEOGRAFICO,NU_PADRE_GEOGRAFICO,NB_GEOGRAFICO) VALUES (1807,6,266,'CAS LAS MARGARITAS');
INSERT INTO I032T_GEOGRAFICO (CO_GEOGRAFICO,CO_TIPO_GEOGRAFICO,NU_PADRE_GEOGRAFICO,NB_GEOGRAFICO) VALUES (1808,6,266,'CASERIO BONOINA');
INSERT INTO I032T_GEOGRAFICO (CO_GEOGRAFICO,CO_TIPO_GEOGRAFICO,NU_PADRE_GEOGRAFICO,NB_GEOGRAFICO) VALUES (1809,6,266,'CASERIO GUINAMORENA');
INSERT INTO I032T_GEOGRAFICO (CO_GEOGRAFICO,CO_TIPO_GEOGRAFICO,NU_PADRE_GEOGRAFICO,NB_GEOGRAFICO) VALUES (1810,6,266,'CASERIO SANTA ROSA DE GUAYO');
INSERT INTO I032T_GEOGRAFICO (CO_GEOGRAFICO,CO_TIPO_GEOGRAFICO,NU_PADRE_GEOGRAFICO,NB_GEOGRAFICO) VALUES (1811,6,266,'EL TORO');
INSERT INTO I032T_GEOGRAFICO (CO_GEOGRAFICO,CO_TIPO_GEOGRAFICO,NU_PADRE_GEOGRAFICO,NB_GEOGRAFICO) VALUES (1812,6,266,'GERISIBANOCO');
INSERT INTO I032T_GEOGRAFICO (CO_GEOGRAFICO,CO_TIPO_GEOGRAFICO,NU_PADRE_GEOGRAFICO,NB_GEOGRAFICO) VALUES (1813,6,266,'MANOAS');
INSERT INTO I032T_GEOGRAFICO (CO_GEOGRAFICO,CO_TIPO_GEOGRAFICO,NU_PADRE_GEOGRAFICO,NB_GEOGRAFICO) VALUES (1814,6,266,'MEREJINA');
INSERT INTO I032T_GEOGRAFICO (CO_GEOGRAFICO,CO_TIPO_GEOGRAFICO,NU_PADRE_GEOGRAFICO,NB_GEOGRAFICO) VALUES (1815,6,266,'MP. ANTONIO DÍAZ');
INSERT INTO I032T_GEOGRAFICO (CO_GEOGRAFICO,CO_TIPO_GEOGRAFICO,NU_PADRE_GEOGRAFICO,NB_GEOGRAFICO) VALUES (1816,6,266,'MP. TUCUPITA');
INSERT INTO I032T_GEOGRAFICO (CO_GEOGRAFICO,CO_TIPO_GEOGRAFICO,NU_PADRE_GEOGRAFICO,NB_GEOGRAFICO) VALUES (1817,6,266,'MURAKO');
INSERT INTO I032T_GEOGRAFICO (CO_GEOGRAFICO,CO_TIPO_GEOGRAFICO,NU_PADRE_GEOGRAFICO,NB_GEOGRAFICO) VALUES (1818,6,266,'OROCOIMA');
INSERT INTO I032T_GEOGRAFICO (CO_GEOGRAFICO,CO_TIPO_GEOGRAFICO,NU_PADRE_GEOGRAFICO,NB_GEOGRAFICO) VALUES (1819,6,266,'RÍO ARATURE');
INSERT INTO I032T_GEOGRAFICO (CO_GEOGRAFICO,CO_TIPO_GEOGRAFICO,NU_PADRE_GEOGRAFICO,NB_GEOGRAFICO) VALUES (1820,6,266,'SAN JOSÉ DE AMACURO');
INSERT INTO I032T_GEOGRAFICO (CO_GEOGRAFICO,CO_TIPO_GEOGRAFICO,NU_PADRE_GEOGRAFICO,NB_GEOGRAFICO) VALUES (1821,6,266,'WAUSA');
INSERT INTO I032T_GEOGRAFICO (CO_GEOGRAFICO,CO_TIPO_GEOGRAFICO,NU_PADRE_GEOGRAFICO,NB_GEOGRAFICO) VALUES (1822,6,252,'LOS MONJES');
INSERT INTO I032T_GEOGRAFICO (CO_GEOGRAFICO,CO_TIPO_GEOGRAFICO,NU_PADRE_GEOGRAFICO,NB_GEOGRAFICO) VALUES (1823,6,252,'MP. CARIRUBANA');
INSERT INTO I032T_GEOGRAFICO (CO_GEOGRAFICO,CO_TIPO_GEOGRAFICO,NU_PADRE_GEOGRAFICO,NB_GEOGRAFICO) VALUES (1824,6,258,'LA BLANQUILLA');
INSERT INTO I032T_GEOGRAFICO (CO_GEOGRAFICO,CO_TIPO_GEOGRAFICO,NU_PADRE_GEOGRAFICO,NB_GEOGRAFICO) VALUES (1825,6,258,'LOS TESTIGOS');
INSERT INTO I032T_GEOGRAFICO (CO_GEOGRAFICO,CO_TIPO_GEOGRAFICO,NU_PADRE_GEOGRAFICO,NB_GEOGRAFICO) VALUES (1826,6,258,'MP. MARIÑO');
INSERT INTO I032T_GEOGRAFICO (CO_GEOGRAFICO,CO_TIPO_GEOGRAFICO,NU_PADRE_GEOGRAFICO,NB_GEOGRAFICO) VALUES (1827,6,260,'LOS TESTIGOS');
INSERT INTO I032T_GEOGRAFICO (CO_GEOGRAFICO,CO_TIPO_GEOGRAFICO,NU_PADRE_GEOGRAFICO,NB_GEOGRAFICO) VALUES (1828,6,261,'AYACUCHO');
INSERT INTO I032T_GEOGRAFICO (CO_GEOGRAFICO,CO_TIPO_GEOGRAFICO,NU_PADRE_GEOGRAFICO,NB_GEOGRAFICO) VALUES (1829,6,261,'BOLÍVAR');
INSERT INTO I032T_GEOGRAFICO (CO_GEOGRAFICO,CO_TIPO_GEOGRAFICO,NU_PADRE_GEOGRAFICO,NB_GEOGRAFICO) VALUES (1830,6,261,'GARCIA DE HEVIA');
INSERT INTO I032T_GEOGRAFICO (CO_GEOGRAFICO,CO_TIPO_GEOGRAFICO,NU_PADRE_GEOGRAFICO,NB_GEOGRAFICO) VALUES (1831,6,261,'JUNÍN');
INSERT INTO I032T_GEOGRAFICO (CO_GEOGRAFICO,CO_TIPO_GEOGRAFICO,NU_PADRE_GEOGRAFICO,NB_GEOGRAFICO) VALUES (1832,6,261,'MICHELENA');
INSERT INTO I032T_GEOGRAFICO (CO_GEOGRAFICO,CO_TIPO_GEOGRAFICO,NU_PADRE_GEOGRAFICO,NB_GEOGRAFICO) VALUES (1833,6,261,'RAFAEL URDANETA');
INSERT INTO I032T_GEOGRAFICO (CO_GEOGRAFICO,CO_TIPO_GEOGRAFICO,NU_PADRE_GEOGRAFICO,NB_GEOGRAFICO) VALUES (1834,6,261,'PEDRO MARÍA UREÑA');
INSERT INTO I032T_GEOGRAFICO (CO_GEOGRAFICO,CO_TIPO_GEOGRAFICO,NU_PADRE_GEOGRAFICO,NB_GEOGRAFICO) VALUES (1835,6,262,'CARACHE');
INSERT INTO I032T_GEOGRAFICO (CO_GEOGRAFICO,CO_TIPO_GEOGRAFICO,NU_PADRE_GEOGRAFICO,NB_GEOGRAFICO) VALUES (1836,6,262,'LA CEIBA');
INSERT INTO I032T_GEOGRAFICO (CO_GEOGRAFICO,CO_TIPO_GEOGRAFICO,NU_PADRE_GEOGRAFICO,NB_GEOGRAFICO) VALUES (1837,6,267,'ISLA DE AVES');
INSERT INTO I032T_GEOGRAFICO (CO_GEOGRAFICO,CO_TIPO_GEOGRAFICO,NU_PADRE_GEOGRAFICO,NB_GEOGRAFICO) VALUES (1838,6,267,'ISLA LA ORCHILA');
INSERT INTO I032T_GEOGRAFICO (CO_GEOGRAFICO,CO_TIPO_GEOGRAFICO,NU_PADRE_GEOGRAFICO,NB_GEOGRAFICO) VALUES (1839,6,267,'VARGAS');
INSERT INTO I032T_GEOGRAFICO (CO_GEOGRAFICO,CO_TIPO_GEOGRAFICO,NU_PADRE_GEOGRAFICO,NB_GEOGRAFICO) VALUES (1840,6,264,'BPF CERRO EL INDIO');
INSERT INTO I032T_GEOGRAFICO (CO_GEOGRAFICO,CO_TIPO_GEOGRAFICO,NU_PADRE_GEOGRAFICO,NB_GEOGRAFICO) VALUES (1841,6,264,'BPF PALMERAS DIANA');
INSERT INTO I032T_GEOGRAFICO (CO_GEOGRAFICO,CO_TIPO_GEOGRAFICO,NU_PADRE_GEOGRAFICO,NB_GEOGRAFICO) VALUES (1842,6,264,'BPF TRES BOCA');
INSERT INTO I032T_GEOGRAFICO (CO_GEOGRAFICO,CO_TIPO_GEOGRAFICO,NU_PADRE_GEOGRAFICO,NB_GEOGRAFICO) VALUES (1843,6,264,'BPF ZIPA');
INSERT INTO I032T_GEOGRAFICO (CO_GEOGRAFICO,CO_TIPO_GEOGRAFICO,NU_PADRE_GEOGRAFICO,NB_GEOGRAFICO) VALUES (1844,6,264,'CASTILLETES');
INSERT INTO I032T_GEOGRAFICO (CO_GEOGRAFICO,CO_TIPO_GEOGRAFICO,NU_PADRE_GEOGRAFICO,NB_GEOGRAFICO) VALUES (1845,6,264,'EL ESCONDIDO');
INSERT INTO I032T_GEOGRAFICO (CO_GEOGRAFICO,CO_TIPO_GEOGRAFICO,NU_PADRE_GEOGRAFICO,NB_GEOGRAFICO) VALUES (1846,6,264,'M/ROSARIO DE PERIJA');
INSERT INTO I032T_GEOGRAFICO (CO_GEOGRAFICO,CO_TIPO_GEOGRAFICO,NU_PADRE_GEOGRAFICO,NB_GEOGRAFICO) VALUES (1847,6,264,'CATATUMBO');
INSERT INTO I032T_GEOGRAFICO (CO_GEOGRAFICO,CO_TIPO_GEOGRAFICO,NU_PADRE_GEOGRAFICO,NB_GEOGRAFICO) VALUES (1848,6,264,'JESÚS E LOSSADA');
INSERT INTO I032T_GEOGRAFICO (CO_GEOGRAFICO,CO_TIPO_GEOGRAFICO,NU_PADRE_GEOGRAFICO,NB_GEOGRAFICO) VALUES (1849,6,264,'JESÚS M SEMPRUN');
INSERT INTO I032T_GEOGRAFICO (CO_GEOGRAFICO,CO_TIPO_GEOGRAFICO,NU_PADRE_GEOGRAFICO,NB_GEOGRAFICO) VALUES (1850,6,264,'MARA');
INSERT INTO I032T_GEOGRAFICO (CO_GEOGRAFICO,CO_TIPO_GEOGRAFICO,NU_PADRE_GEOGRAFICO,NB_GEOGRAFICO) VALUES (1851,6,264,'MARACAIBO');
INSERT INTO I032T_GEOGRAFICO (CO_GEOGRAFICO,CO_TIPO_GEOGRAFICO,NU_PADRE_GEOGRAFICO,NB_GEOGRAFICO) VALUES (1852,6,264,'PÁEZ');
INSERT INTO I032T_GEOGRAFICO (CO_GEOGRAFICO,CO_TIPO_GEOGRAFICO,NU_PADRE_GEOGRAFICO,NB_GEOGRAFICO) VALUES (1853,6,264,'PTO FRONT. MATA DE COCO');


	INSERT into C046T_SOLICITANTE_TIPO (CO_SOLICITANTE_TIPO,TX_DESCRIPCION,FE_FIN,FE_INICIO,NB_SOLICITANTE_TIPO) values ('1','Declarante',null,'2015-12-15','Declarante');
	INSERT into C046T_SOLICITANTE_TIPO (CO_SOLICITANTE_TIPO,TX_DESCRIPCION,FE_FIN,FE_INICIO,NB_SOLICITANTE_TIPO) values ('2','Ente',null,'2015-12-15','Ente Publico');


	INSERT into C048T_OFICINA_CONEXION (CO_OFICINA_CONEXION,TX_DESCRIPCION,FE_FIN,FE_INICIO,NB_OFICINA_CONEXION) values ('1','FUERA DE LINEA',null,'2015-12-15','FUERA DE LINEA');
	INSERT into C048T_OFICINA_CONEXION (CO_OFICINA_CONEXION,TX_DESCRIPCION,FE_FIN,FE_INICIO,NB_OFICINA_CONEXION) values ('2','EN LINEA',null,'2015-12-15','EN LINEA');


	INSERT into C049T_OFICINA_ESTATUS (CO_OFICINA_ESTATUS,TX_DESCRIPCION,FE_FIN,FE_INICIO,NB_OFICINA_ESTATUS) values ('1','INHABILITADA',null,'2015-12-15','INHABILITADA');
	INSERT into C049T_OFICINA_ESTATUS (CO_OFICINA_ESTATUS,TX_DESCRIPCION,FE_FIN,FE_INICIO,NB_OFICINA_ESTATUS) values ('2','HABILITADA',null,'2015-12-15','HABILITADA');


	INSERT into C050T_OFICINA_FUNC_ESTATUS (CO_OFICINA_FUNC_ESTATUS,CO_OFICINA_FUNC_ESTATUS,TX_DESCRIPCION,FE_FIN,FE_INICIO,NB_OFICINA_FUNC_ESTATUS) values ('1','ACT','ACTIVO',null,'2015-11-30','ACTIVO');


	INSERT into C051T_LIBRO_ESTATUS (CO_LIBRO_ESTATUS,TX_DESCRIPCION,FE_FIN,FE_INICIO,NB_LIBRO_ESTATUS) values ('1','ABIERTO',null,'2015-12-15','ABIERTO');
	INSERT into C051T_LIBRO_ESTATUS (CO_LIBRO_ESTATUS,TX_DESCRIPCION,FE_FIN,FE_INICIO,NB_LIBRO_ESTATUS) values ('2','CERRADO',null,'2015-12-15','CERRADO');

	INSERT into C060T_DIARIO_ESTATUS (CO_DIARIO_ESTATUS,TX_DESCRIPCION,FE_FIN,FE_INICIO,NB_DIARIO_ESTATUS) values ('1','PIA','PENDIENTE POR AUTENTICAR',null,to_date('12/07/16','DD/MM/RR'),'PENDIENTE POR AUTENTICAR');
	INSERT into C060T_DIARIO_ESTATUS (CO_DIARIO_ESTATUS,TX_DESCRIPCION,FE_FIN,FE_INICIO,NB_DIARIO_ESTATUS) values ('2','PVA','PENDIENTE POR VERIFICAR R.C',null,to_date('12/07/16','DD/MM/RR'),'PENDIENTE POR VERIFICAR R.C');
	INSERT into C060T_DIARIO_ESTATUS (CO_DIARIO_ESTATUS,TX_DESCRIPCION,FE_FIN,FE_INICIO,NB_DIARIO_ESTATUS) values ('3','AB','ABIERTA',null,to_date('30/11/15','DD/MM/RR'),'ABIERTA');
	INSERT into C060T_DIARIO_ESTATUS (CO_DIARIO_ESTATUS,TX_DESCRIPCION,FE_FIN,FE_INICIO,NB_DIARIO_ESTATUS) values ('4','CE','CERRADA',null,to_date('30/11/15','DD/MM/RR'),'CERRADA');
	INSERT into C060T_DIARIO_ESTATUS (CO_DIARIO_ESTATUS,TX_DESCRIPCION,FE_FIN,FE_INICIO,NB_DIARIO_ESTATUS) values ('5','CA','CANCELADA',null,to_date('03/12/15','DD/MM/RR'),'CANCELADA');
	INSERT into C060T_DIARIO_ESTATUS (CO_DIARIO_ESTATUS,TX_DESCRIPCION,FE_FIN,FE_INICIO,NB_DIARIO_ESTATUS) values ('6','PC','PARCIALMENTE CERRADA',null,to_date('03/12/15','DD/MM/RR'),'PARCIALMENTE CERRADA');
	INSERT into C060T_DIARIO_ESTATUS (CO_DIARIO_ESTATUS,TX_DESCRIPCION,FE_FIN,FE_INICIO,NB_DIARIO_ESTATUS) values ('7','PA','PENDIENTE POR AUTENTICAR',null,to_date('22/04/16','DD/MM/RR'),'PENDIENTE POR AUTENTICAR');
	INSERT into C060T_DIARIO_ESTATUS (CO_DIARIO_ESTATUS,TX_DESCRIPCION,FE_FIN,FE_INICIO,NB_DIARIO_ESTATUS) values ('8','CP','CANCELADA  POR EXPIRACION DE TIEMPO',null,to_date('22/04/16','DD/MM/RR'),'CANCELADA  POR EXPIRACION DE TIEMPO');
	INSERT into C060T_DIARIO_ESTATUS (CO_DIARIO_ESTATUS,TX_DESCRIPCION,FE_FIN,FE_INICIO,NB_DIARIO_ESTATUS) values ('9','PV','PENDIENTE POR VERIFICAR R.C',null,to_date('22/04/16','DD/MM/RR'),'PENDIENTE POR VERIFICAR R.C');
	INSERT into C060T_DIARIO_ESTATUS (CO_DIARIO_ESTATUS,TX_DESCRIPCION,FE_FIN,FE_INICIO,NB_DIARIO_ESTATUS) values ('10','PI','PENDIENTE POR IMPRIMIR',null,to_date('22/04/16','DD/MM/RR'),'PENDIENTE POR IMPRIMIR');
	INSERT into C060T_DIARIO_ESTATUS (CO_DIARIO_ESTATUS,TX_DESCRIPCION,FE_FIN,FE_INICIO,NB_DIARIO_ESTATUS) values ('11','NC','NO CONFORME POR REGISTRADOR CIVIL',null,to_date('22/04/16','DD/MM/RR'),'NO CONFORME POR REGISTRADOR CIVIL');
	INSERT into C060T_DIARIO_ESTATUS (CO_DIARIO_ESTATUS,TX_DESCRIPCION,FE_FIN,FE_INICIO,NB_DIARIO_ESTATUS) values ('12','PRNM','PENDIENTE POR REGISTRAR NOTA MARGINAL ',null,to_date('26/07/16','DD/MM/RR'),'PENDIENTE POR REGISTRAR NOTA MARGINAL ');
	INSERT into C060T_DIARIO_ESTATUS (CO_DIARIO_ESTATUS,TX_DESCRIPCION,FE_FIN,FE_INICIO,NB_DIARIO_ESTATUS) values ('13','OEO','OFICIO ENVIADO AL ÓRGANO O ENTE COMPETENTE',null,to_date('26/07/16','DD/MM/RR'),'OFICIO ENVIADO AL ÓRGANO O ENTE COMPETENTE');
	INSERT into C060T_DIARIO_ESTATUS (CO_DIARIO_ESTATUS,TX_DESCRIPCION,FE_FIN,FE_INICIO,NB_DIARIO_ESTATUS) values ('14','PEA','PENDIENTE POR ELABORAR ACTA',null,to_date('26/07/16','DD/MM/RR'),'PENDIENTE POR ELABORAR ACTA');
	 
	INSERT into C067T_OFICINA (CO_OFICINA,IDEN_OFICINA,TX_DESCRIPCION,DI_UBICACION,FE_FIN,FE_GACETA,FE_INICIO,CO_GEOGRAFICO,NB_OFICINA,NU_GACETA,CO_CIUDAD,CO_OFICINADEPENDE,CO_OFICINA_CONEXION,CO_OFICINA_ESTATUS,CO_PARROQUIA,CO_TIPO_OFICINA,CO_AMBITO) values (9,'OFN','OFICINA NACIONAL','EN CARACAS',null,to_date('08/01/10','DD/MM/RR HH12:MI:SSXFF AM'),to_date('03/02/12','DD/MM/RR HH12:MI:SSXFF AM'),99,'OFICINA NACIONAL DE VENZUELA',15879,1,null,null,1,1,7,0);
	INSERT into C067T_OFICINA (CO_OFICINA,IDEN_OFICINA,TX_DESCRIPCION,DI_UBICACION,FE_FIN,FE_GACETA,FE_INICIO,CO_GEOGRAFICO,NB_OFICINA,NU_GACETA,CO_CIUDAD,CO_OFICINADEPENDE,CO_OFICINA_CONEXION,CO_OFICINA_ESTATUS,CO_PARROQUIA,CO_TIPO_OFICINA,CO_AMBITO) values (8,'OFR','OFICINA REGIONAL','EL CENTRO',null,to_date('08/01/10','DD/MM/RR HH12:MI:SSXFF AM'),to_date('03/02/12','DD/MM/RR HH12:MI:SSXFF AM'),5,'OFICINAL REGIONAL CENTRAL',15879,1,9,null,1,1,6,244);
	INSERT into C067T_OFICINA (CO_OFICINA,IDEN_OFICINA,TX_DESCRIPCION,DI_UBICACION,FE_FIN,FE_GACETA,FE_INICIO,CO_GEOGRAFICO,NB_OFICINA,NU_GACETA,CO_CIUDAD,CO_OFICINADEPENDE,CO_OFICINA_CONEXION,CO_OFICINA_ESTATUS,CO_PARROQUIA,CO_TIPO_OFICINA,CO_AMBITO) values (1,'OBM','CENTRO MÉDICO PROVESALUD','AV. EL EJERCITO',null,to_date('25/06/15','DD/MM/RR HH12:MI:SSXFF AM'),to_date('25/06/15','DD/MM/RR HH12:MI:SSXFF AM'),1,'OFICINA ACC. BELLO MONTE',1,1,8,null,1,1,1,1740);
	INSERT into C067T_OFICINA (CO_OFICINA,IDEN_OFICINA,TX_DESCRIPCION,DI_UBICACION,FE_FIN,FE_GACETA,FE_INICIO,CO_GEOGRAFICO,NB_OFICINA,NU_GACETA,CO_CIUDAD,CO_OFICINADEPENDE,CO_OFICINA_CONEXION,CO_OFICINA_ESTATUS,CO_PARROQUIA,CO_TIPO_OFICINA,CO_AMBITO) values (2,'OCR','IVSS HOSPITAL TRUJILLO','TRUJILLO',null,to_date('03/12/15','DD/MM/RR HH12:MI:SSXFF AM'),to_date('01/12/15','DD/MM/RR HH12:MI:SSXFF AM'),1,'OFICINA EL RECREO',1,1,8,null,1,1,2,1444);
	INSERT into C067T_OFICINA (CO_OFICINA,IDEN_OFICINA,TX_DESCRIPCION,DI_UBICACION,FE_FIN,FE_GACETA,FE_INICIO,CO_GEOGRAFICO,NB_OFICINA,NU_GACETA,CO_CIUDAD,CO_OFICINADEPENDE,CO_OFICINA_CONEXION,CO_OFICINA_ESTATUS,CO_PARROQUIA,CO_TIPO_OFICINA,CO_AMBITO) values (7,'ORCM','OFICINA DE REGISTRO CIVIL MUNICIPAL IRIBARREN','AVENIDA PRINCIPAL',null,to_date('08/01/10','DD/MM/RR HH12:MI:SSXFF AM'),to_date('03/02/12','DD/MM/RR HH12:MI:SSXFF AM'),5,'OFICINA IRIBARREN',15879,1,8,null,1,1,3,833);
	INSERT into C067T_OFICINA (CO_OFICINA,IDEN_OFICINA,TX_DESCRIPCION,DI_UBICACION,FE_FIN,FE_GACETA,FE_INICIO,CO_GEOGRAFICO,NB_OFICINA,NU_GACETA,CO_CIUDAD,CO_OFICINADEPENDE,CO_OFICINA_CONEXION,CO_OFICINA_ESTATUS,CO_PARROQUIA,CO_TIPO_OFICINA,CO_AMBITO) values (5,'UC1','CENTRO CLINICO MARGARITA','CALLE SIN NOMBRE',null,to_date('08/01/50','DD/MM/RR HH12:MI:SSXFF AM'),to_date('03/02/50','DD/MM/RR HH12:MI:SSXFF AM'),1,'OFICINA SANTA TERESA',15879,1,8,null,1,754,5,1165);
	INSERT into C067T_OFICINA (CO_OFICINA,IDEN_OFICINA,TX_DESCRIPCION,DI_UBICACION,FE_FIN,FE_GACETA,FE_INICIO,CO_GEOGRAFICO,NB_OFICINA,NU_GACETA,CO_CIUDAD,CO_OFICINADEPENDE,CO_OFICINA_CONEXION,CO_OFICINA_ESTATUS,CO_PARROQUIA,CO_TIPO_OFICINA,CO_AMBITO) values (6,'ORM','UNIDAD DE REGISTRO CIVIL PARROQUIA LA CONCEPCION','CALLE 7',null,to_date('01/10/14','DD/MM/RR HH12:MI:SSXFF AM'),to_date('17/11/10','DD/MM/RR HH12:MI:SSXFF AM'),5,'OFICINA LA CONCEPCION',15879,1,8,null,1,1,6,1209);
	INSERT into C067T_OFICINA (CO_OFICINA,IDEN_OFICINA,TX_DESCRIPCION,DI_UBICACION,FE_FIN,FE_GACETA,FE_INICIO,CO_GEOGRAFICO,NB_OFICINA,NU_GACETA,CO_CIUDAD,CO_OFICINADEPENDE,CO_OFICINA_CONEXION,CO_OFICINA_ESTATUS,CO_PARROQUIA,CO_TIPO_OFICINA,CO_AMBITO) values (3,'MC1','OFICINA MUNICIPAL 1 - SANTA TERESA','AVENIDA PRINCIPAL. PARROQUIA SANTA TERESA',null,to_date('08/01/50','DD/MM/RR HH12:MI:SSXFF AM'),to_date('03/02/50','DD/MM/RR HH12:MI:SSXFF AM'),1,'OFICINA SANTA TERESA',15879,1,8,null,1,754,3,1258);
	INSERT into C067T_OFICINA (CO_OFICINA,IDEN_OFICINA,TX_DESCRIPCION,DI_UBICACION,FE_FIN,FE_GACETA,FE_INICIO,CO_GEOGRAFICO,NB_OFICINA,NU_GACETA,CO_CIUDAD,CO_OFICINADEPENDE,CO_OFICINA_CONEXION,CO_OFICINA_ESTATUS,CO_PARROQUIA,CO_TIPO_OFICINA,CO_AMBITO) values (4,'PR1','OFICINA PARROQUIAL 1 - SANTA TERESA','TRANSVERSAL 1. PARROQUIA SANTA TERESA',null,to_date('08/01/50','DD/MM/RR HH12:MI:SSXFF AM'),to_date('03/02/50','DD/MM/RR HH12:MI:SSXFF AM'),1,'OFICINA SANTA TERESA',15879,1,3,null,1,754,4,277);

	INSERT into C047T_FUNCIONARIO_ESTATUS (CO_FUNCIONARIO_ESTATUS,TX_DESCRIPCION,FE_FIN,FE_INICIO,NB_FUNCIONARIO_ESTATUS) values ('1','NO OPERATIVO',null,to_date('30/11/15','DD/MM/RR'),'NO OPERATIVO');
	INSERT into C047T_FUNCIONARIO_ESTATUS (CO_FUNCIONARIO_ESTATUS,TX_DESCRIPCION,FE_FIN,FE_INICIO,NB_FUNCIONARIO_ESTATUS) values ('2','RETIRADO',null,to_date('03/12/15','DD/MM/RR'),'RETIRADO');
	INSERT into C047T_FUNCIONARIO_ESTATUS (CO_FUNCIONARIO_ESTATUS,TX_DESCRIPCION,FE_FIN,FE_INICIO,NB_FUNCIONARIO_ESTATUS) values ('4','OPERATIVO',null,to_date('03/12/15','DD/MM/RR'),'OPERATIVO');
	INSERT into C047T_FUNCIONARIO_ESTATUS (CO_FUNCIONARIO_ESTATUS,TX_DESCRIPCION,FE_FIN,FE_INICIO,NB_FUNCIONARIO_ESTATUS) values ('3','DE VACACIONES',null,to_date('03/12/15','DD/MM/RR'),'DE VACACIONES');
	
	INSERT into X008T_FUNCIONARIO (CO_FUNCIONARIO,NU_CEDULA,IN_TIPO_DOCUMENTO,NB_PRIMER_APELLIDO,NB_PRIMER_NOMBRE,NB_SEGUNDO_APELLIDO,NB_SEGUNDO_NOMBRE,CO_FUNCIONARIO_ESTATUS,CO_NACIONALIDAD) values ('1','1','1','apellido funcionario','nombre funcionario1','1','1','1','1');
	INSERT into X008T_FUNCIONARIO (CO_FUNCIONARIO,NU_CEDULA,IN_TIPO_DOCUMENTO,NB_PRIMER_APELLIDO,NB_PRIMER_NOMBRE,NB_SEGUNDO_APELLIDO,NB_SEGUNDO_NOMBRE,CO_FUNCIONARIO_ESTATUS,CO_NACIONALIDAD) values ('2','V-10235458','1','PÉREZ','JOSÉ','GARMENDIA','ALBERTO','1','1');
	INSERT into X008T_FUNCIONARIO (CO_FUNCIONARIO,NU_CEDULA,IN_TIPO_DOCUMENTO,NB_PRIMER_APELLIDO,NB_PRIMER_NOMBRE,NB_SEGUNDO_APELLIDO,NB_SEGUNDO_NOMBRE,CO_FUNCIONARIO_ESTATUS,CO_NACIONALIDAD) values ('3','V-9001002','1','RODRÍGUEZ','OMAR','PALACIOS','ANTONIO','1','1');
	INSERT into X008T_FUNCIONARIO (CO_FUNCIONARIO,NU_CEDULA,IN_TIPO_DOCUMENTO,NB_PRIMER_APELLIDO,NB_PRIMER_NOMBRE,NB_SEGUNDO_APELLIDO,NB_SEGUNDO_NOMBRE,CO_FUNCIONARIO_ESTATUS,CO_NACIONALIDAD) values ('4','V-8000415','1','NIEVES','JUAN','BASTIDAS','MIGUEL','1','1');
	INSERT into X008T_FUNCIONARIO (CO_FUNCIONARIO,NU_CEDULA,IN_TIPO_DOCUMENTO,NB_PRIMER_APELLIDO,NB_PRIMER_NOMBRE,NB_SEGUNDO_APELLIDO,NB_SEGUNDO_NOMBRE,CO_FUNCIONARIO_ESTATUS,CO_NACIONALIDAD) values ('5','V-5438682','1','LÓPEZ','ALEJANDRO','MARTÍNEZ',null,'1','1');
	INSERT into X008T_FUNCIONARIO (CO_FUNCIONARIO,NU_CEDULA,IN_TIPO_DOCUMENTO,NB_PRIMER_APELLIDO,NB_PRIMER_NOMBRE,NB_SEGUNDO_APELLIDO,NB_SEGUNDO_NOMBRE,CO_FUNCIONARIO_ESTATUS,CO_NACIONALIDAD) values ('6','V-16578963','1','RODRÍGUEZ','JUAN','PEREZ','ALEJANDRO','1','1');
	INSERT into X008T_FUNCIONARIO (CO_FUNCIONARIO,NU_CEDULA,IN_TIPO_DOCUMENTO,NB_PRIMER_APELLIDO,NB_PRIMER_NOMBRE,NB_SEGUNDO_APELLIDO,NB_SEGUNDO_NOMBRE,CO_FUNCIONARIO_ESTATUS,CO_NACIONALIDAD) values ('7','V-12365478','1','SUBERO','JUAN','TORRES','CARLOS','1','1');
	INSERT into X008T_FUNCIONARIO (CO_FUNCIONARIO,NU_CEDULA,IN_TIPO_DOCUMENTO,NB_PRIMER_APELLIDO,NB_PRIMER_NOMBRE,NB_SEGUNDO_APELLIDO,NB_SEGUNDO_NOMBRE,CO_FUNCIONARIO_ESTATUS,CO_NACIONALIDAD) values ('8','V-4563982','1','CASTILLO','NITSUGA','MARTINEZ','CAROLINA','1','1');
	INSERT into X008T_FUNCIONARIO (CO_FUNCIONARIO,NU_CEDULA,IN_TIPO_DOCUMENTO,NB_PRIMER_APELLIDO,NB_PRIMER_NOMBRE,NB_SEGUNDO_APELLIDO,NB_SEGUNDO_NOMBRE,CO_FUNCIONARIO_ESTATUS,CO_NACIONALIDAD) values ('9','V-19557792','1','MONTILLA','OSCAR','MINOTTA','JULIO','4','1');

	INSERT into X009T_OFICINA_FUNCIONARIO (CO_OFICINA_FUNCIONARIO,TX_CORREO_ELECTRONICO,FE_FIN,FE_GACETA,FE_INICIO,FE_RESOLUCION,IN_TIPO_GACETA,NU_GACETA,NU_RESOLUCION,TX_OBSERVACION,NU_TELEFONO_FIJO,NU_TELEFONO_MOVIL,CO_FUNCIONARIO,CO_OFICINA_FUNC_ESTATUS,X001PK_OFICINA,C007PK_TIPO_FUNCIONARIO) values ('1','1',null,to_date('30/11/15','DD/MM/RR'),to_date('30/11/15','DD/MM/RR'),to_date('30/11/15','DD/MM/RR'),'1','1','1','1','1','1','1','1','1','1');
	INSERT into X009T_OFICINA_FUNCIONARIO (CO_OFICINA_FUNCIONARIO,TX_CORREO_ELECTRONICO,FE_FIN,FE_GACETA,FE_INICIO,FE_RESOLUCION,IN_TIPO_GACETA,NU_GACETA,NU_RESOLUCION,TX_OBSERVACION,NU_TELEFONO_FIJO,NU_TELEFONO_MOVIL,CO_FUNCIONARIO,CO_OFICINA_FUNC_ESTATUS,X001PK_OFICINA,C007PK_TIPO_FUNCIONARIO) values ('2','jperez@cne.gob.ve',null,to_date('19/01/15','DD/MM/RR'),'2015-01-01',to_date('19/01/15','DD/MM/RR'),'1','23001','19001',null,'02762356897','04163214789','2','1','2','1');
	INSERT into X009T_OFICINA_FUNCIONARIO (CO_OFICINA_FUNCIONARIO,TX_CORREO_ELECTRONICO,FE_FIN,FE_GACETA,FE_INICIO,FE_RESOLUCION,IN_TIPO_GACETA,NU_GACETA,NU_RESOLUCION,TX_OBSERVACION,NU_TELEFONO_FIJO,NU_TELEFONO_MOVIL,CO_FUNCIONARIO,CO_OFICINA_FUNC_ESTATUS,X001PK_OFICINA,C007PK_TIPO_FUNCIONARIO) values ('3','orodriguez@cne.gob.ve',null,to_date('20/01/15','DD/MM/RR'),'2015-01-01',to_date('20/01/15','DD/MM/RR'),'1','23002','19002',null,'02765689741','04122589631','3','1','3','1');
	INSERT into X009T_OFICINA_FUNCIONARIO (CO_OFICINA_FUNCIONARIO,TX_CORREO_ELECTRONICO,FE_FIN,FE_GACETA,FE_INICIO,FE_RESOLUCION,IN_TIPO_GACETA,NU_GACETA,NU_RESOLUCION,TX_OBSERVACION,NU_TELEFONO_FIJO,NU_TELEFONO_MOVIL,CO_FUNCIONARIO,CO_OFICINA_FUNC_ESTATUS,X001PK_OFICINA,C007PK_TIPO_FUNCIONARIO) values ('4','jnieves@cne.gob.ve',null,to_date('21/01/15','DD/MM/RR'),'2015-01-01',to_date('21/01/15','DD/MM/RR'),'1','23003','19003',null,'02761234567','04145587946','4','1','4','1');
	INSERT into X009T_OFICINA_FUNCIONARIO (CO_OFICINA_FUNCIONARIO,TX_CORREO_ELECTRONICO,FE_FIN,FE_GACETA,FE_INICIO,FE_RESOLUCION,IN_TIPO_GACETA,NU_GACETA,NU_RESOLUCION,TX_OBSERVACION,NU_TELEFONO_FIJO,NU_TELEFONO_MOVIL,CO_FUNCIONARIO,CO_OFICINA_FUNC_ESTATUS,X001PK_OFICINA,C007PK_TIPO_FUNCIONARIO) values ('5','alopez@cne.gob.ve',null,to_date('22/01/15','DD/MM/RR'),'2015-01-01',to_date('22/01/15','DD/MM/RR'),'1','23004','19004',null,'02768805212','04269351850','5','1','5','1');
	INSERT into X009T_OFICINA_FUNCIONARIO (CO_OFICINA_FUNCIONARIO,TX_CORREO_ELECTRONICO,FE_FIN,FE_GACETA,FE_INICIO,FE_RESOLUCION,IN_TIPO_GACETA,NU_GACETA,NU_RESOLUCION,TX_OBSERVACION,NU_TELEFONO_FIJO,NU_TELEFONO_MOVIL,CO_FUNCIONARIO,CO_OFICINA_FUNC_ESTATUS,X001PK_OFICINA,C007PK_TIPO_FUNCIONARIO) values ('6','jrodriguez@cne.com',null,to_date('22/01/15','DD/MM/RR'),'2015-01-01',to_date('22/01/15','DD/MM/RR'),'1','23005','19005',null,'02768805212','04269351850','6','1','2','1');
	INSERT into X009T_OFICINA_FUNCIONARIO (CO_OFICINA_FUNCIONARIO,TX_CORREO_ELECTRONICO,FE_FIN,FE_GACETA,FE_INICIO,FE_RESOLUCION,IN_TIPO_GACETA,NU_GACETA,NU_RESOLUCION,TX_OBSERVACION,NU_TELEFONO_FIJO,NU_TELEFONO_MOVIL,CO_FUNCIONARIO,CO_OFICINA_FUNC_ESTATUS,X001PK_OFICINA,C007PK_TIPO_FUNCIONARIO) values ('7','jsubero@cne.com',null,to_date('22/01/15','DD/MM/RR'),'2015-01-01',to_date('22/01/15','DD/MM/RR'),'1','23006','19006',null,'02768805212','04269351850','7','1','5','1');
	INSERT into X009T_OFICINA_FUNCIONARIO (CO_OFICINA_FUNCIONARIO,TX_CORREO_ELECTRONICO,FE_FIN,FE_GACETA,FE_INICIO,FE_RESOLUCION,IN_TIPO_GACETA,NU_GACETA,NU_RESOLUCION,TX_OBSERVACION,NU_TELEFONO_FIJO,NU_TELEFONO_MOVIL,CO_FUNCIONARIO,CO_OFICINA_FUNC_ESTATUS,X001PK_OFICINA,C007PK_TIPO_FUNCIONARIO) values ('8','ncastillo@cne.com',null,to_date('22/01/15','DD/MM/RR'),'2015-01-01',to_date('22/01/15','DD/MM/RR'),'1','23007','19007',null,'02768805212','04269351850','8','1','3','1');
	INSERT into X009T_OFICINA_FUNCIONARIO (CO_OFICINA_FUNCIONARIO,TX_CORREO_ELECTRONICO,FE_FIN,FE_GACETA,FE_INICIO,FE_RESOLUCION,IN_TIPO_GACETA,NU_GACETA,NU_RESOLUCION,TX_OBSERVACION,NU_TELEFONO_FIJO,NU_TELEFONO_MOVIL,CO_FUNCIONARIO,CO_OFICINA_FUNC_ESTATUS,X001PK_OFICINA,C007PK_TIPO_FUNCIONARIO) values ('9','omontilla@cne.gob.ve',null,to_date('26/07/16','DD/MM/RR'),to_date('26/07/16','DD/MM/RR'),to_date('26/07/16','DD/MM/RR'),'1','23007','19007',null,'02768805212','04269351850','9','1','6','2');


	INSERT into X006T_LIBRO (CO_LIBRO,FE_ACTUALIZACION,FE_CIERRE,FE_CREACION,FE_IMPRESION,NU_ACTA_ACTUAL,NU_ANIO,NU_FOLIO_ACTUAL,NU_TOMO,C051PK_LIBRO_ESTATUS,CO_FUNCIONARIO_APERTURA,CO_FUNCIONARIO_CIERRE,X001PK_OFICINA,C012PK_TIPO_LIBRO) values ('3',to_date('10/06/16','DD/MM/RR'),null,to_date('17/12/15','DD/MM/RR'),to_date('16/12/15','DD/MM/RR'),'1','2016','1','1','1','1','1','1','4');
	INSERT into X006T_LIBRO (CO_LIBRO,FE_ACTUALIZACION,FE_CIERRE,FE_CREACION,FE_IMPRESION,NU_ACTA_ACTUAL,NU_ANIO,NU_FOLIO_ACTUAL,NU_TOMO,C051PK_LIBRO_ESTATUS,CO_FUNCIONARIO_APERTURA,CO_FUNCIONARIO_CIERRE,X001PK_OFICINA,C012PK_TIPO_LIBRO) values ('5',to_date('13/06/16','DD/MM/RR'),null,to_date('06/01/16','DD/MM/RR'),to_date('16/12/15','DD/MM/RR'),'1','2016','1','1','2','1','1','1','2');
	INSERT into X006T_LIBRO (CO_LIBRO,FE_ACTUALIZACION,FE_CIERRE,FE_CREACION,FE_IMPRESION,NU_ACTA_ACTUAL,NU_ANIO,NU_FOLIO_ACTUAL,NU_TOMO,C051PK_LIBRO_ESTATUS,CO_FUNCIONARIO_APERTURA,CO_FUNCIONARIO_CIERRE,X001PK_OFICINA,C012PK_TIPO_LIBRO) values ('6',to_date('25/04/16','DD/MM/RR'),null,to_date('07/01/16','DD/MM/RR'),to_date('17/12/15','DD/MM/RR'),'1','2016','1','1','1','1','1','1','3');
	INSERT into X006T_LIBRO (CO_LIBRO,FE_ACTUALIZACION,FE_CIERRE,FE_CREACION,FE_IMPRESION,NU_ACTA_ACTUAL,NU_ANIO,NU_FOLIO_ACTUAL,NU_TOMO,C051PK_LIBRO_ESTATUS,CO_FUNCIONARIO_APERTURA,CO_FUNCIONARIO_CIERRE,X001PK_OFICINA,C012PK_TIPO_LIBRO) values ('7',to_date('09/06/16','DD/MM/RR'),null,to_date('08/01/16','DD/MM/RR'),to_date('18/12/15','DD/MM/RR'),'1','2016','1','1','1','1','1','1','4');
	INSERT into X006T_LIBRO (CO_LIBRO,FE_ACTUALIZACION,FE_CIERRE,FE_CREACION,FE_IMPRESION,NU_ACTA_ACTUAL,NU_ANIO,NU_FOLIO_ACTUAL,NU_TOMO,C051PK_LIBRO_ESTATUS,CO_FUNCIONARIO_APERTURA,CO_FUNCIONARIO_CIERRE,X001PK_OFICINA,C012PK_TIPO_LIBRO) values ('8',to_date('05/04/16','DD/MM/RR'),null,to_date('09/01/16','DD/MM/RR'),to_date('19/12/15','DD/MM/RR'),'1','2016','1','1','1','1','1','1','5');
	INSERT into X006T_LIBRO (CO_LIBRO,FE_ACTUALIZACION,FE_CIERRE,FE_CREACION,FE_IMPRESION,NU_ACTA_ACTUAL,NU_ANIO,NU_FOLIO_ACTUAL,NU_TOMO,C051PK_LIBRO_ESTATUS,CO_FUNCIONARIO_APERTURA,CO_FUNCIONARIO_CIERRE,X001PK_OFICINA,C012PK_TIPO_LIBRO) values ('9',to_date('05/04/16','DD/MM/RR'),null,to_date('11/01/16','DD/MM/RR'),to_date('21/12/15','DD/MM/RR'),'1','2016','1','1','1','1','1','1','7');
	INSERT into X006T_LIBRO (CO_LIBRO,FE_ACTUALIZACION,FE_CIERRE,FE_CREACION,FE_IMPRESION,NU_ACTA_ACTUAL,NU_ANIO,NU_FOLIO_ACTUAL,NU_TOMO,C051PK_LIBRO_ESTATUS,CO_FUNCIONARIO_APERTURA,CO_FUNCIONARIO_CIERRE,X001PK_OFICINA,C012PK_TIPO_LIBRO) values ('11',to_date('15/06/16','DD/MM/RR'),null,to_date('13/01/16','DD/MM/RR'),to_date('23/12/15','DD/MM/RR'),'1','2016','1','1','1','3',null,'3','2');
	INSERT into X006T_LIBRO (CO_LIBRO,FE_ACTUALIZACION,FE_CIERRE,FE_CREACION,FE_IMPRESION,NU_ACTA_ACTUAL,NU_ANIO,NU_FOLIO_ACTUAL,NU_TOMO,C051PK_LIBRO_ESTATUS,CO_FUNCIONARIO_APERTURA,CO_FUNCIONARIO_CIERRE,X001PK_OFICINA,C012PK_TIPO_LIBRO) values ('12',to_date('15/06/16','DD/MM/RR'),null,to_date('14/01/16','DD/MM/RR'),to_date('26/12/15','DD/MM/RR'),'1','2016','1','1','1','3',null,'3','3');
	INSERT into X006T_LIBRO (CO_LIBRO,FE_ACTUALIZACION,FE_CIERRE,FE_CREACION,FE_IMPRESION,NU_ACTA_ACTUAL,NU_ANIO,NU_FOLIO_ACTUAL,NU_TOMO,C051PK_LIBRO_ESTATUS,CO_FUNCIONARIO_APERTURA,CO_FUNCIONARIO_CIERRE,X001PK_OFICINA,C012PK_TIPO_LIBRO) values ('13',to_date('15/06/16','DD/MM/RR'),null,to_date('15/01/16','DD/MM/RR'),to_date('27/12/15','DD/MM/RR'),'1','2016','1','1','1','3',null,'3','4');
	INSERT into X006T_LIBRO (CO_LIBRO,FE_ACTUALIZACION,FE_CIERRE,FE_CREACION,FE_IMPRESION,NU_ACTA_ACTUAL,NU_ANIO,NU_FOLIO_ACTUAL,NU_TOMO,C051PK_LIBRO_ESTATUS,CO_FUNCIONARIO_APERTURA,CO_FUNCIONARIO_CIERRE,X001PK_OFICINA,C012PK_TIPO_LIBRO) values ('14',to_date('15/06/16','DD/MM/RR'),null,to_date('16/01/16','DD/MM/RR'),to_date('19/12/15','DD/MM/RR'),'1','2016','1','1','1','3',null,'3','5');
	INSERT into X006T_LIBRO (CO_LIBRO,FE_ACTUALIZACION,FE_CIERRE,FE_CREACION,FE_IMPRESION,NU_ACTA_ACTUAL,NU_ANIO,NU_FOLIO_ACTUAL,NU_TOMO,C051PK_LIBRO_ESTATUS,CO_FUNCIONARIO_APERTURA,CO_FUNCIONARIO_CIERRE,X001PK_OFICINA,C012PK_TIPO_LIBRO) values ('15',to_date('15/06/16','DD/MM/RR'),null,to_date('17/01/16','DD/MM/RR'),to_date('20/12/15','DD/MM/RR'),'1','2016','1','1','1','3',null,'3','6');
	INSERT into X006T_LIBRO (CO_LIBRO,FE_ACTUALIZACION,FE_CIERRE,FE_CREACION,FE_IMPRESION,NU_ACTA_ACTUAL,NU_ANIO,NU_FOLIO_ACTUAL,NU_TOMO,C051PK_LIBRO_ESTATUS,CO_FUNCIONARIO_APERTURA,CO_FUNCIONARIO_CIERRE,X001PK_OFICINA,C012PK_TIPO_LIBRO) values ('16',to_date('15/06/16','DD/MM/RR'),null,to_date('11/01/16','DD/MM/RR'),to_date('21/12/15','DD/MM/RR'),'1','2016','1','1','1','3',null,'3','7');
	INSERT into X006T_LIBRO (CO_LIBRO,FE_ACTUALIZACION,FE_CIERRE,FE_CREACION,FE_IMPRESION,NU_ACTA_ACTUAL,NU_ANIO,NU_FOLIO_ACTUAL,NU_TOMO,C051PK_LIBRO_ESTATUS,CO_FUNCIONARIO_APERTURA,CO_FUNCIONARIO_CIERRE,X001PK_OFICINA,C012PK_TIPO_LIBRO) values ('18',to_date('28/04/16','DD/MM/RR'),null,to_date('06/01/16','DD/MM/RR'),to_date('16/12/15','DD/MM/RR'),'1','2016','1','1','1','4',null,'4','2');
	INSERT into X006T_LIBRO (CO_LIBRO,FE_ACTUALIZACION,FE_CIERRE,FE_CREACION,FE_IMPRESION,NU_ACTA_ACTUAL,NU_ANIO,NU_FOLIO_ACTUAL,NU_TOMO,C051PK_LIBRO_ESTATUS,CO_FUNCIONARIO_APERTURA,CO_FUNCIONARIO_CIERRE,X001PK_OFICINA,C012PK_TIPO_LIBRO) values ('19',to_date('28/04/16','DD/MM/RR'),null,to_date('07/01/16','DD/MM/RR'),to_date('17/12/15','DD/MM/RR'),'1','2016','1','1','1','4',null,'4','3');
	INSERT into X006T_LIBRO (CO_LIBRO,FE_ACTUALIZACION,FE_CIERRE,FE_CREACION,FE_IMPRESION,NU_ACTA_ACTUAL,NU_ANIO,NU_FOLIO_ACTUAL,NU_TOMO,C051PK_LIBRO_ESTATUS,CO_FUNCIONARIO_APERTURA,CO_FUNCIONARIO_CIERRE,X001PK_OFICINA,C012PK_TIPO_LIBRO) values ('20',to_date('28/04/16','DD/MM/RR'),null,to_date('08/01/16','DD/MM/RR'),to_date('18/12/15','DD/MM/RR'),'1','2016','1','1','1','4',null,'4','4');
	INSERT into X006T_LIBRO (CO_LIBRO,FE_ACTUALIZACION,FE_CIERRE,FE_CREACION,FE_IMPRESION,NU_ACTA_ACTUAL,NU_ANIO,NU_FOLIO_ACTUAL,NU_TOMO,C051PK_LIBRO_ESTATUS,CO_FUNCIONARIO_APERTURA,CO_FUNCIONARIO_CIERRE,X001PK_OFICINA,C012PK_TIPO_LIBRO) values ('21',to_date('28/04/16','DD/MM/RR'),null,to_date('09/01/16','DD/MM/RR'),to_date('19/12/15','DD/MM/RR'),'1','2016','1','1','1','4',null,'4','5');
	INSERT into X006T_LIBRO (CO_LIBRO,FE_ACTUALIZACION,FE_CIERRE,FE_CREACION,FE_IMPRESION,NU_ACTA_ACTUAL,NU_ANIO,NU_FOLIO_ACTUAL,NU_TOMO,C051PK_LIBRO_ESTATUS,CO_FUNCIONARIO_APERTURA,CO_FUNCIONARIO_CIERRE,X001PK_OFICINA,C012PK_TIPO_LIBRO) values ('22',to_date('28/04/16','DD/MM/RR'),null,to_date('11/01/16','DD/MM/RR'),to_date('21/12/15','DD/MM/RR'),'1','2016','1','1','1','4',null,'4','7');
	INSERT into X006T_LIBRO (CO_LIBRO,FE_ACTUALIZACION,FE_CIERRE,FE_CREACION,FE_IMPRESION,NU_ACTA_ACTUAL,NU_ANIO,NU_FOLIO_ACTUAL,NU_TOMO,C051PK_LIBRO_ESTATUS,CO_FUNCIONARIO_APERTURA,CO_FUNCIONARIO_CIERRE,X001PK_OFICINA,C012PK_TIPO_LIBRO) values ('23',to_date('03/06/16','DD/MM/RR'),null,to_date('06/01/16','DD/MM/RR'),to_date('16/12/15','DD/MM/RR'),'1','2016','1','1','1','5',null,'5','2');
	INSERT into X006T_LIBRO (CO_LIBRO,FE_ACTUALIZACION,FE_CIERRE,FE_CREACION,FE_IMPRESION,NU_ACTA_ACTUAL,NU_ANIO,NU_FOLIO_ACTUAL,NU_TOMO,C051PK_LIBRO_ESTATUS,CO_FUNCIONARIO_APERTURA,CO_FUNCIONARIO_CIERRE,X001PK_OFICINA,C012PK_TIPO_LIBRO) values ('24',to_date('03/06/16','DD/MM/RR'),null,to_date('08/01/16','DD/MM/RR'),to_date('18/12/15','DD/MM/RR'),'1','2016','1','1','1','5',null,'5','4');


	INSERT into X054T_MUDANZA_OURC (CO_MUDANZA_OURC,CO_OURC_VIEJA,CO_OURC_NUEVA,FE_INICIO,FE_FIN,MOTIVO) values ('1','2','1',to_date('01/01/13','DD/MM/RR'),null,'1');
	INSERT into X054T_MUDANZA_OURC (CO_MUDANZA_OURC,CO_OURC_VIEJA,CO_OURC_NUEVA,FE_INICIO,FE_FIN,MOTIVO) values ('2','5','8',to_date('05/02/14','DD/MM/RR'),null,'1');

	INSERT into X055T_HISTORICO_NOMBRE (CO_HISTORICO_NOMBRE,CO_OFICINA,FE_CAMBIO_NOMBRE,NB_VIEJO) values ('1','4','2015-01-01','prueba');

	INSERT INTO i001t_paquete_estatus (CO_PAQUETE_ESTATUS, co_estatus, tx_descripcion, nb_estatus) VALUES (1, 'cod1', 'Descripcion de Estatus1', 'Por iniciar');
	INSERT INTO i001t_paquete_estatus (CO_PAQUETE_ESTATUS, co_estatus, tx_descripcion, nb_estatus) VALUES (2, 'cod2', 'Descripcion de Estatus2', 'En progreso');
	INSERT INTO i001t_paquete_estatus (CO_PAQUETE_ESTATUS, co_estatus, tx_descripcion, nb_estatus) VALUES (3, 'cod3', 'Descripcion de Estatus3', 'Cerrado');
	
	INSERT INTO i034t_url_modulo_web (co_url_modulo_web, nu_angular_flag, tx_host, tx_contexto, tx_punto_entrada) VALUES (1, 1, 'localhost:8080', 'nm-web', 'notasmarginales');
	INSERT INTO i034t_url_modulo_web (co_url_modulo_web, nu_angular_flag, tx_host, tx_contexto, tx_punto_entrada) VALUES (2, 1, 'localhost:8080', 'actas-web', 'certificacion');

	
	INSERT INTO I003T_TRAMITE_PAQUETE (CO_TRAMITE_PAQUETE, tx_descripcion, nb_tramite, nu_tramite_inicial_flag, IDEN_MODULO) VALUES (1, 'Descripcion de Tramite1', 'notamarginal_registrardatos', 1, 'NOTAS');
	INSERT INTO I003T_TRAMITE_PAQUETE (CO_TRAMITE_PAQUETE, tx_descripcion, nb_tramite, nu_tramite_inicial_flag, IDEN_MODULO) VALUES (2, 'Descripcion de Tramite1', 'notamarginal_generarestampado', 0, 'NOTAS');
	INSERT INTO I003T_TRAMITE_PAQUETE (CO_TRAMITE_PAQUETE, tx_descripcion, nb_tramite, nu_tramite_inicial_flag, IDEN_MODULO) VALUES (3, 'Descripcion de Tramite1', 'acta_certificacion', 1, 'GESAC'); 
	INSERT INTO I003T_TRAMITE_PAQUETE (CO_TRAMITE_PAQUETE, tx_descripcion, nb_tramite, nu_tramite_inicial_flag, IDEN_MODULO) VALUES (4, 'Tramite Crear Solicitud', 'atcComunitaria', 1, NULL); 
	
	INSERT INTO i002t_tarea (co_tarea, tx_descripcion, nb_tarea, nu_tarea_inicial_flag, co_tramite_paquete) VALUES (1, 'Descripcion de Tarea1', 'ingresardatos', 0, 1);
	INSERT INTO i002t_tarea (co_tarea, tx_descripcion, nb_tarea, nu_tarea_inicial_flag, co_tramite_paquete) VALUES (2, 'Descripcion de Tarea1', 'seleccionarnotamarginal', 1, 1);
	INSERT INTO i002t_tarea (co_tarea, tx_descripcion, nb_tarea, nu_tarea_inicial_flag, co_tramite_paquete) VALUES (3, 'Descripcion de Tarea1', 'buscaracta', 0, 1);
	INSERT INTO i002t_tarea (co_tarea, tx_descripcion, nb_tarea, nu_tarea_inicial_flag, co_tramite_paquete) VALUES (4, 'Descripcion de Tarea1', 'vistaprevia', 0, 1);
	INSERT INTO i002t_tarea (co_tarea, tx_descripcion, nb_tarea, nu_tarea_inicial_flag, co_tramite_paquete) VALUES (5, 'Descripcion de Tarea1', 'efectossubsiguientes', 0, 1);
	INSERT INTO i002t_tarea (co_tarea, tx_descripcion, nb_tarea, nu_tarea_inicial_flag, co_tramite_paquete) VALUES (6, 'Descripcion de Tarea1', 'vistaoficio', 1, 2);
	INSERT INTO i002t_tarea (co_tarea, tx_descripcion, nb_tarea, nu_tarea_inicial_flag, co_tramite_paquete) VALUES (7, 'Descripcion de Tarea1', 'buscaracta', 0, 2);
	INSERT INTO i002t_tarea (co_tarea, tx_descripcion, nb_tarea, nu_tarea_inicial_flag, co_tramite_paquete) VALUES (8, 'Descripcion de Tarea1', 'ingresardatosacta', 1, 3);
	

	INSERT into X035T_SOLICITANTE (CO_SOLICITANTE,NU_DOCUMENTO_OFICIO,NB_PRIMER_APELLIDO,NB_PRIMER_NOMBRE,NB_SEGUNDO_APELLIDO,NB_SEGUNDO_NOMBRE,C031PK_ENTE_PUBLICO,CO_SOLICITANTE_TIP_DOC_DEC,C045PK_SOLICITANTE_TIP_DOC_ENT,CO_SOLICITANTE_TIPO) values (432,'V-19313276','Briceño','Scarlet',null,null,null,1,null,1);
	INSERT into X035T_SOLICITANTE (CO_SOLICITANTE,NU_DOCUMENTO_OFICIO,NB_PRIMER_APELLIDO,NB_PRIMER_NOMBRE,NB_SEGUNDO_APELLIDO,NB_SEGUNDO_NOMBRE,C031PK_ENTE_PUBLICO,CO_SOLICITANTE_TIP_DOC_DEC,C045PK_SOLICITANTE_TIP_DOC_ENT,CO_SOLICITANTE_TIPO) values (433,'12345678',null,null,null,null,null,3,null,1);
	INSERT into X035T_SOLICITANTE (CO_SOLICITANTE,NU_DOCUMENTO_OFICIO,NB_PRIMER_APELLIDO,NB_PRIMER_NOMBRE,NB_SEGUNDO_APELLIDO,NB_SEGUNDO_NOMBRE,C031PK_ENTE_PUBLICO,CO_SOLICITANTE_TIP_DOC_DEC,C045PK_SOLICITANTE_TIP_DOC_ENT,CO_SOLICITANTE_TIPO) values (435,'V-123455555','RAMIREZ','CARLOS',null,null,null,1,null,1);
	INSERT into X035T_SOLICITANTE (CO_SOLICITANTE,NU_DOCUMENTO_OFICIO,NB_PRIMER_APELLIDO,NB_PRIMER_NOMBRE,NB_SEGUNDO_APELLIDO,NB_SEGUNDO_NOMBRE,C031PK_ENTE_PUBLICO,CO_SOLICITANTE_TIP_DOC_DEC,C045PK_SOLICITANTE_TIP_DOC_ENT,CO_SOLICITANTE_TIPO) values (437,'V-22224444','Gomez','Jose','Perez','Jose',null,1,null,1);
	INSERT into X035T_SOLICITANTE (CO_SOLICITANTE,NU_DOCUMENTO_OFICIO,NB_PRIMER_APELLIDO,NB_PRIMER_NOMBRE,NB_SEGUNDO_APELLIDO,NB_SEGUNDO_NOMBRE,C031PK_ENTE_PUBLICO,CO_SOLICITANTE_TIP_DOC_DEC,C045PK_SOLICITANTE_TIP_DOC_ENT,CO_SOLICITANTE_TIPO) values (442,'123ER678',null,null,null,null,4,null,2,2);
	INSERT into X035T_SOLICITANTE (CO_SOLICITANTE,NU_DOCUMENTO_OFICIO,NB_PRIMER_APELLIDO,NB_PRIMER_NOMBRE,NB_SEGUNDO_APELLIDO,NB_SEGUNDO_NOMBRE,C031PK_ENTE_PUBLICO,CO_SOLICITANTE_TIP_DOC_DEC,C045PK_SOLICITANTE_TIP_DOC_ENT,CO_SOLICITANTE_TIPO) values (443,'12345dd',null,null,null,null,2,null,2,2);
	INSERT into X035T_SOLICITANTE (CO_SOLICITANTE,NU_DOCUMENTO_OFICIO,NB_PRIMER_APELLIDO,NB_PRIMER_NOMBRE,NB_SEGUNDO_APELLIDO,NB_SEGUNDO_NOMBRE,C031PK_ENTE_PUBLICO,CO_SOLICITANTE_TIP_DOC_DEC,C045PK_SOLICITANTE_TIP_DOC_ENT,CO_SOLICITANTE_TIPO) values (445,'abc12345',null,null,null,null,1,null,3,2);
	INSERT into X035T_SOLICITANTE (CO_SOLICITANTE,NU_DOCUMENTO_OFICIO,NB_PRIMER_APELLIDO,NB_PRIMER_NOMBRE,NB_SEGUNDO_APELLIDO,NB_SEGUNDO_NOMBRE,C031PK_ENTE_PUBLICO,CO_SOLICITANTE_TIP_DOC_DEC,C045PK_SOLICITANTE_TIP_DOC_ENT,CO_SOLICITANTE_TIPO) values (446,'V-22224444','Gomez','Jose','Perez','Jose',null,1,null,1);
	INSERT into X035T_SOLICITANTE (CO_SOLICITANTE,NU_DOCUMENTO_OFICIO,NB_PRIMER_APELLIDO,NB_PRIMER_NOMBRE,NB_SEGUNDO_APELLIDO,NB_SEGUNDO_NOMBRE,C031PK_ENTE_PUBLICO,CO_SOLICITANTE_TIP_DOC_DEC,C045PK_SOLICITANTE_TIP_DOC_ENT,CO_SOLICITANTE_TIPO) values (448,'V-22224444','Gomez','Jose','Perez','Jose',null,1,null,1);
	INSERT into X035T_SOLICITANTE (CO_SOLICITANTE,NU_DOCUMENTO_OFICIO,NB_PRIMER_APELLIDO,NB_PRIMER_NOMBRE,NB_SEGUNDO_APELLIDO,NB_SEGUNDO_NOMBRE,C031PK_ENTE_PUBLICO,CO_SOLICITANTE_TIP_DOC_DEC,C045PK_SOLICITANTE_TIP_DOC_ENT,CO_SOLICITANTE_TIPO) values (449,'V-22224444','Gomez','Jose','Perez','Jose',null,1,null,1);
	INSERT into X035T_SOLICITANTE (CO_SOLICITANTE,NU_DOCUMENTO_OFICIO,NB_PRIMER_APELLIDO,NB_PRIMER_NOMBRE,NB_SEGUNDO_APELLIDO,NB_SEGUNDO_NOMBRE,C031PK_ENTE_PUBLICO,CO_SOLICITANTE_TIP_DOC_DEC,C045PK_SOLICITANTE_TIP_DOC_ENT,CO_SOLICITANTE_TIPO) values (451,'V-22224444','Gomez','Jose','Perez','Jose',null,1,null,1);
	INSERT into X035T_SOLICITANTE (CO_SOLICITANTE,NU_DOCUMENTO_OFICIO,NB_PRIMER_APELLIDO,NB_PRIMER_NOMBRE,NB_SEGUNDO_APELLIDO,NB_SEGUNDO_NOMBRE,C031PK_ENTE_PUBLICO,CO_SOLICITANTE_TIP_DOC_DEC,C045PK_SOLICITANTE_TIP_DOC_ENT,CO_SOLICITANTE_TIPO) values (452,'V-22224444','Gomez','Jose','Perez','Jose',null,1,null,1);
	INSERT into X035T_SOLICITANTE (CO_SOLICITANTE,NU_DOCUMENTO_OFICIO,NB_PRIMER_APELLIDO,NB_PRIMER_NOMBRE,NB_SEGUNDO_APELLIDO,NB_SEGUNDO_NOMBRE,C031PK_ENTE_PUBLICO,CO_SOLICITANTE_TIP_DOC_DEC,C045PK_SOLICITANTE_TIP_DOC_ENT,CO_SOLICITANTE_TIPO) values (455,'V-22224444','Gomez','Jose','Perez','Jose',null,1,null,1);
	INSERT into X035T_SOLICITANTE (CO_SOLICITANTE,NU_DOCUMENTO_OFICIO,NB_PRIMER_APELLIDO,NB_PRIMER_NOMBRE,NB_SEGUNDO_APELLIDO,NB_SEGUNDO_NOMBRE,C031PK_ENTE_PUBLICO,CO_SOLICITANTE_TIP_DOC_DEC,C045PK_SOLICITANTE_TIP_DOC_ENT,CO_SOLICITANTE_TIPO) values (456,'V-22224444','Gomez','Jose','Perez','Jose',null,1,null,1);
	INSERT into X035T_SOLICITANTE (CO_SOLICITANTE,NU_DOCUMENTO_OFICIO,NB_PRIMER_APELLIDO,NB_PRIMER_NOMBRE,NB_SEGUNDO_APELLIDO,NB_SEGUNDO_NOMBRE,C031PK_ENTE_PUBLICO,CO_SOLICITANTE_TIP_DOC_DEC,C045PK_SOLICITANTE_TIP_DOC_ENT,CO_SOLICITANTE_TIPO) values (458,'V-22224444','Gomez','Jose','Perez','Jose',null,1,null,1);
	INSERT into X035T_SOLICITANTE (CO_SOLICITANTE,NU_DOCUMENTO_OFICIO,NB_PRIMER_APELLIDO,NB_PRIMER_NOMBRE,NB_SEGUNDO_APELLIDO,NB_SEGUNDO_NOMBRE,C031PK_ENTE_PUBLICO,CO_SOLICITANTE_TIP_DOC_DEC,C045PK_SOLICITANTE_TIP_DOC_ENT,CO_SOLICITANTE_TIPO) values (459,'V-22224444','Gomez','Jose','Perez','Jose',null,1,null,1);
	INSERT into X035T_SOLICITANTE (CO_SOLICITANTE,NU_DOCUMENTO_OFICIO,NB_PRIMER_APELLIDO,NB_PRIMER_NOMBRE,NB_SEGUNDO_APELLIDO,NB_SEGUNDO_NOMBRE,C031PK_ENTE_PUBLICO,CO_SOLICITANTE_TIP_DOC_DEC,C045PK_SOLICITANTE_TIP_DOC_ENT,CO_SOLICITANTE_TIPO) values (460,'123asd45',null,null,null,null,2,null,1,2);
	INSERT into X035T_SOLICITANTE (CO_SOLICITANTE,NU_DOCUMENTO_OFICIO,NB_PRIMER_APELLIDO,NB_PRIMER_NOMBRE,NB_SEGUNDO_APELLIDO,NB_SEGUNDO_NOMBRE,C031PK_ENTE_PUBLICO,CO_SOLICITANTE_TIP_DOC_DEC,C045PK_SOLICITANTE_TIP_DOC_ENT,CO_SOLICITANTE_TIPO) values (462,'123dfg45',null,null,null,null,1,null,2,2);
	INSERT into X035T_SOLICITANTE (CO_SOLICITANTE,NU_DOCUMENTO_OFICIO,NB_PRIMER_APELLIDO,NB_PRIMER_NOMBRE,NB_SEGUNDO_APELLIDO,NB_SEGUNDO_NOMBRE,C031PK_ENTE_PUBLICO,CO_SOLICITANTE_TIP_DOC_DEC,C045PK_SOLICITANTE_TIP_DOC_ENT,CO_SOLICITANTE_TIPO) values (464,'123dfr55',null,null,null,null,3,null,2,2);
	INSERT into X035T_SOLICITANTE (CO_SOLICITANTE,NU_DOCUMENTO_OFICIO,NB_PRIMER_APELLIDO,NB_PRIMER_NOMBRE,NB_SEGUNDO_APELLIDO,NB_SEGUNDO_NOMBRE,C031PK_ENTE_PUBLICO,CO_SOLICITANTE_TIP_DOC_DEC,C045PK_SOLICITANTE_TIP_DOC_ENT,CO_SOLICITANTE_TIPO) values (465,'V-22224444','Gomez','Jose','Perez','Jose',null,1,null,1);
	INSERT into X035T_SOLICITANTE (CO_SOLICITANTE,NU_DOCUMENTO_OFICIO,NB_PRIMER_APELLIDO,NB_PRIMER_NOMBRE,NB_SEGUNDO_APELLIDO,NB_SEGUNDO_NOMBRE,C031PK_ENTE_PUBLICO,CO_SOLICITANTE_TIP_DOC_DEC,C045PK_SOLICITANTE_TIP_DOC_ENT,CO_SOLICITANTE_TIPO) values (469,'6',null,null,null,null,2,null,1,2);
	INSERT into X035T_SOLICITANTE (CO_SOLICITANTE,NU_DOCUMENTO_OFICIO,NB_PRIMER_APELLIDO,NB_PRIMER_NOMBRE,NB_SEGUNDO_APELLIDO,NB_SEGUNDO_NOMBRE,C031PK_ENTE_PUBLICO,CO_SOLICITANTE_TIP_DOC_DEC,C045PK_SOLICITANTE_TIP_DOC_ENT,CO_SOLICITANTE_TIPO) values (472,'2',null,null,null,null,2,null,2,2);
	INSERT into X035T_SOLICITANTE (CO_SOLICITANTE,NU_DOCUMENTO_OFICIO,NB_PRIMER_APELLIDO,NB_PRIMER_NOMBRE,NB_SEGUNDO_APELLIDO,NB_SEGUNDO_NOMBRE,C031PK_ENTE_PUBLICO,CO_SOLICITANTE_TIP_DOC_DEC,C045PK_SOLICITANTE_TIP_DOC_ENT,CO_SOLICITANTE_TIPO) values (473,'123444444',null,null,null,null,1,null,2,2);
	INSERT into X035T_SOLICITANTE (CO_SOLICITANTE,NU_DOCUMENTO_OFICIO,NB_PRIMER_APELLIDO,NB_PRIMER_NOMBRE,NB_SEGUNDO_APELLIDO,NB_SEGUNDO_NOMBRE,C031PK_ENTE_PUBLICO,CO_SOLICITANTE_TIP_DOC_DEC,C045PK_SOLICITANTE_TIP_DOC_ENT,CO_SOLICITANTE_TIPO) values (478,'123AR456',null,null,null,null,1,null,3,2);
	INSERT into X035T_SOLICITANTE (CO_SOLICITANTE,NU_DOCUMENTO_OFICIO,NB_PRIMER_APELLIDO,NB_PRIMER_NOMBRE,NB_SEGUNDO_APELLIDO,NB_SEGUNDO_NOMBRE,C031PK_ENTE_PUBLICO,CO_SOLICITANTE_TIP_DOC_DEC,C045PK_SOLICITANTE_TIP_DOC_ENT,CO_SOLICITANTE_TIPO) values (480,'V-22224444','Gomez','Jose','Perez','Jose',null,1,null,1);
	INSERT into X035T_SOLICITANTE (CO_SOLICITANTE,NU_DOCUMENTO_OFICIO,NB_PRIMER_APELLIDO,NB_PRIMER_NOMBRE,NB_SEGUNDO_APELLIDO,NB_SEGUNDO_NOMBRE,C031PK_ENTE_PUBLICO,CO_SOLICITANTE_TIP_DOC_DEC,C045PK_SOLICITANTE_TIP_DOC_ENT,CO_SOLICITANTE_TIPO) values (484,null,null,'Prueba',null,null,null,null,null,1);
	INSERT into X035T_SOLICITANTE (CO_SOLICITANTE,NU_DOCUMENTO_OFICIO,NB_PRIMER_APELLIDO,NB_PRIMER_NOMBRE,NB_SEGUNDO_APELLIDO,NB_SEGUNDO_NOMBRE,C031PK_ENTE_PUBLICO,CO_SOLICITANTE_TIP_DOC_DEC,C045PK_SOLICITANTE_TIP_DOC_ENT,CO_SOLICITANTE_TIPO) values (485,null,null,'PRUEBA',null,'PRUEBA',null,null,null,1);
	INSERT into X035T_SOLICITANTE (CO_SOLICITANTE,NU_DOCUMENTO_OFICIO,NB_PRIMER_APELLIDO,NB_PRIMER_NOMBRE,NB_SEGUNDO_APELLIDO,NB_SEGUNDO_NOMBRE,C031PK_ENTE_PUBLICO,CO_SOLICITANTE_TIP_DOC_DEC,C045PK_SOLICITANTE_TIP_DOC_ENT,CO_SOLICITANTE_TIPO) values (486,null,'PRUEBA',null,null,null,null,null,null,1);
	INSERT into X035T_SOLICITANTE (CO_SOLICITANTE,NU_DOCUMENTO_OFICIO,NB_PRIMER_APELLIDO,NB_PRIMER_NOMBRE,NB_SEGUNDO_APELLIDO,NB_SEGUNDO_NOMBRE,C031PK_ENTE_PUBLICO,CO_SOLICITANTE_TIP_DOC_DEC,C045PK_SOLICITANTE_TIP_DOC_ENT,CO_SOLICITANTE_TIPO) values (487,null,'prueba',null,'prueba',null,null,null,null,1);
	INSERT into X035T_SOLICITANTE (CO_SOLICITANTE,NU_DOCUMENTO_OFICIO,NB_PRIMER_APELLIDO,NB_PRIMER_NOMBRE,NB_SEGUNDO_APELLIDO,NB_SEGUNDO_NOMBRE,C031PK_ENTE_PUBLICO,CO_SOLICITANTE_TIP_DOC_DEC,C045PK_SOLICITANTE_TIP_DOC_ENT,CO_SOLICITANTE_TIPO) values (488,'V-98765432',null,null,null,null,null,1,null,1);
	INSERT into X035T_SOLICITANTE (CO_SOLICITANTE,NU_DOCUMENTO_OFICIO,NB_PRIMER_APELLIDO,NB_PRIMER_NOMBRE,NB_SEGUNDO_APELLIDO,NB_SEGUNDO_NOMBRE,C031PK_ENTE_PUBLICO,CO_SOLICITANTE_TIP_DOC_DEC,C045PK_SOLICITANTE_TIP_DOC_ENT,CO_SOLICITANTE_TIPO) values (430,'V-15321197','Castillo','Mario','Perez','Jose',null,1,null,1);
	INSERT into X035T_SOLICITANTE (CO_SOLICITANTE,NU_DOCUMENTO_OFICIO,NB_PRIMER_APELLIDO,NB_PRIMER_NOMBRE,NB_SEGUNDO_APELLIDO,NB_SEGUNDO_NOMBRE,C031PK_ENTE_PUBLICO,CO_SOLICITANTE_TIP_DOC_DEC,C045PK_SOLICITANTE_TIP_DOC_ENT,CO_SOLICITANTE_TIPO) values (457,'V-22224444','Gomez','Jose','Perez','Jose',null,1,null,1);
	INSERT into X035T_SOLICITANTE (CO_SOLICITANTE,NU_DOCUMENTO_OFICIO,NB_PRIMER_APELLIDO,NB_PRIMER_NOMBRE,NB_SEGUNDO_APELLIDO,NB_SEGUNDO_NOMBRE,C031PK_ENTE_PUBLICO,CO_SOLICITANTE_TIP_DOC_DEC,C045PK_SOLICITANTE_TIP_DOC_ENT,CO_SOLICITANTE_TIPO) values (461,'123asd45',null,null,null,null,2,null,1,2);
	INSERT into X035T_SOLICITANTE (CO_SOLICITANTE,NU_DOCUMENTO_OFICIO,NB_PRIMER_APELLIDO,NB_PRIMER_NOMBRE,NB_SEGUNDO_APELLIDO,NB_SEGUNDO_NOMBRE,C031PK_ENTE_PUBLICO,CO_SOLICITANTE_TIP_DOC_DEC,C045PK_SOLICITANTE_TIP_DOC_ENT,CO_SOLICITANTE_TIPO) values (463,'123dfg67',null,null,null,null,4,null,1,2);
	INSERT into X035T_SOLICITANTE (CO_SOLICITANTE,NU_DOCUMENTO_OFICIO,NB_PRIMER_APELLIDO,NB_PRIMER_NOMBRE,NB_SEGUNDO_APELLIDO,NB_SEGUNDO_NOMBRE,C031PK_ENTE_PUBLICO,CO_SOLICITANTE_TIP_DOC_DEC,C045PK_SOLICITANTE_TIP_DOC_ENT,CO_SOLICITANTE_TIPO) values (466,'1',null,null,null,null,2,null,2,2);
	INSERT into X035T_SOLICITANTE (CO_SOLICITANTE,NU_DOCUMENTO_OFICIO,NB_PRIMER_APELLIDO,NB_PRIMER_NOMBRE,NB_SEGUNDO_APELLIDO,NB_SEGUNDO_NOMBRE,C031PK_ENTE_PUBLICO,CO_SOLICITANTE_TIP_DOC_DEC,C045PK_SOLICITANTE_TIP_DOC_ENT,CO_SOLICITANTE_TIPO) values (467,'3',null,null,null,null,2,null,2,2);
	INSERT into X035T_SOLICITANTE (CO_SOLICITANTE,NU_DOCUMENTO_OFICIO,NB_PRIMER_APELLIDO,NB_PRIMER_NOMBRE,NB_SEGUNDO_APELLIDO,NB_SEGUNDO_NOMBRE,C031PK_ENTE_PUBLICO,CO_SOLICITANTE_TIP_DOC_DEC,C045PK_SOLICITANTE_TIP_DOC_ENT,CO_SOLICITANTE_TIPO) values (468,'3',null,null,null,null,2,null,2,2);
	INSERT into X035T_SOLICITANTE (CO_SOLICITANTE,NU_DOCUMENTO_OFICIO,NB_PRIMER_APELLIDO,NB_PRIMER_NOMBRE,NB_SEGUNDO_APELLIDO,NB_SEGUNDO_NOMBRE,C031PK_ENTE_PUBLICO,CO_SOLICITANTE_TIP_DOC_DEC,C045PK_SOLICITANTE_TIP_DOC_ENT,CO_SOLICITANTE_TIPO) values (470,'134dfg56',null,null,null,null,4,null,2,2);
	INSERT into X035T_SOLICITANTE (CO_SOLICITANTE,NU_DOCUMENTO_OFICIO,NB_PRIMER_APELLIDO,NB_PRIMER_NOMBRE,NB_SEGUNDO_APELLIDO,NB_SEGUNDO_NOMBRE,C031PK_ENTE_PUBLICO,CO_SOLICITANTE_TIP_DOC_DEC,C045PK_SOLICITANTE_TIP_DOC_ENT,CO_SOLICITANTE_TIPO) values (471,'2',null,null,null,null,2,null,2,2);
	INSERT into X035T_SOLICITANTE (CO_SOLICITANTE,NU_DOCUMENTO_OFICIO,NB_PRIMER_APELLIDO,NB_PRIMER_NOMBRE,NB_SEGUNDO_APELLIDO,NB_SEGUNDO_NOMBRE,C031PK_ENTE_PUBLICO,CO_SOLICITANTE_TIP_DOC_DEC,C045PK_SOLICITANTE_TIP_DOC_ENT,CO_SOLICITANTE_TIPO) values (474,'4',null,null,null,null,1,null,2,2);
	INSERT into X035T_SOLICITANTE (CO_SOLICITANTE,NU_DOCUMENTO_OFICIO,NB_PRIMER_APELLIDO,NB_PRIMER_NOMBRE,NB_SEGUNDO_APELLIDO,NB_SEGUNDO_NOMBRE,C031PK_ENTE_PUBLICO,CO_SOLICITANTE_TIP_DOC_DEC,C045PK_SOLICITANTE_TIP_DOC_ENT,CO_SOLICITANTE_TIPO) values (475,'4',null,null,null,null,1,null,2,2);
	INSERT into X035T_SOLICITANTE (CO_SOLICITANTE,NU_DOCUMENTO_OFICIO,NB_PRIMER_APELLIDO,NB_PRIMER_NOMBRE,NB_SEGUNDO_APELLIDO,NB_SEGUNDO_NOMBRE,C031PK_ENTE_PUBLICO,CO_SOLICITANTE_TIP_DOC_DEC,C045PK_SOLICITANTE_TIP_DOC_ENT,CO_SOLICITANTE_TIPO) values (476,'AA11111',null,null,null,null,2,null,1,2);
	INSERT into X035T_SOLICITANTE (CO_SOLICITANTE,NU_DOCUMENTO_OFICIO,NB_PRIMER_APELLIDO,NB_PRIMER_NOMBRE,NB_SEGUNDO_APELLIDO,NB_SEGUNDO_NOMBRE,C031PK_ENTE_PUBLICO,CO_SOLICITANTE_TIP_DOC_DEC,C045PK_SOLICITANTE_TIP_DOC_ENT,CO_SOLICITANTE_TIPO) values (477,'123DFG57',null,null,null,null,2,null,3,2);
	INSERT into X035T_SOLICITANTE (CO_SOLICITANTE,NU_DOCUMENTO_OFICIO,NB_PRIMER_APELLIDO,NB_PRIMER_NOMBRE,NB_SEGUNDO_APELLIDO,NB_SEGUNDO_NOMBRE,C031PK_ENTE_PUBLICO,CO_SOLICITANTE_TIP_DOC_DEC,C045PK_SOLICITANTE_TIP_DOC_ENT,CO_SOLICITANTE_TIPO) values (479,'321SFG56',null,null,null,null,3,null,1,2);
	INSERT into X035T_SOLICITANTE (CO_SOLICITANTE,NU_DOCUMENTO_OFICIO,NB_PRIMER_APELLIDO,NB_PRIMER_NOMBRE,NB_SEGUNDO_APELLIDO,NB_SEGUNDO_NOMBRE,C031PK_ENTE_PUBLICO,CO_SOLICITANTE_TIP_DOC_DEC,C045PK_SOLICITANTE_TIP_DOC_ENT,CO_SOLICITANTE_TIPO) values (481,'V-22224444','Gomez','Jose','Perez','Jose',null,1,null,1);
	INSERT into X035T_SOLICITANTE (CO_SOLICITANTE,NU_DOCUMENTO_OFICIO,NB_PRIMER_APELLIDO,NB_PRIMER_NOMBRE,NB_SEGUNDO_APELLIDO,NB_SEGUNDO_NOMBRE,C031PK_ENTE_PUBLICO,CO_SOLICITANTE_TIP_DOC_DEC,C045PK_SOLICITANTE_TIP_DOC_ENT,CO_SOLICITANTE_TIPO) values (482,'V-19313276','BRICEÑO','SCARLET',null,null,null,1,null,1);
	INSERT into X035T_SOLICITANTE (CO_SOLICITANTE,NU_DOCUMENTO_OFICIO,NB_PRIMER_APELLIDO,NB_PRIMER_NOMBRE,NB_SEGUNDO_APELLIDO,NB_SEGUNDO_NOMBRE,C031PK_ENTE_PUBLICO,CO_SOLICITANTE_TIP_DOC_DEC,C045PK_SOLICITANTE_TIP_DOC_ENT,CO_SOLICITANTE_TIPO) values (483,'12345678',null,null,null,null,null,3,null,1);
	INSERT into X035T_SOLICITANTE (CO_SOLICITANTE,NU_DOCUMENTO_OFICIO,NB_PRIMER_APELLIDO,NB_PRIMER_NOMBRE,NB_SEGUNDO_APELLIDO,NB_SEGUNDO_NOMBRE,C031PK_ENTE_PUBLICO,CO_SOLICITANTE_TIP_DOC_DEC,C045PK_SOLICITANTE_TIP_DOC_ENT,CO_SOLICITANTE_TIPO) values (489,'V-14543234','Palacios','Juan','Palacios','Carlos',null,1,null,1);
	INSERT into X035T_SOLICITANTE (CO_SOLICITANTE,NU_DOCUMENTO_OFICIO,NB_PRIMER_APELLIDO,NB_PRIMER_NOMBRE,NB_SEGUNDO_APELLIDO,NB_SEGUNDO_NOMBRE,C031PK_ENTE_PUBLICO,CO_SOLICITANTE_TIP_DOC_DEC,C045PK_SOLICITANTE_TIP_DOC_ENT,CO_SOLICITANTE_TIPO) values (490,'V-13678906','Valera','Catalina','Trujillo','Cristina',null,1,null,1);
	INSERT into X035T_SOLICITANTE (CO_SOLICITANTE,NU_DOCUMENTO_OFICIO,NB_PRIMER_APELLIDO,NB_PRIMER_NOMBRE,NB_SEGUNDO_APELLIDO,NB_SEGUNDO_NOMBRE,C031PK_ENTE_PUBLICO,CO_SOLICITANTE_TIP_DOC_DEC,C045PK_SOLICITANTE_TIP_DOC_ENT,CO_SOLICITANTE_TIPO) values (431,'V-10401543','Blanco','Anastacia','Rojas','Maria',null,1,null,1);
	INSERT into X035T_SOLICITANTE (CO_SOLICITANTE,NU_DOCUMENTO_OFICIO,NB_PRIMER_APELLIDO,NB_PRIMER_NOMBRE,NB_SEGUNDO_APELLIDO,NB_SEGUNDO_NOMBRE,C031PK_ENTE_PUBLICO,CO_SOLICITANTE_TIP_DOC_DEC,C045PK_SOLICITANTE_TIP_DOC_ENT,CO_SOLICITANTE_TIPO) values (434,'V-19313276','Briceño','Scarlet',null,null,null,1,null,1);
	INSERT into X035T_SOLICITANTE (CO_SOLICITANTE,NU_DOCUMENTO_OFICIO,NB_PRIMER_APELLIDO,NB_PRIMER_NOMBRE,NB_SEGUNDO_APELLIDO,NB_SEGUNDO_NOMBRE,C031PK_ENTE_PUBLICO,CO_SOLICITANTE_TIP_DOC_DEC,C045PK_SOLICITANTE_TIP_DOC_ENT,CO_SOLICITANTE_TIPO) values (436,'V-22224444','Gomez','Jose','Perez','Jose',null,1,null,1);
	INSERT into X035T_SOLICITANTE (CO_SOLICITANTE,NU_DOCUMENTO_OFICIO,NB_PRIMER_APELLIDO,NB_PRIMER_NOMBRE,NB_SEGUNDO_APELLIDO,NB_SEGUNDO_NOMBRE,C031PK_ENTE_PUBLICO,CO_SOLICITANTE_TIP_DOC_DEC,C045PK_SOLICITANTE_TIP_DOC_ENT,CO_SOLICITANTE_TIPO) values (438,'V-22224444','Gomez','Jose','Perez','Jose',null,1,null,1);
	INSERT into X035T_SOLICITANTE (CO_SOLICITANTE,NU_DOCUMENTO_OFICIO,NB_PRIMER_APELLIDO,NB_PRIMER_NOMBRE,NB_SEGUNDO_APELLIDO,NB_SEGUNDO_NOMBRE,C031PK_ENTE_PUBLICO,CO_SOLICITANTE_TIP_DOC_DEC,C045PK_SOLICITANTE_TIP_DOC_ENT,CO_SOLICITANTE_TIPO) values (439,'V-22224444','Gomez','Jose','Perez','Jose',null,1,null,1);
	INSERT into X035T_SOLICITANTE (CO_SOLICITANTE,NU_DOCUMENTO_OFICIO,NB_PRIMER_APELLIDO,NB_PRIMER_NOMBRE,NB_SEGUNDO_APELLIDO,NB_SEGUNDO_NOMBRE,C031PK_ENTE_PUBLICO,CO_SOLICITANTE_TIP_DOC_DEC,C045PK_SOLICITANTE_TIP_DOC_ENT,CO_SOLICITANTE_TIPO) values (440,'111MNB123',null,null,null,null,4,null,2,2);
	INSERT into X035T_SOLICITANTE (CO_SOLICITANTE,NU_DOCUMENTO_OFICIO,NB_PRIMER_APELLIDO,NB_PRIMER_NOMBRE,NB_SEGUNDO_APELLIDO,NB_SEGUNDO_NOMBRE,C031PK_ENTE_PUBLICO,CO_SOLICITANTE_TIP_DOC_DEC,C045PK_SOLICITANTE_TIP_DOC_ENT,CO_SOLICITANTE_TIPO) values (441,'V-22224444','Gomez','Jose','Perez','Jose',null,1,null,1);
	INSERT into X035T_SOLICITANTE (CO_SOLICITANTE,NU_DOCUMENTO_OFICIO,NB_PRIMER_APELLIDO,NB_PRIMER_NOMBRE,NB_SEGUNDO_APELLIDO,NB_SEGUNDO_NOMBRE,C031PK_ENTE_PUBLICO,CO_SOLICITANTE_TIP_DOC_DEC,C045PK_SOLICITANTE_TIP_DOC_ENT,CO_SOLICITANTE_TIPO) values (444,'123ae456',null,null,null,null,1,null,1,2);
	INSERT into X035T_SOLICITANTE (CO_SOLICITANTE,NU_DOCUMENTO_OFICIO,NB_PRIMER_APELLIDO,NB_PRIMER_NOMBRE,NB_SEGUNDO_APELLIDO,NB_SEGUNDO_NOMBRE,C031PK_ENTE_PUBLICO,CO_SOLICITANTE_TIP_DOC_DEC,C045PK_SOLICITANTE_TIP_DOC_ENT,CO_SOLICITANTE_TIPO) values (447,'null-22224444','Gomez','Jose','Perez','Jose',null,1,null,1);
	INSERT into X035T_SOLICITANTE (CO_SOLICITANTE,NU_DOCUMENTO_OFICIO,NB_PRIMER_APELLIDO,NB_PRIMER_NOMBRE,NB_SEGUNDO_APELLIDO,NB_SEGUNDO_NOMBRE,C031PK_ENTE_PUBLICO,CO_SOLICITANTE_TIP_DOC_DEC,C045PK_SOLICITANTE_TIP_DOC_ENT,CO_SOLICITANTE_TIPO) values (450,'V-22224444','Gomez','Jose','Perez','Jose',null,1,null,1);
	INSERT into X035T_SOLICITANTE (CO_SOLICITANTE,NU_DOCUMENTO_OFICIO,NB_PRIMER_APELLIDO,NB_PRIMER_NOMBRE,NB_SEGUNDO_APELLIDO,NB_SEGUNDO_NOMBRE,C031PK_ENTE_PUBLICO,CO_SOLICITANTE_TIP_DOC_DEC,C045PK_SOLICITANTE_TIP_DOC_ENT,CO_SOLICITANTE_TIPO) values (453,'V-22224444','Gomez','Jose','Perez','Jose',null,1,null,1);
	INSERT into X035T_SOLICITANTE (CO_SOLICITANTE,NU_DOCUMENTO_OFICIO,NB_PRIMER_APELLIDO,NB_PRIMER_NOMBRE,NB_SEGUNDO_APELLIDO,NB_SEGUNDO_NOMBRE,C031PK_ENTE_PUBLICO,CO_SOLICITANTE_TIP_DOC_DEC,C045PK_SOLICITANTE_TIP_DOC_ENT,CO_SOLICITANTE_TIPO) values (454,'V-22224444','Gomez','Jose','Perez','Jose',null,1,null,1);


	INSERT into X010T_SOLICITUD (CO_SOLICITUD,FE_FIN,FE_INICIO,FE_NOTIFICACION,NU_SOLICITUD,TX_OBSERVACION,CO_SOLICITUD_ESTATUS,CO_ESTATUS_TRAMITE,CO_LIBRO,CO_OFICINA_FUNCIONARIO,CO_SOLICITANTE,CO_TRAMITE) values (431,null,'2016-08-02',null,'201615900001713','PENDIENTE POR AUTENTICAR',10,17,null,1,432,17);
	INSERT into X010T_SOLICITUD (CO_SOLICITUD,FE_FIN,FE_INICIO,FE_NOTIFICACION,NU_SOLICITUD,TX_OBSERVACION,CO_SOLICITUD_ESTATUS,CO_ESTATUS_TRAMITE,CO_LIBRO,CO_OFICINA_FUNCIONARIO,CO_SOLICITANTE,CO_TRAMITE) values (432,null,'2016-08-02',null,'201615900001993','PENDIENTE POR AUTENTICAR',10,17,null,1,433,17);
	INSERT into X010T_SOLICITUD (CO_SOLICITUD,FE_FIN,FE_INICIO,FE_NOTIFICACION,NU_SOLICITUD,TX_OBSERVACION,CO_SOLICITUD_ESTATUS,CO_ESTATUS_TRAMITE,CO_LIBRO,CO_OFICINA_FUNCIONARIO,CO_SOLICITANTE,CO_TRAMITE) values (434,null,'2016-08-02',null,'201615900001952','PENDIENTE POR AUTENTICAR',10,17,null,1,435,17);
	INSERT into X010T_SOLICITUD (CO_SOLICITUD,FE_FIN,FE_INICIO,FE_NOTIFICACION,NU_SOLICITUD,TX_OBSERVACION,CO_SOLICITUD_ESTATUS,CO_ESTATUS_TRAMITE,CO_LIBRO,CO_OFICINA_FUNCIONARIO,CO_SOLICITANTE,CO_TRAMITE) values (436,null,'2016-08-02',null,'201616000001776','PENDIENTE POR AUTENTICAR',10,17,null,1,437,17);
	INSERT into X010T_SOLICITUD (CO_SOLICITUD,FE_FIN,FE_INICIO,FE_NOTIFICACION,NU_SOLICITUD,TX_OBSERVACION,CO_SOLICITUD_ESTATUS,CO_ESTATUS_TRAMITE,CO_LIBRO,CO_OFICINA_FUNCIONARIO,CO_SOLICITANTE,CO_TRAMITE) values (441,null,'2016-08-02',null,'201616000001150','PENDIENTE POR AUTENTICAR',10,17,null,1,442,17);
	INSERT into X010T_SOLICITUD (CO_SOLICITUD,FE_FIN,FE_INICIO,FE_NOTIFICACION,NU_SOLICITUD,TX_OBSERVACION,CO_SOLICITUD_ESTATUS,CO_ESTATUS_TRAMITE,CO_LIBRO,CO_OFICINA_FUNCIONARIO,CO_SOLICITANTE,CO_TRAMITE) values (442,null,'2016-08-02',null,'201616000001124','PENDIENTE POR AUTENTICAR',10,17,null,1,443,17);
	INSERT into X010T_SOLICITUD (CO_SOLICITUD,FE_FIN,FE_INICIO,FE_NOTIFICACION,NU_SOLICITUD,TX_OBSERVACION,CO_SOLICITUD_ESTATUS,CO_ESTATUS_TRAMITE,CO_LIBRO,CO_OFICINA_FUNCIONARIO,CO_SOLICITANTE,CO_TRAMITE) values (444,null,'2016-08-02',null,'201616000001787','PENDIENTE POR AUTENTICAR',10,17,null,1,445,17);
	INSERT into X010T_SOLICITUD (CO_SOLICITUD,FE_FIN,FE_INICIO,FE_NOTIFICACION,NU_SOLICITUD,TX_OBSERVACION,CO_SOLICITUD_ESTATUS,CO_ESTATUS_TRAMITE,CO_LIBRO,CO_OFICINA_FUNCIONARIO,CO_SOLICITANTE,CO_TRAMITE) values (445,null,'2016-08-02',null,'201616000001577','PENDIENTE POR AUTENTICAR',10,17,null,1,446,17);
	INSERT into X010T_SOLICITUD (CO_SOLICITUD,FE_FIN,FE_INICIO,FE_NOTIFICACION,NU_SOLICITUD,TX_OBSERVACION,CO_SOLICITUD_ESTATUS,CO_ESTATUS_TRAMITE,CO_LIBRO,CO_OFICINA_FUNCIONARIO,CO_SOLICITANTE,CO_TRAMITE) values (447,null,'2016-08-02',null,'201616000001859','PENDIENTE POR AUTENTICAR',10,17,null,1,448,17);
	INSERT into X010T_SOLICITUD (CO_SOLICITUD,FE_FIN,FE_INICIO,FE_NOTIFICACION,NU_SOLICITUD,TX_OBSERVACION,CO_SOLICITUD_ESTATUS,CO_ESTATUS_TRAMITE,CO_LIBRO,CO_OFICINA_FUNCIONARIO,CO_SOLICITANTE,CO_TRAMITE) values (448,null,'2016-08-02',null,'201616000001911','PENDIENTE POR AUTENTICAR',10,17,null,1,449,17);
	INSERT into X010T_SOLICITUD (CO_SOLICITUD,FE_FIN,FE_INICIO,FE_NOTIFICACION,NU_SOLICITUD,TX_OBSERVACION,CO_SOLICITUD_ESTATUS,CO_ESTATUS_TRAMITE,CO_LIBRO,CO_OFICINA_FUNCIONARIO,CO_SOLICITANTE,CO_TRAMITE) values (450,null,'2016-08-02',null,'201616000001260','PENDIENTE POR AUTENTICAR',10,17,null,1,451,17);
	INSERT into X010T_SOLICITUD (CO_SOLICITUD,FE_FIN,FE_INICIO,FE_NOTIFICACION,NU_SOLICITUD,TX_OBSERVACION,CO_SOLICITUD_ESTATUS,CO_ESTATUS_TRAMITE,CO_LIBRO,CO_OFICINA_FUNCIONARIO,CO_SOLICITANTE,CO_TRAMITE) values (451,null,'2016-08-02',null,'201616000001807','PENDIENTE POR AUTENTICAR',10,17,null,1,452,17);
	INSERT into X010T_SOLICITUD (CO_SOLICITUD,FE_FIN,FE_INICIO,FE_NOTIFICACION,NU_SOLICITUD,TX_OBSERVACION,CO_SOLICITUD_ESTATUS,CO_ESTATUS_TRAMITE,CO_LIBRO,CO_OFICINA_FUNCIONARIO,CO_SOLICITANTE,CO_TRAMITE) values (454,null,'2016-08-02',null,'201616000001488','PENDIENTE POR AUTENTICAR',10,17,null,1,455,17);
	INSERT into X010T_SOLICITUD (CO_SOLICITUD,FE_FIN,FE_INICIO,FE_NOTIFICACION,NU_SOLICITUD,TX_OBSERVACION,CO_SOLICITUD_ESTATUS,CO_ESTATUS_TRAMITE,CO_LIBRO,CO_OFICINA_FUNCIONARIO,CO_SOLICITANTE,CO_TRAMITE) values (455,null,'2016-08-02',null,'201616100001671','PENDIENTE POR AUTENTICAR',10,17,null,1,456,17);
	INSERT into X010T_SOLICITUD (CO_SOLICITUD,FE_FIN,FE_INICIO,FE_NOTIFICACION,NU_SOLICITUD,TX_OBSERVACION,CO_SOLICITUD_ESTATUS,CO_ESTATUS_TRAMITE,CO_LIBRO,CO_OFICINA_FUNCIONARIO,CO_SOLICITANTE,CO_TRAMITE) values (457,null,'2016-08-02',null,'201616100001237','PENDIENTE POR AUTENTICAR',10,17,null,1,458,17);
	INSERT into X010T_SOLICITUD (CO_SOLICITUD,FE_FIN,FE_INICIO,FE_NOTIFICACION,NU_SOLICITUD,TX_OBSERVACION,CO_SOLICITUD_ESTATUS,CO_ESTATUS_TRAMITE,CO_LIBRO,CO_OFICINA_FUNCIONARIO,CO_SOLICITANTE,CO_TRAMITE) values (458,null,'2016-08-02',null,'201616100001329','PENDIENTE POR AUTENTICAR',10,17,null,1,459,17);
	INSERT into X010T_SOLICITUD (CO_SOLICITUD,FE_FIN,FE_INICIO,FE_NOTIFICACION,NU_SOLICITUD,TX_OBSERVACION,CO_SOLICITUD_ESTATUS,CO_ESTATUS_TRAMITE,CO_LIBRO,CO_OFICINA_FUNCIONARIO,CO_SOLICITANTE,CO_TRAMITE) values (459,null,'2016-08-02',null,'201616100001906','PENDIENTE POR AUTENTICAR',10,17,null,1,460,17);
	INSERT into X010T_SOLICITUD (CO_SOLICITUD,FE_FIN,FE_INICIO,FE_NOTIFICACION,NU_SOLICITUD,TX_OBSERVACION,CO_SOLICITUD_ESTATUS,CO_ESTATUS_TRAMITE,CO_LIBRO,CO_OFICINA_FUNCIONARIO,CO_SOLICITANTE,CO_TRAMITE) values (461,null,'2016-08-02',null,'201616100001876','PENDIENTE POR AUTENTICAR',10,17,null,1,462,17);
	INSERT into X010T_SOLICITUD (CO_SOLICITUD,FE_FIN,FE_INICIO,FE_NOTIFICACION,NU_SOLICITUD,TX_OBSERVACION,CO_SOLICITUD_ESTATUS,CO_ESTATUS_TRAMITE,CO_LIBRO,CO_OFICINA_FUNCIONARIO,CO_SOLICITANTE,CO_TRAMITE) values (463,null,'2016-08-02',null,'20161610000168','PENDIENTE POR AUTENTICAR',10,17,null,1,464,17);
	INSERT into X010T_SOLICITUD (CO_SOLICITUD,FE_FIN,FE_INICIO,FE_NOTIFICACION,NU_SOLICITUD,TX_OBSERVACION,CO_SOLICITUD_ESTATUS,CO_ESTATUS_TRAMITE,CO_LIBRO,CO_OFICINA_FUNCIONARIO,CO_SOLICITANTE,CO_TRAMITE) values (464,null,'2016-08-02',null,'201616100001221','PENDIENTE POR AUTENTICAR',10,17,null,1,465,17);
	INSERT into X010T_SOLICITUD (CO_SOLICITUD,FE_FIN,FE_INICIO,FE_NOTIFICACION,NU_SOLICITUD,TX_OBSERVACION,CO_SOLICITUD_ESTATUS,CO_ESTATUS_TRAMITE,CO_LIBRO,CO_OFICINA_FUNCIONARIO,CO_SOLICITANTE,CO_TRAMITE) values (468,null'2016-08-02',null,'201616100001275','PENDIENTE POR AUTENTICAR',10,17,null,1,469,17);
	INSERT into X010T_SOLICITUD (CO_SOLICITUD,FE_FIN,FE_INICIO,FE_NOTIFICACION,NU_SOLICITUD,TX_OBSERVACION,CO_SOLICITUD_ESTATUS,CO_ESTATUS_TRAMITE,CO_LIBRO,CO_OFICINA_FUNCIONARIO,CO_SOLICITANTE,CO_TRAMITE) values (471,null,'2016-08-02',null,'201616100001745','PENDIENTE POR AUTENTICAR',10,17,null,1,472,17);
	INSERT into X010T_SOLICITUD (CO_SOLICITUD,FE_FIN,FE_INICIO,FE_NOTIFICACION,NU_SOLICITUD,TX_OBSERVACION,CO_SOLICITUD_ESTATUS,CO_ESTATUS_TRAMITE,CO_LIBRO,CO_OFICINA_FUNCIONARIO,CO_SOLICITANTE,CO_TRAMITE) values (472,null,'2016-08-02',null,'201616100001609','PENDIENTE POR AUTENTICAR',10,17,null,1,473,17);
	INSERT into X010T_SOLICITUD (CO_SOLICITUD,FE_FIN,FE_INICIO,FE_NOTIFICACION,NU_SOLICITUD,TX_OBSERVACION,CO_SOLICITUD_ESTATUS,CO_ESTATUS_TRAMITE,CO_LIBRO,CO_OFICINA_FUNCIONARIO,CO_SOLICITANTE,CO_TRAMITE) values (477,null,'2016-08-02',null,'201616100001408','PENDIENTE POR AUTENTICAR',10,17,null,1,478,17);
	INSERT into X010T_SOLICITUD (CO_SOLICITUD,FE_FIN,FE_INICIO,FE_NOTIFICACION,NU_SOLICITUD,TX_OBSERVACION,CO_SOLICITUD_ESTATUS,CO_ESTATUS_TRAMITE,CO_LIBRO,CO_OFICINA_FUNCIONARIO,CO_SOLICITANTE,CO_TRAMITE) values (479,null,'2016-08-02',null,'201616100001731','PENDIENTE POR AUTENTICAR',10,17,null,1,480,17);
	INSERT into X010T_SOLICITUD (CO_SOLICITUD,FE_FIN,FE_INICIO,FE_NOTIFICACION,NU_SOLICITUD,TX_OBSERVACION,CO_SOLICITUD_ESTATUS,CO_ESTATUS_TRAMITE,CO_LIBRO,CO_OFICINA_FUNCIONARIO,CO_SOLICITANTE,CO_TRAMITE) values (483,null,'2016-08-02',null,'201616200001523','PENDIENTE POR AUTENTICAR',10,17,null,1,484,17);
	INSERT into X010T_SOLICITUD (CO_SOLICITUD,FE_FIN,FE_INICIO,FE_NOTIFICACION,NU_SOLICITUD,TX_OBSERVACION,CO_SOLICITUD_ESTATUS,CO_ESTATUS_TRAMITE,CO_LIBRO,CO_OFICINA_FUNCIONARIO,CO_SOLICITANTE,CO_TRAMITE) values (484,null,'2016-08-02',null,'201616200001837','PENDIENTE POR AUTENTICAR',10,17,null,1,485,17);
	INSERT into X010T_SOLICITUD (CO_SOLICITUD,FE_FIN,FE_INICIO,FE_NOTIFICACION,NU_SOLICITUD,TX_OBSERVACION,CO_SOLICITUD_ESTATUS,CO_ESTATUS_TRAMITE,CO_LIBRO,CO_OFICINA_FUNCIONARIO,CO_SOLICITANTE,CO_TRAMITE) values (485,null,'2016-08-02',null,'201616200001888','PENDIENTE POR AUTENTICAR',10,17,null,1,486,17);
	INSERT into X010T_SOLICITUD (CO_SOLICITUD,FE_FIN,FE_INICIO,FE_NOTIFICACION,NU_SOLICITUD,TX_OBSERVACION,CO_SOLICITUD_ESTATUS,CO_ESTATUS_TRAMITE,CO_LIBRO,CO_OFICINA_FUNCIONARIO,CO_SOLICITANTE,CO_TRAMITE) values (486,null,'2016-08-02',null,'201616200001268','PENDIENTE POR AUTENTICAR',10,17,null,1,487,17);
	INSERT into X010T_SOLICITUD (CO_SOLICITUD,FE_FIN,FE_INICIO,FE_NOTIFICACION,NU_SOLICITUD,TX_OBSERVACION,CO_SOLICITUD_ESTATUS,CO_ESTATUS_TRAMITE,CO_LIBRO,CO_OFICINA_FUNCIONARIO,CO_SOLICITANTE,CO_TRAMITE) values (487,null,'2016-08-02',null,'201616200001974','PENDIENTE POR AUTENTICAR',10,17,null,1,488,17);
	INSERT into X010T_SOLICITUD (CO_SOLICITUD,FE_FIN,FE_INICIO,FE_NOTIFICACION,NU_SOLICITUD,TX_OBSERVACION,CO_SOLICITUD_ESTATUS,CO_ESTATUS_TRAMITE,CO_LIBRO,CO_OFICINA_FUNCIONARIO,CO_SOLICITANTE,CO_TRAMITE) values (429,null,'2016-08-02',null,'201615300001888','PENDIENTE POR AUTENTICAR',10,17,null,1,430,17);
	INSERT into X010T_SOLICITUD (CO_SOLICITUD,FE_FIN,FE_INICIO,FE_NOTIFICACION,NU_SOLICITUD,TX_OBSERVACION,CO_SOLICITUD_ESTATUS,CO_ESTATUS_TRAMITE,CO_LIBRO,CO_OFICINA_FUNCIONARIO,CO_SOLICITANTE,CO_TRAMITE) values (456,null,'2016-08-02',null,'201616100001567','PENDIENTE POR AUTENTICAR',10,17,null,1,457,17);
	INSERT into X010T_SOLICITUD (CO_SOLICITUD,FE_FIN,FE_INICIO,FE_NOTIFICACION,NU_SOLICITUD,TX_OBSERVACION,CO_SOLICITUD_ESTATUS,CO_ESTATUS_TRAMITE,CO_LIBRO,CO_OFICINA_FUNCIONARIO,CO_SOLICITANTE,CO_TRAMITE) values (460,null,'2016-08-02',null,'201616100001271','PENDIENTE POR AUTENTICAR',10,17,null,1,461,17);
	INSERT into X010T_SOLICITUD (CO_SOLICITUD,FE_FIN,FE_INICIO,FE_NOTIFICACION,NU_SOLICITUD,TX_OBSERVACION,CO_SOLICITUD_ESTATUS,CO_ESTATUS_TRAMITE,CO_LIBRO,CO_OFICINA_FUNCIONARIO,CO_SOLICITANTE,CO_TRAMITE) values (462,null,'2016-08-02',null,'201616100001666','PENDIENTE POR AUTENTICAR',10,17,null,1,463,17);
	INSERT into X010T_SOLICITUD (CO_SOLICITUD,FE_FIN,FE_INICIO,FE_NOTIFICACION,NU_SOLICITUD,TX_OBSERVACION,CO_SOLICITUD_ESTATUS,CO_ESTATUS_TRAMITE,CO_LIBRO,CO_OFICINA_FUNCIONARIO,CO_SOLICITANTE,CO_TRAMITE) values (465,null,'2016-08-02',null,'201616100001785','PENDIENTE POR AUTENTICAR',10,17,null,1,466,17);
	INSERT into X010T_SOLICITUD (CO_SOLICITUD,FE_FIN,FE_INICIO,FE_NOTIFICACION,NU_SOLICITUD,TX_OBSERVACION,CO_SOLICITUD_ESTATUS,CO_ESTATUS_TRAMITE,CO_LIBRO,CO_OFICINA_FUNCIONARIO,CO_SOLICITANTE,CO_TRAMITE) values (466,null,'2016-08-02',null,'201616100001588','PENDIENTE POR AUTENTICAR',10,17,null,1,467,17);
	INSERT into X010T_SOLICITUD (CO_SOLICITUD,FE_FIN,FE_INICIO,FE_NOTIFICACION,NU_SOLICITUD,TX_OBSERVACION,CO_SOLICITUD_ESTATUS,CO_ESTATUS_TRAMITE,CO_LIBRO,CO_OFICINA_FUNCIONARIO,CO_SOLICITANTE,CO_TRAMITE) values (467,null,'2016-08-02',null,'201616100001987','PENDIENTE POR AUTENTICAR',10,17,null,1,468,17);
	INSERT into X010T_SOLICITUD (CO_SOLICITUD,FE_FIN,FE_INICIO,FE_NOTIFICACION,NU_SOLICITUD,TX_OBSERVACION,CO_SOLICITUD_ESTATUS,CO_ESTATUS_TRAMITE,CO_LIBRO,CO_OFICINA_FUNCIONARIO,CO_SOLICITANTE,CO_TRAMITE) values (469,null,'2016-08-02',null,'201616100001349','PENDIENTE POR AUTENTICAR',10,17,null,1,470,17);
	INSERT into X010T_SOLICITUD (CO_SOLICITUD,FE_FIN,FE_INICIO,FE_NOTIFICACION,NU_SOLICITUD,TX_OBSERVACION,CO_SOLICITUD_ESTATUS,CO_ESTATUS_TRAMITE,CO_LIBRO,CO_OFICINA_FUNCIONARIO,CO_SOLICITANTE,CO_TRAMITE) values (470,null,'2016-08-02',null,'201616100001288','PENDIENTE POR AUTENTICAR',10,17,null,1,471,17);
	INSERT into X010T_SOLICITUD (CO_SOLICITUD,FE_FIN,FE_INICIO,FE_NOTIFICACION,NU_SOLICITUD,TX_OBSERVACION,CO_SOLICITUD_ESTATUS,CO_ESTATUS_TRAMITE,CO_LIBRO,CO_OFICINA_FUNCIONARIO,CO_SOLICITANTE,CO_TRAMITE) values (473,null,'2016-08-02',null,'201616100001323','PENDIENTE POR AUTENTICAR',10,17,null,1,474,17);
	INSERT into X010T_SOLICITUD (CO_SOLICITUD,FE_FIN,FE_INICIO,FE_NOTIFICACION,NU_SOLICITUD,TX_OBSERVACION,CO_SOLICITUD_ESTATUS,CO_ESTATUS_TRAMITE,CO_LIBRO,CO_OFICINA_FUNCIONARIO,CO_SOLICITANTE,CO_TRAMITE) values (474,null,'2016-08-02',null,'201616100001997','PENDIENTE POR AUTENTICAR',10,17,null,1,475,17);
	INSERT into X010T_SOLICITUD (CO_SOLICITUD,FE_FIN,FE_INICIO,FE_NOTIFICACION,NU_SOLICITUD,TX_OBSERVACION,CO_SOLICITUD_ESTATUS,CO_ESTATUS_TRAMITE,CO_LIBRO,CO_OFICINA_FUNCIONARIO,CO_SOLICITANTE,CO_TRAMITE) values (475,null,'2016-08-02',null,'201616100001196','PENDIENTE POR AUTENTICAR',10,17,null,1,476,17);
	INSERT into X010T_SOLICITUD (CO_SOLICITUD,FE_FIN,FE_INICIO,FE_NOTIFICACION,NU_SOLICITUD,TX_OBSERVACION,CO_SOLICITUD_ESTATUS,CO_ESTATUS_TRAMITE,CO_LIBRO,CO_OFICINA_FUNCIONARIO,CO_SOLICITANTE,CO_TRAMITE) values (476,null,'2016-08-02',null,'201616100001426','PENDIENTE POR AUTENTICAR',10,17,null,1,477,17);
	INSERT into X010T_SOLICITUD (CO_SOLICITUD,FE_FIN,FE_INICIO,FE_NOTIFICACION,NU_SOLICITUD,TX_OBSERVACION,CO_SOLICITUD_ESTATUS,CO_ESTATUS_TRAMITE,CO_LIBRO,CO_OFICINA_FUNCIONARIO,CO_SOLICITANTE,CO_TRAMITE) values (478,null,'2016-08-02',null,'201616100001191','PENDIENTE POR AUTENTICAR',10,17,null,1,479,17);
	INSERT into X010T_SOLICITUD (CO_SOLICITUD,FE_FIN,FE_INICIO,FE_NOTIFICACION,NU_SOLICITUD,TX_OBSERVACION,CO_SOLICITUD_ESTATUS,CO_ESTATUS_TRAMITE,CO_LIBRO,CO_OFICINA_FUNCIONARIO,CO_SOLICITANTE,CO_TRAMITE) values (480,null,'2016-08-02',null,'201616100001144','PENDIENTE POR AUTENTICAR',10,17,null,1,481,17);
	INSERT into X010T_SOLICITUD (CO_SOLICITUD,FE_FIN,FE_INICIO,FE_NOTIFICACION,NU_SOLICITUD,TX_OBSERVACION,CO_SOLICITUD_ESTATUS,CO_ESTATUS_TRAMITE,CO_LIBRO,CO_OFICINA_FUNCIONARIO,CO_SOLICITANTE,CO_TRAMITE) values (481,null,'2016-08-02',null,'201616100001352','PENDIENTE POR AUTENTICAR',10,17,null,1,482,17);
	INSERT into X010T_SOLICITUD (CO_SOLICITUD,FE_FIN,FE_INICIO,FE_NOTIFICACION,NU_SOLICITUD,TX_OBSERVACION,CO_SOLICITUD_ESTATUS,CO_ESTATUS_TRAMITE,CO_LIBRO,CO_OFICINA_FUNCIONARIO,CO_SOLICITANTE,CO_TRAMITE) values (482,null,'2016-08-02',null,'201616200001897','PENDIENTE POR AUTENTICAR',10,17,null,1,483,17);
	INSERT into X010T_SOLICITUD (CO_SOLICITUD,FE_FIN,FE_INICIO,FE_NOTIFICACION,NU_SOLICITUD,TX_OBSERVACION,CO_SOLICITUD_ESTATUS,CO_ESTATUS_TRAMITE,CO_LIBRO,CO_OFICINA_FUNCIONARIO,CO_SOLICITANTE,CO_TRAMITE) values (488,null,'2016-08-02',null,'201616700001287','PENDIENTE POR AUTENTICAR',10,17,null,1,489,17);
	INSERT into X010T_SOLICITUD (CO_SOLICITUD,FE_FIN,FE_INICIO,FE_NOTIFICACION,NU_SOLICITUD,TX_OBSERVACION,CO_SOLICITUD_ESTATUS,CO_ESTATUS_TRAMITE,CO_LIBRO,CO_OFICINA_FUNCIONARIO,CO_SOLICITANTE,CO_TRAMITE) values (489,null,'2016-08-02',null,'201616700001673','PENDIENTE POR AUTENTICAR',10,17,null,1,490,17);
	INSERT into X010T_SOLICITUD (CO_SOLICITUD,FE_FIN,FE_INICIO,FE_NOTIFICACION,NU_SOLICITUD,TX_OBSERVACION,CO_SOLICITUD_ESTATUS,CO_ESTATUS_TRAMITE,CO_LIBRO,CO_OFICINA_FUNCIONARIO,CO_SOLICITANTE,CO_TRAMITE) values (433,null,'2016-08-02',null,'201615900001321','PENDIENTE POR AUTENTICAR',10,17,null,1,434,17);
	INSERT into X010T_SOLICITUD (CO_SOLICITUD,FE_FIN,FE_INICIO,FE_NOTIFICACION,NU_SOLICITUD,TX_OBSERVACION,CO_SOLICITUD_ESTATUS,CO_ESTATUS_TRAMITE,CO_LIBRO,CO_OFICINA_FUNCIONARIO,CO_SOLICITANTE,CO_TRAMITE) values (435,null,'2016-08-02',null,'201616000001666','PENDIENTE POR AUTENTICAR',10,17,null,1,436,17);
	INSERT into X010T_SOLICITUD (CO_SOLICITUD,FE_FIN,FE_INICIO,FE_NOTIFICACION,NU_SOLICITUD,TX_OBSERVACION,CO_SOLICITUD_ESTATUS,CO_ESTATUS_TRAMITE,CO_LIBRO,CO_OFICINA_FUNCIONARIO,CO_SOLICITANTE,CO_TRAMITE) values (437,null,'2016-08-02',null,'201616000001135','PENDIENTE POR AUTENTICAR',10,17,null,1,438,17);
	INSERT into X010T_SOLICITUD (CO_SOLICITUD,FE_FIN,FE_INICIO,FE_NOTIFICACION,NU_SOLICITUD,TX_OBSERVACION,CO_SOLICITUD_ESTATUS,CO_ESTATUS_TRAMITE,CO_LIBRO,CO_OFICINA_FUNCIONARIO,CO_SOLICITANTE,CO_TRAMITE) values (438,null,'2016-08-02',null,'201616000001996','PENDIENTE POR AUTENTICAR',10,17,null,1,439,17);
	INSERT into X010T_SOLICITUD (CO_SOLICITUD,FE_FIN,FE_INICIO,FE_NOTIFICACION,NU_SOLICITUD,TX_OBSERVACION,CO_SOLICITUD_ESTATUS,CO_ESTATUS_TRAMITE,CO_LIBRO,CO_OFICINA_FUNCIONARIO,CO_SOLICITANTE,CO_TRAMITE) values (439,null,'2016-08-02',null,'20161600000160','PENDIENTE POR AUTENTICAR',10,17,null,1,440,17);
	INSERT into X010T_SOLICITUD (CO_SOLICITUD,FE_FIN,FE_INICIO,FE_NOTIFICACION,NU_SOLICITUD,TX_OBSERVACION,CO_SOLICITUD_ESTATUS,CO_ESTATUS_TRAMITE,CO_LIBRO,CO_OFICINA_FUNCIONARIO,CO_SOLICITANTE,CO_TRAMITE) values (440,null,'2016-08-02',null,'201616000001487','PENDIENTE POR AUTENTICAR',10,17,null,1,441,17);
	INSERT into X010T_SOLICITUD (CO_SOLICITUD,FE_FIN,FE_INICIO,FE_NOTIFICACION,NU_SOLICITUD,TX_OBSERVACION,CO_SOLICITUD_ESTATUS,CO_ESTATUS_TRAMITE,CO_LIBRO,CO_OFICINA_FUNCIONARIO,CO_SOLICITANTE,CO_TRAMITE) values (443,null,'2016-08-02',null,'201616000001763','PENDIENTE POR AUTENTICAR',10,17,null,1,444,17);
	INSERT into X010T_SOLICITUD (CO_SOLICITUD,FE_FIN,FE_INICIO,FE_NOTIFICACION,NU_SOLICITUD,TX_OBSERVACION,CO_SOLICITUD_ESTATUS,CO_ESTATUS_TRAMITE,CO_LIBRO,CO_OFICINA_FUNCIONARIO,CO_SOLICITANTE,CO_TRAMITE) values (446,null,'2016-08-02',null,'201616000001163','PENDIENTE POR AUTENTICAR',10,17,null,1,447,17);
	INSERT into X010T_SOLICITUD (CO_SOLICITUD,FE_FIN,FE_INICIO,FE_NOTIFICACION,NU_SOLICITUD,TX_OBSERVACION,CO_SOLICITUD_ESTATUS,CO_ESTATUS_TRAMITE,CO_LIBRO,CO_OFICINA_FUNCIONARIO,CO_SOLICITANTE,CO_TRAMITE) values (449,null,'2016-08-02',null,'201616000001569','PENDIENTE POR AUTENTICAR',10,17,null,1,450,17);
	INSERT into X010T_SOLICITUD (CO_SOLICITUD,FE_FIN,FE_INICIO,FE_NOTIFICACION,NU_SOLICITUD,TX_OBSERVACION,CO_SOLICITUD_ESTATUS,CO_ESTATUS_TRAMITE,CO_LIBRO,CO_OFICINA_FUNCIONARIO,CO_SOLICITANTE,CO_TRAMITE) values (452,null,'2016-08-02',null,'201616000001382','PENDIENTE POR AUTENTICAR',10,17,null,1,453,17);
	INSERT into X010T_SOLICITUD (CO_SOLICITUD,FE_FIN,FE_INICIO,FE_NOTIFICACION,NU_SOLICITUD,TX_OBSERVACION,CO_SOLICITUD_ESTATUS,CO_ESTATUS_TRAMITE,CO_LIBRO,CO_OFICINA_FUNCIONARIO,CO_SOLICITANTE,CO_TRAMITE) values (453,null,'2016-08-02',null,'201616000001266','PENDIENTE POR AUTENTICAR',10,17,null,1,454,17);
	INSERT into X010T_SOLICITUD (CO_SOLICITUD,FE_FIN,FE_INICIO,FE_NOTIFICACION,NU_SOLICITUD,TX_OBSERVACION,CO_SOLICITUD_ESTATUS,CO_ESTATUS_TRAMITE,CO_LIBRO,CO_OFICINA_FUNCIONARIO,CO_SOLICITANTE,CO_TRAMITE) values (430,null,'2016-08-02',null,'201615800001484','PENDIENTE POR AUTENTICAR',10,18,null,1,431,18);

	INSERT into X041T_DIARIO (CO_DIARIO,FE_REGISTRO,CO_DIARIO_ESTATUS,CO_SOLICITUD) values (8,'2016-08-02',1,431);
	INSERT into X041T_DIARIO (CO_DIARIO,FE_REGISTRO,CO_DIARIO_ESTATUS,CO_SOLICITUD) values (15,'2016-08-03',1,432);
	INSERT into X041T_DIARIO (CO_DIARIO,FE_REGISTRO,CO_DIARIO_ESTATUS,CO_SOLICITUD) values (24,'2016-08-04',1,434);
	INSERT into X041T_DIARIO (CO_DIARIO,FE_REGISTRO,CO_DIARIO_ESTATUS,CO_SOLICITUD) values (25,'2016-08-04',1,436);
	INSERT into X041T_DIARIO (CO_DIARIO,FE_REGISTRO,CO_DIARIO_ESTATUS,CO_SOLICITUD) values (26,'2016-08-04',1,441);
	INSERT into X041T_DIARIO (CO_DIARIO,FE_REGISTRO,CO_DIARIO_ESTATUS,CO_SOLICITUD) values (29,'2016-08-05',1,442);
	INSERT into X041T_DIARIO (CO_DIARIO,FE_REGISTRO,CO_DIARIO_ESTATUS,CO_SOLICITUD) values (32,'2016-08-09',1,444);
	INSERT into X041T_DIARIO (CO_DIARIO,FE_REGISTRO,CO_DIARIO_ESTATUS,CO_SOLICITUD) values (33,'2016-08-09',1,445);
	INSERT into X041T_DIARIO (CO_DIARIO,FE_REGISTRO,CO_DIARIO_ESTATUS,CO_SOLICITUD) values (37,'2016-08-10',1,447);
	INSERT into X041T_DIARIO (CO_DIARIO,FE_REGISTRO,CO_DIARIO_ESTATUS,CO_SOLICITUD) values (38,'2016-08-10',1,448);
	INSERT into X041T_DIARIO (CO_DIARIO,FE_REGISTRO,CO_DIARIO_ESTATUS,CO_SOLICITUD) values (39,'2016-08-10',1,450);
	INSERT into X041T_DIARIO (CO_DIARIO,FE_REGISTRO,CO_DIARIO_ESTATUS,CO_SOLICITUD) values (40,'2016-08-10',1,451);
	INSERT into X041T_DIARIO (CO_DIARIO,FE_REGISTRO,CO_DIARIO_ESTATUS,CO_SOLICITUD) values (44,'2016-08-11',1,454);
	INSERT into X041T_DIARIO (CO_DIARIO,FE_REGISTRO,CO_DIARIO_ESTATUS,CO_SOLICITUD) values (57,'2016-08-16',1,455);
	INSERT into X041T_DIARIO (CO_DIARIO,FE_REGISTRO,CO_DIARIO_ESTATUS,CO_SOLICITUD) values (58,'2016-08-16',1,457);
	INSERT into X041T_DIARIO (CO_DIARIO,FE_REGISTRO,CO_DIARIO_ESTATUS,CO_SOLICITUD) values (3,'2016-08-02',1,458);
	INSERT into X041T_DIARIO (CO_DIARIO,FE_REGISTRO,CO_DIARIO_ESTATUS,CO_SOLICITUD) values (11,'2016-08-02',1,459);
	INSERT into X041T_DIARIO (CO_DIARIO,FE_REGISTRO,CO_DIARIO_ESTATUS,CO_SOLICITUD) values (1,'2016-07-26',1,461);
	INSERT into X041T_DIARIO (CO_DIARIO,FE_REGISTRO,CO_DIARIO_ESTATUS,CO_SOLICITUD) values (22,'2016-08-04',1,463);
	INSERT into X041T_DIARIO (CO_DIARIO,FE_REGISTRO,CO_DIARIO_ESTATUS,CO_SOLICITUD) values (27,'2016-08-05',1,464);
	INSERT into X041T_DIARIO (CO_DIARIO,FE_REGISTRO,CO_DIARIO_ESTATUS,CO_SOLICITUD) values (28,'2016-08-05',1,468);
	INSERT into X041T_DIARIO (CO_DIARIO,FE_REGISTRO,CO_DIARIO_ESTATUS,CO_SOLICITUD) values (30,'2016-08-05',1,471);
	INSERT into X041T_DIARIO (CO_DIARIO,FE_REGISTRO,CO_DIARIO_ESTATUS,CO_SOLICITUD) values (35,'2016-08-10',1,472);
	INSERT into X041T_DIARIO (CO_DIARIO,FE_REGISTRO,CO_DIARIO_ESTATUS,CO_SOLICITUD) values (41,'2016-08-10',1,477);
	INSERT into X041T_DIARIO (CO_DIARIO,FE_REGISTRO,CO_DIARIO_ESTATUS,CO_SOLICITUD) values (42,'2016-08-10',1,479);
	INSERT into X041T_DIARIO (CO_DIARIO,FE_REGISTRO,CO_DIARIO_ESTATUS,CO_SOLICITUD) values (43,'2016-08-11',1,483);
	INSERT into X041T_DIARIO (CO_DIARIO,FE_REGISTRO,CO_DIARIO_ESTATUS,CO_SOLICITUD) values (46,'2016-08-11',1,484);
	INSERT into X041T_DIARIO (CO_DIARIO,FE_REGISTRO,CO_DIARIO_ESTATUS,CO_SOLICITUD) values (48,'2016-08-12',1,485);
	INSERT into X041T_DIARIO (CO_DIARIO,FE_REGISTRO,CO_DIARIO_ESTATUS,CO_SOLICITUD) values (50,'2016-08-12',1,486);
	INSERT into X041T_DIARIO (CO_DIARIO,FE_REGISTRO,CO_DIARIO_ESTATUS,CO_SOLICITUD) values (55,'2016-08-16',1,487);
	INSERT into X041T_DIARIO (CO_DIARIO,FE_REGISTRO,CO_DIARIO_ESTATUS,CO_SOLICITUD) values (56,'2016-08-16',1,429);
	INSERT into X041T_DIARIO (CO_DIARIO,FE_REGISTRO,CO_DIARIO_ESTATUS,CO_SOLICITUD) values (4,'2016-08-02',1,456);
	INSERT into X041T_DIARIO (CO_DIARIO,FE_REGISTRO,CO_DIARIO_ESTATUS,CO_SOLICITUD) values (63,'2016-08-16',1,460);
	INSERT into X041T_DIARIO (CO_DIARIO,FE_REGISTRO,CO_DIARIO_ESTATUS,CO_SOLICITUD) values (2,'2016-07-26',1,462);
	INSERT into X041T_DIARIO (CO_DIARIO,FE_REGISTRO,CO_DIARIO_ESTATUS,CO_SOLICITUD) values (6,'2016-08-02',1,465);
	INSERT into X041T_DIARIO (CO_DIARIO,FE_REGISTRO,CO_DIARIO_ESTATUS,CO_SOLICITUD) values (17,'2016-08-03',1,466);
	INSERT into X041T_DIARIO (CO_DIARIO,FE_REGISTRO,CO_DIARIO_ESTATUS,CO_SOLICITUD) values (34,'2016-08-09',1,467);
	INSERT into X041T_DIARIO (CO_DIARIO,FE_REGISTRO,CO_DIARIO_ESTATUS,CO_SOLICITUD) values (47,'2016-08-11',1,469);
	INSERT into X041T_DIARIO (CO_DIARIO,FE_REGISTRO,CO_DIARIO_ESTATUS,CO_SOLICITUD) values (51,'2016-08-12',1,470);
	INSERT into X041T_DIARIO (CO_DIARIO,FE_REGISTRO,CO_DIARIO_ESTATUS,CO_SOLICITUD) values (53,'2016-08-13',1,473);
	INSERT into X041T_DIARIO (CO_DIARIO,FE_REGISTRO,CO_DIARIO_ESTATUS,CO_SOLICITUD) values (54,'2016-08-15',1,474);
	INSERT into X041T_DIARIO (CO_DIARIO,FE_REGISTRO,CO_DIARIO_ESTATUS,CO_SOLICITUD) values (60,'2016-08-16',1,475);
	INSERT into X041T_DIARIO (CO_DIARIO,FE_REGISTRO,CO_DIARIO_ESTATUS,CO_SOLICITUD) values (61,'2016-08-16',1,476);
	INSERT into X041T_DIARIO (CO_DIARIO,FE_REGISTRO,CO_DIARIO_ESTATUS,CO_SOLICITUD) values (62,'2016-08-16',1,478);
	INSERT into X041T_DIARIO (CO_DIARIO,FE_REGISTRO,CO_DIARIO_ESTATUS,CO_SOLICITUD) values (65,'2016-08-17',1,480);
	INSERT into X041T_DIARIO (CO_DIARIO,FE_REGISTRO,CO_DIARIO_ESTATUS,CO_SOLICITUD) values (5,'2016-08-02',1,481);
	INSERT into X041T_DIARIO (CO_DIARIO,FE_REGISTRO,CO_DIARIO_ESTATUS,CO_SOLICITUD) values (7,'2016-08-02',1,482);
	INSERT into X041T_DIARIO (CO_DIARIO,FE_REGISTRO,CO_DIARIO_ESTATUS,CO_SOLICITUD) values (9,'2016-08-02',1,488);
	INSERT into X041T_DIARIO (CO_DIARIO,FE_REGISTRO,CO_DIARIO_ESTATUS,CO_SOLICITUD) values (10,'2016-08-02',1,489);
	INSERT into X041T_DIARIO (CO_DIARIO,FE_REGISTRO,CO_DIARIO_ESTATUS,CO_SOLICITUD) values (12,'2016-08-03',1,433);
	INSERT into X041T_DIARIO (CO_DIARIO,FE_REGISTRO,CO_DIARIO_ESTATUS,CO_SOLICITUD) values (13,'2016-08-03',1,435);
	INSERT into X041T_DIARIO (CO_DIARIO,FE_REGISTRO,CO_DIARIO_ESTATUS,CO_SOLICITUD) values (14,'2016-08-03',1,437);
	INSERT into X041T_DIARIO (CO_DIARIO,FE_REGISTRO,CO_DIARIO_ESTATUS,CO_SOLICITUD) values (16,'2016-08-03',1,438);
	INSERT into X041T_DIARIO (CO_DIARIO,FE_REGISTRO,CO_DIARIO_ESTATUS,CO_SOLICITUD) values (18,'2016-08-04',1,439);
	INSERT into X041T_DIARIO (CO_DIARIO,FE_REGISTRO,CO_DIARIO_ESTATUS,CO_SOLICITUD) values (19,'2016-08-04',1,440);
	INSERT into X041T_DIARIO (CO_DIARIO,FE_REGISTRO,CO_DIARIO_ESTATUS,CO_SOLICITUD) values (20,'2016-08-04',1,443);
	INSERT into X041T_DIARIO (CO_DIARIO,FE_REGISTRO,CO_DIARIO_ESTATUS,CO_SOLICITUD) values (21,'2016-08-04',1,446);
	INSERT into X041T_DIARIO (CO_DIARIO,FE_REGISTRO,CO_DIARIO_ESTATUS,CO_SOLICITUD) values (36,'2016-08-10',9,449);
	INSERT into X041T_DIARIO (CO_DIARIO,FE_REGISTRO,CO_DIARIO_ESTATUS,CO_SOLICITUD) values (31,'2016-08-05',9,452);
	INSERT into X041T_DIARIO (CO_DIARIO,FE_REGISTRO,CO_DIARIO_ESTATUS,CO_SOLICITUD) values (66,'2016-08-10',9,453);
	INSERT into X041T_DIARIO (CO_DIARIO,FE_REGISTRO,CO_DIARIO_ESTATUS,CO_SOLICITUD) values (45,'2016-08-11',2,430);
	
	INSERT into X037T_USUARIO (CO_USUARIO,TX_CLAVE,TX_CORREO,IN_ESTATUS,NB_USUARIO,CO_OFICINA_FUNCIONARIO) values ('1','abf046b3e8f47c1714d22cfecae9e095092106f1d4bd8cd790a52039c4887e90','func1@cne.com','ACT','func1@cne.com','1');
	INSERT into X037T_USUARIO (CO_USUARIO,TX_CLAVE,TX_CORREO,IN_ESTATUS,NB_USUARIO,CO_OFICINA_FUNCIONARIO) values ('2','5994471abb01112afcc18159f6cc74b4f511b99806da59b3caf5a9c173cacfc5','jperez@cne.com','ACT','jperez@cne.com','2');
	INSERT into X037T_USUARIO (CO_USUARIO,TX_CLAVE,TX_CORREO,IN_ESTATUS,NB_USUARIO,CO_OFICINA_FUNCIONARIO) values ('3','5994471abb01112afcc18159f6cc74b4f511b99806da59b3caf5a9c173cacfc5','orodriguez@cne.com','ACT','orodriguez@cne.com','3');
	INSERT into X037T_USUARIO (CO_USUARIO,TX_CLAVE,TX_CORREO,IN_ESTATUS,NB_USUARIO,CO_OFICINA_FUNCIONARIO) values ('4','5994471abb01112afcc18159f6cc74b4f511b99806da59b3caf5a9c173cacfc5','jnieves@cne.com','ACT','jnieves@cne.com','4');
	INSERT into X037T_USUARIO (CO_USUARIO,TX_CLAVE,TX_CORREO,IN_ESTATUS,NB_USUARIO,CO_OFICINA_FUNCIONARIO) values ('5','5994471abb01112afcc18159f6cc74b4f511b99806da59b3caf5a9c173cacfc5','alopez@cne.com','ACT','alopez@cne.com','5');
	INSERT into X037T_USUARIO (CO_USUARIO,TX_CLAVE,TX_CORREO,IN_ESTATUS,NB_USUARIO,CO_OFICINA_FUNCIONARIO) values ('6','5994471abb01112afcc18159f6cc74b4f511b99806da59b3caf5a9c173cacfc5','jrodriguez@cne.com','ACT','jrodriguez@cne.com','6');
	INSERT into X037T_USUARIO (CO_USUARIO,TX_CLAVE,TX_CORREO,IN_ESTATUS,NB_USUARIO,CO_OFICINA_FUNCIONARIO) values ('7','5994471abb01112afcc18159f6cc74b4f511b99806da59b3caf5a9c173cacfc5','jsubero@cne.com','ACT','jsubero@cne.com','7');
	INSERT into X037T_USUARIO (CO_USUARIO,TX_CLAVE,TX_CORREO,IN_ESTATUS,NB_USUARIO,CO_OFICINA_FUNCIONARIO) values ('8','5994471abb01112afcc18159f6cc74b4f511b99806da59b3caf5a9c173cacfc5','ncastillo@cne.com','ACT','ncastillo@cne.com','8');

	INSERT into C020T_ROL_USUARIO (CO_ROL_USUARIO,CO_ROL,CO_USUARIO) values (2,2,2);
	INSERT into C020T_ROL_USUARIO (CO_ROL_USUARIO,CO_ROL,CO_USUARIO) values (3,3,3);
	INSERT into C020T_ROL_USUARIO (CO_ROL_USUARIO,CO_ROL,CO_USUARIO) values (4,1,4);
	INSERT into C020T_ROL_USUARIO (CO_ROL_USUARIO,CO_ROL,CO_USUARIO) values (5,2,5);
	INSERT into C020T_ROL_USUARIO (CO_ROL_USUARIO,CO_ROL,CO_USUARIO) values (6,1,6);
	INSERT into C020T_ROL_USUARIO (CO_ROL_USUARIO,CO_ROL,CO_USUARIO) values (7,1,7);
	INSERT into C020T_ROL_USUARIO (CO_ROL_USUARIO,CO_ROL,CO_USUARIO) values (8,1,8);
	INSERT into C020T_ROL_USUARIO (CO_ROL_USUARIO,CO_ROL,CO_USUARIO) values (1,1,1);

	INSERT INTO c066t_paquete (co_paquete, tx_nextstep, nb_paquete, tx_origen, tx_payload, tx_transition, co_oficina, co_solicitud, co_paquete_estatus, co_tarea, co_usuario, co_rol) VALUES (1, 'ingresardatos', 'Tarea-notamarginal-IngresarDatos', 'AC', '{}', 'GET', 1, 431, 1, 1, 1, NULL);
	INSERT INTO c066t_paquete (co_paquete, tx_nextstep, nb_paquete, tx_origen, tx_payload, tx_transition, co_oficina, co_solicitud, co_paquete_estatus, co_tarea, co_usuario, co_rol) VALUES (2, 'seleccionarnotamarginal', 'Tarea-NotasMarginales-SeleccionarTipoNota', 'AC', '{}', 'GET', 1, 432, 1, 2, 1, NULL);
	INSERT INTO c066t_paquete (co_paquete, tx_nextstep, nb_paquete, tx_origen, tx_payload, tx_transition, co_oficina, co_solicitud, co_paquete_estatus, co_tarea, co_usuario, co_rol) VALUES (3, 'ingresardatosacta', 'Tarea-Actas-IngresarDatosActa', 'AC', '{}', 'GET', 1, 434, 1, 8, 1, NULL);
	INSERT INTO c066t_paquete (co_paquete, tx_nextstep, nb_paquete, tx_origen, tx_payload, tx_transition, co_oficina, co_solicitud, co_paquete_estatus, co_tarea, co_usuario, co_rol) VALUES (4, 'vistaprevia', 'Tarea-notamarginal-VistaPrevia', 'AC', '{}', 'GET', 1, 436, 1, 4, NULL, NULL);
	INSERT INTO c066t_paquete (co_paquete, tx_nextstep, nb_paquete, tx_origen, tx_payload, tx_transition, co_oficina, co_solicitud, co_paquete_estatus, co_tarea, co_usuario, co_rol) VALUES (5, 'efectossubsiguientes', 'Tarea-notamarginal-EfectoSubsiguiente', 'AC', '{}', 'GET', 2, 441, 2, 5, NULL, NULL);
	INSERT INTO c066t_paquete (co_paquete, tx_nextstep, nb_paquete, tx_origen, tx_payload, tx_transition, co_oficina, co_solicitud, co_paquete_estatus, co_tarea, co_usuario, co_rol) VALUES (6, 'vistaprevia', 'Tarea-notamarginal-VistaPrevia-GenerarEstampado', 'AC', '{}', 'GET', 2, 447, 2, 6, NULL, NULL);
	
	INSERT into I006T_CAMPO (CO_CAMPO,TX_NOMBRE,TX_TIPO_DATO,TX_FORMATO) values ('1','PrimerNombre','String','String');
	INSERT into I006T_CAMPO (CO_CAMPO,TX_NOMBRE,TX_TIPO_DATO,TX_FORMATO) values ('2','SegundoNombre','String','String');
	INSERT into I006T_CAMPO (CO_CAMPO,TX_NOMBRE,TX_TIPO_DATO,TX_FORMATO) values ('3','PrimerApellido','String','String');
	INSERT into I006T_CAMPO (CO_CAMPO,TX_NOMBRE,TX_TIPO_DATO,TX_FORMATO) values ('4','SegundoApellido','String','String');
	INSERT into I006T_CAMPO (CO_CAMPO,TX_NOMBRE,TX_TIPO_DATO,TX_FORMATO) values ('5','FechaActa','Date','dd/mm/yyyy');
	INSERT into I006T_CAMPO (CO_CAMPO,TX_NOMBRE,TX_TIPO_DATO,TX_FORMATO) values ('6','FechaActo','Date','dd/mm/yyyy');

	-- ----------------------------
    -- Records of C059T_ACTA_ESTATUS
    -- ----------------------------
	INSERT into C059T_ACTA_ESTATUS (CO_ACTA_ESTATUS,CO_ABREVIATURA,TX_DESCRIPCION,FE_FIN,FE_INICIO,NB_ACTA_ESTATUS) values ('1','P','PUBLICA',null,'2016-08-09','PUBLICA');
	INSERT into C059T_ACTA_ESTATUS (CO_ACTA_ESTATUS,CO_ABREVIATURA,TX_DESCRIPCION,FE_FIN,FE_INICIO,NB_ACTA_ESTATUS) values ('2','R','RESTRINGIDA',null,'2016-08-09','RESTRINGIDA');
	
	
	-- ----------------------------
    -- Records of C065T_TIPO_DOC_IDENTIDAD
    -- ----------------------------
    
	INSERT INTO C065T_TIPO_DOC_IDENTIDAD (CO_TIPO_DOC_IDENTIDAD,TX_DESCRIPCION,FE_FIN,FE_INICIO,NB_TIPO_DOC_IDENTIDAD) VALUES(1,'DOCUMENTO DE IDENTIFICACION CEDULA',null,'2016-08-09','CEDULA');
	INSERT INTO C065T_TIPO_DOC_IDENTIDAD (CO_TIPO_DOC_IDENTIDAD,TX_DESCRIPCION,FE_FIN,FE_INICIO,NB_TIPO_DOC_IDENTIDAD) VALUES(2,'DOCUMENTO DE IDENTIFICACION PASAPORTE',null,'2016-08-09','PASAPORTE');
	INSERT INTO C065T_TIPO_DOC_IDENTIDAD (CO_TIPO_DOC_IDENTIDAD,TX_DESCRIPCION,FE_FIN,FE_INICIO,NB_TIPO_DOC_IDENTIDAD) VALUES(3,'DOCUMENTO DE IDENTIFICACION NUI',null,'2016-08-09','NUI');
	INSERT INTO C065T_TIPO_DOC_IDENTIDAD (CO_TIPO_DOC_IDENTIDAD,TX_DESCRIPCION,FE_FIN,FE_INICIO,NB_TIPO_DOC_IDENTIDAD) VALUES(4,'CARTA DE CONSEJO COMUNAL',null,'2016-08-09','CONSEJO');
	INSERT INTO C065T_TIPO_DOC_IDENTIDAD (CO_TIPO_DOC_IDENTIDAD,TX_DESCRIPCION,FE_FIN,FE_INICIO,NB_TIPO_DOC_IDENTIDAD) VALUES(5,'DECLARACION JURADA',null,'2016-08-09','DECLARACION');
	INSERT INTO C065T_TIPO_DOC_IDENTIDAD (CO_TIPO_DOC_IDENTIDAD,TX_DESCRIPCION,FE_FIN,FE_INICIO,NB_TIPO_DOC_IDENTIDAD) VALUES(6,'DOCUMENTO PUBLICO',null,'2016-08-09','PUBLICO');

	-- ----------------------------
    -- Records of C070T_ESTATUS_CITA
    -- ----------------------------
	INSERT into I032T_ESTATUS_CITA (CO_ESTATUS_CITA,CO_ABREVIATURA,TX_DESCRIPCION,IN_ESTATUS) values (1,'ACT','ACTIVA',1);
	INSERT into I032T_ESTATUS_CITA (CO_ESTATUS_CITA,CO_ABREVIATURA,TX_DESCRIPCION,IN_ESTATUS) values (2,'PAU','PAUSADA',1);
	INSERT into I032T_ESTATUS_CITA (CO_ESTATUS_CITA,CO_ABREVIATURA,TX_DESCRIPCION,IN_ESTATUS) values (3,'ASIG','ASIGNADA',1);
	
	-- ----------------------------
    -- Records of C071T_OFICINA_CITA
    -- ----------------------------
    INSERT INTO I033T_OFICINA_CITA(CO_OFICINA_CITA, CO_OFICINA, CA_FUNCIONARIO, CA_CITAS_PERMITIDAS, TX_DIAS_HABILES_CITAS, TX_PERIODICIDAD) VALUES (1, 'OFN', 5, 15, '1-2-3-4-5', '3');
	INSERT INTO I033T_OFICINA_CITA(CO_OFICINA_CITA, CO_OFICINA, CA_FUNCIONARIO, CA_CITAS_PERMITIDAS, TX_DIAS_HABILES_CITAS, TX_PERIODICIDAD) VALUES (2, 'OFR', 3, 15, '1-2-3', '3');
    INSERT INTO I033T_OFICINA_CITA(CO_OFICINA_CITA, CO_OFICINA, CA_FUNCIONARIO, CA_CITAS_PERMITIDAS, TX_DIAS_HABILES_CITAS, TX_PERIODICIDAD) VALUES (3, 'OCR', 1, 1, '1-2-3-4-5', '4');
   
    -- ----------------------------
    -- Records of X056T_RESERVA_OFICINA_CITA
    -- ----------------------------
    INSERT INTO X056T_RESERVA_OFICINA_CITA (CO_RESERVA_OFICINA_CITA, FE_CELEBRACION, CA_CITAS_DISPONIBLES, CO_OFICINA_CITA) VALUES (1, '2016-10-16', 15, 1);
	INSERT INTO X056T_RESERVA_OFICINA_CITA (CO_RESERVA_OFICINA_CITA, FE_CELEBRACION, CA_CITAS_DISPONIBLES, CO_OFICINA_CITA) VALUES (2, '2016-10-16', 15, 2);
	INSERT INTO X056T_RESERVA_OFICINA_CITA (CO_RESERVA_OFICINA_CITA, FE_CELEBRACION, CA_CITAS_DISPONIBLES, CO_OFICINA_CITA) VALUES (3, '2016-10-16', 15, 3);
	INSERT INTO X056T_RESERVA_OFICINA_CITA (CO_RESERVA_OFICINA_CITA, FE_CELEBRACION, CA_CITAS_DISPONIBLES, CO_OFICINA_CITA) VALUES (4, '2016-10-17', 1, 1);
    
	-- ----------------------------
    -- Records of C073T_CITA
    -- ----------------------------
	INSERT INTO C079T_CITA(CO_CITA, CO_LUGAR_CELEBRACION, HH_CELEBRACION, FE_CELEBRACION, IN_MULTIPLE, CO_ESTATUS_CITA, CO_RESERVA_OFICINA_CITA) VALUES (1,'OFN','2016-10-16 09:00:00.00','2016-10-20',0,1,1);
	INSERT INTO C079T_CITA(CO_CITA, CO_LUGAR_CELEBRACION, HH_CELEBRACION, FE_CELEBRACION, IN_MULTIPLE, CO_ESTATUS_CITA, CO_RESERVA_OFICINA_CITA) VALUES (2,'OFN','2016-10-16 10:00:00.00','2016-10-20',0,1,1);
	INSERT INTO C079T_CITA(CO_CITA, CO_LUGAR_CELEBRACION, HH_CELEBRACION, FE_CELEBRACION, IN_MULTIPLE, CO_ESTATUS_CITA, CO_RESERVA_OFICINA_CITA) VALUES (3,'OFN','2016-10-16 10:00:00.00','2016-10-20',0,1,1);
	INSERT INTO C079T_CITA(CO_CITA, CO_LUGAR_CELEBRACION, HH_CELEBRACION, FE_CELEBRACION, IN_MULTIPLE, CO_ESTATUS_CITA, CO_RESERVA_OFICINA_CITA) VALUES (4,'OFN','2016-10-16 10:00:00.00','2016-10-21',0,1,2);
	INSERT INTO C079T_CITA(CO_CITA, CO_LUGAR_CELEBRACION, HH_CELEBRACION, FE_CELEBRACION, IN_MULTIPLE, CO_ESTATUS_CITA, CO_RESERVA_OFICINA_CITA) VALUES (5,'OFR','2016-10-16 10:00:00.00','2016-10-16',0,1,2);
	INSERT INTO C079T_CITA(CO_CITA, CO_LUGAR_CELEBRACION, HH_CELEBRACION, FE_CELEBRACION, IN_MULTIPLE, CO_ESTATUS_CITA, CO_RESERVA_OFICINA_CITA) VALUES (6,'OFR','2016-10-16 11:00:00.00','2016-10-16',0,1,2);
	INSERT INTO C079T_CITA(CO_CITA, CO_LUGAR_CELEBRACION, HH_CELEBRACION, FE_CELEBRACION, IN_MULTIPLE, CO_ESTATUS_CITA, CO_RESERVA_OFICINA_CITA) VALUES (7,'OFR','2016-10-16 12:00:00.00','2016-10-15',0,1,2);
    INSERT INTO C079T_CITA(CO_CITA, CO_LUGAR_CELEBRACION, HH_CELEBRACION, FE_CELEBRACION, IN_MULTIPLE, CO_ESTATUS_CITA, CO_RESERVA_OFICINA_CITA) VALUES (8,'OCR','2016-10-15 08:00:00.00','2016-10-15',0,1,3);
 
    -- ----------------------------
    -- Records of C085T_LUGAR_CELEBRACION
    -- ----------------------------
    
    INSERT INTO C081T_LUGAR_CELEBRACION(CO_LUGAR_CELEBRACION,CO_ABREVIATURA,TX_DESCRIPCION,FE_FIN,FE_INICIO) VALUES (1,'OURC','Oficina Unidad de Registro Civil',null,'2016-11-24');	
	INSERT INTO C081T_LUGAR_CELEBRACION(CO_LUGAR_CELEBRACION,CO_ABREVIATURA,TX_DESCRIPCION,FE_FIN,FE_INICIO) VALUES (2,'FOURC','Fuera de la Oficina Unidad de Registro Civil',null,'2016-11-24');	
	INSERT INTO C081T_LUGAR_CELEBRACION(CO_LUGAR_CELEBRACION,CO_ABREVIATURA,TX_DESCRIPCION,FE_FIN,FE_INICIO) VALUES (3,'CP','Centro Penitenciario',null,'2016-11-24');	
	INSERT INTO C081T_LUGAR_CELEBRACION(CO_LUGAR_CELEBRACION,CO_ABREVIATURA,TX_DESCRIPCION,FE_FIN,FE_INICIO) VALUES (4,'CS','Centro de Salud',null,'2016-11-24');	

    -- ----------------------------
    -- Records of C082T_MOTIVO_TRASLADO
    -- ----------------------------
    
    INSERT INTO C082T_MOTIVO_TRASLADO(CO_MOTIVO_TRASLADO,CO_ABREVIATURA,TX_DESCRIPCION,FE_FIN,FE_INICIO) VALUES (1,'MSA','Contrayente(s) Militar en Servicio Activo',null,'2016-11-24');	
	INSERT INTO C082T_MOTIVO_TRASLADO(CO_MOTIVO_TRASLADO,CO_ABREVIATURA,TX_DESCRIPCION,FE_FIN,FE_INICIO) VALUES (2,'DISC','Contrayente(s) con Discapacidad',null,'2016-11-24');	
	INSERT INTO C082T_MOTIVO_TRASLADO(CO_MOTIVO_TRASLADO,CO_ABREVIATURA,TX_DESCRIPCION,FE_FIN,FE_INICIO) VALUES (3,'MS','Motivo de Salud',null,'2016-11-24');	
	INSERT INTO C082T_MOTIVO_TRASLADO(CO_MOTIVO_TRASLADO,CO_ABREVIATURA,TX_DESCRIPCION,FE_FIN,FE_INICIO) VALUES (4,'OTRO','Otro(s)',null,'2016-11-24');	

    -- ----------------------------
    -- Records of C007T_TIPO_FUNCIONARIO
    -- ----------------------------

	INSERT into C007T_TIPO_FUNCIONARIO (CO_TIPO_FUNCIONARIO,TX_DESCRIPCION,FE_FIN,FE_INICIO,NB_TIPO_FUNCIONARIO) values ('3','COORDINADOR REGINAL REGISTRO CIVIL ORE',null,'2016-11-24','COORDINADOR REGINAL REGISTRO CIVIL ORE');
	INSERT into C007T_TIPO_FUNCIONARIO (CO_TIPO_FUNCIONARIO,TX_DESCRIPCION,FE_FIN,FE_INICIO,NB_TIPO_FUNCIONARIO) values ('4','FUNCIONARIO ORE',null,'2016-11-24','FUNCIONARIO ORE');
	INSERT into C007T_TIPO_FUNCIONARIO (CO_TIPO_FUNCIONARIO,TX_DESCRIPCION,FE_FIN,FE_INICIO,NB_TIPO_FUNCIONARIO) values ('5','DIRECTOR GENERAL ORE',null,'2016-11-24','DIRECTOR GENERAL ORE');

	-- ----------------------------
    -- Records of X008T_FUNCIONARIO
    -- ----------------------------

	INSERT INTO X008T_FUNCIONARIO(CO_FUNCIONARIO,NU_CEDULA,IN_TIPO_DOCUMENTO,NB_PRIMER_APELLIDO,NB_PRIMER_NOMBRE,NB_SEGUNDO_APELLIDO,NB_SEGUNDO_NOMBRE,CO_FUNCIONARIO_ESTATUS,CO_NACIONALIDAD) VALUES (10,'V-8765567','1','NAVARRO','JORGE','GARCIA','RAFAEL',4,1);
	INSERT INTO X008T_FUNCIONARIO(CO_FUNCIONARIO,NU_CEDULA,IN_TIPO_DOCUMENTO,NB_PRIMER_APELLIDO,NB_PRIMER_NOMBRE,NB_SEGUNDO_APELLIDO,NB_SEGUNDO_NOMBRE,CO_FUNCIONARIO_ESTATUS,CO_NACIONALIDAD) VALUES (11,'V-6766567','1','VILLAMIZAR','RENNY','PEREZ','ALEJANDRO',4,1);
	INSERT INTO X008T_FUNCIONARIO(CO_FUNCIONARIO,NU_CEDULA,IN_TIPO_DOCUMENTO,NB_PRIMER_APELLIDO,NB_PRIMER_NOMBRE,NB_SEGUNDO_APELLIDO,NB_SEGUNDO_NOMBRE,CO_FUNCIONARIO_ESTATUS,CO_NACIONALIDAD) VALUES (12,'V-9766567','1','SOJO','ALBERTO','DIAZ','ALEJANDRO',4,1);

	-- -------------------------------------
    -- Records of X009T_OFICINA_FUNCIONARIO
    -- -------------------------------------

	INSERT INTO X009T_OFICINA_FUNCIONARIO (CO_OFICINA_FUNCIONARIO,TX_CORREO_ELECTRONICO,FE_FIN,FE_GACETA,FE_INICIO,FE_RESOLUCION,IN_TIPO_GACETA,NU_GACETA,NU_RESOLUCION,TX_OBSERVACION,NU_TELEFONO_FIJO,NU_TELEFONO_MOVIL,CO_FUNCIONARIO,CO_OFICINA_FUNC_ESTATUS,CO_OFICINA,CO_TIPO_FUNCIONARIO) values ('10','domingorondon@grupodigifarm.com',null,'2016-11-24','2016-11-25','2016-07-26','1','23007','19007',null,'02768805212','04269351850','10','1','9','3');
	INSERT INTO X009T_OFICINA_FUNCIONARIO (CO_OFICINA_FUNCIONARIO,TX_CORREO_ELECTRONICO,FE_FIN,FE_GACETA,FE_INICIO,FE_RESOLUCION,IN_TIPO_GACETA,NU_GACETA,NU_RESOLUCION,TX_OBSERVACION,NU_TELEFONO_FIJO,NU_TELEFONO_MOVIL,CO_FUNCIONARIO,CO_OFICINA_FUNC_ESTATUS,CO_OFICINA,CO_TIPO_FUNCIONARIO) values ('11','domingorondon@grupodigifarm.com',null,'2016-11-24','2016-11-25','2016-07-26','1','23007','19007',null,'02768805212','04269351850','11','1','9','4');
	INSERT INTO X009T_OFICINA_FUNCIONARIO (CO_OFICINA_FUNCIONARIO,TX_CORREO_ELECTRONICO,FE_FIN,FE_GACETA,FE_INICIO,FE_RESOLUCION,IN_TIPO_GACETA,NU_GACETA,NU_RESOLUCION,TX_OBSERVACION,NU_TELEFONO_FIJO,NU_TELEFONO_MOVIL,CO_FUNCIONARIO,CO_OFICINA_FUNC_ESTATUS,CO_OFICINA,CO_TIPO_FUNCIONARIO) values ('12','domingorondon@grupodigifarm.com',null,'2016-11-24','2016-11-25','2016-07-26','1','23007','19007',null,'02768805212','04269351850','12','1','9','5');

	-- -------------------------------------
    -- Records of X006T_LIBRO
    -- -------------------------------------

	INSERT INTO X006T_LIBRO (CO_LIBRO,FE_ACTUALIZACION,FE_CIERRE,FE_CREACION,FE_IMPRESION,NU_ACTA_ACTUAL,NU_ANIO,NU_FOLIO_ACTUAL,NU_TOMO,CO_LIBRO_ESTATUS,CO_FUNCIONARIO_APERTURA,CO_FUNCIONARIO_CIERRE,CO_OFICINA,CO_TIPO_LIBRO) values ('25','2016-11-25',null,'2016-11-25','2005-12-18','1','2016','1','1','1','10',null,'9','3');

 	-- -------------------------------------
    -- Records of X035T_SOLICITANTE
    -- -------------------------------------

 	INSERT INTO X035T_SOLICITANTE (CO_SOLICITANTE,NU_DOCUMENTO_OFICIO,NB_PRIMER_APELLIDO,NB_PRIMER_NOMBRE,NB_SEGUNDO_APELLIDO,NB_SEGUNDO_NOMBRE,CO_ENTE_PUBLICO,CO_SOLICITANTE_TIP_DOC_DEC,CO_SOLICITANTE_TIP_DOC_ENTE,CO_SOLICITANTE_TIPO) values (491,'V-12344567','DIAZ','PEDRO','AROCHA','ALEJANDRO',1,1,null,1);

	-- -------------------------------------
    -- Records of C043T_SOLICITUD_ESTATUS
    -- -------------------------------------

	INSERT INTO C043T_SOLICITUD_ESTATUS (CO_SOLICITUD_ESTATUS,IDEN_SOLICITUD_ESTATUS,TX_DESCRIPCION,FE_FIN,FE_INICIO,NB_SOLICITUD_ESTATUS) values ('15','ATNA','AUTORIZACION DE TRASLADO NO APROBADA POR ORE',null,'2016-11-25','AUTORIZACION DE TRASLADO NO APROBADA POR ORE');
	INSERT INTO C043T_SOLICITUD_ESTATUS (CO_SOLICITUD_ESTATUS,IDEN_SOLICITUD_ESTATUS,TX_DESCRIPCION,FE_FIN,FE_INICIO,NB_SOLICITUD_ESTATUS) values ('16','ATA','AUTORIZACION DE TRASLADO APROBADA POR ORE',null,'2016-11-25','AUTORIZACION DE TRASLADO APROBADA POR ORE');

	-- -------------------------------------
    -- Records of X010T_SOLICITUD
    -- -------------------------------------
    
	INSERT INTO X010T_SOLICITUD (CO_SOLICITUD,FE_FIN,FE_INICIO,FE_NOTIFICACION,NU_SOLICITUD,TX_OBSERVACION,CO_SOLICITUD_ESTATUS,CO_ESTATUS_TRAMITE,CO_LIBRO,CO_OFICINA_FUNCIONARIO,CO_SOLICITANTE,CO_TRAMITE,CO_DIRECTOR_ORE) values (490,null,'2016-11-25',null,'201615900001715','ABIERTA',1,7,25,10,491,7,12);

	-- -------------------------------------
    -- Records of C059T_ACTA_ESTATUS
    -- -------------------------------------

	INSERT INTO C059T_ACTA_ESTATUS(CO_ACTA_ESTATUS, TX_DESCRIPCION, FE_FIN,FE_INICIO,NB_ACTA_ESTATUS) VALUES (1,'ABIERTA',NULL, '25/11/16','ABIERTA');
	INSERT INTO C059T_ACTA_ESTATUS(CO_ACTA_ESTATUS, TX_DESCRIPCION, FE_FIN,FE_INICIO,NB_ACTA_ESTATUS) VALUES (2,'CERRADA',NULL, '25/11/16','CERRADA');

	-- -------------------------------------
    -- Records of K004T_ACTA
    -- -------------------------------------

	INSERT INTO K004T_ACTA(CO_ACTA, TX_CIRCUNSTANCIAS_ESPECIALES,NB_COMUNIDAD_INDIGENA,NB_ESTADO,FE_CREACION,NB_LOCALIDAD,NB_MUNICIPIO,NU_ACTA,NU_FOLIO,NB_PAIS,NB_PARROQUIA,CO_ACTA_ESTATUS,CO_LIBRO,CO_OFICINA_FUNCIONARIO,CO_SOLICITUD) VALUES (1,NULL,NULL,'MIRANDA','25/11/16','PETARE','SUCRE','20161125001',3345,'VENEZUELA','PETARE',1,25,10,490);

	-- -------------------------------------
    -- Records of X048T_MATRIMONIO
    -- -------------------------------------

	INSERT INTO X048T_MATRIMONIO(CO_MATRIMONIO,DI_MATRIMONIO,TX_EXTRACTO_DOCUMENTO,FE_MATRIMONIO,FE_CAPITULACION,FE_DOCUMENTO_INSERTAR,TX_NOTA_MARGINAL,NB_NOTARIA,NU_CAPITULACION,NU_DOCUMENTO_INSERTAR,NU_PROTOCOLO,NB_PRIMER_APELLIDO_AUT_INS,NB_PRIMER_APELLIDO_AUT_CAP,NB_PRIMER_NOMBRE_AUT_INS,NB_PRIMER_NOMBRE_AUT_CAP,NB_SEGUNDO_APELLIDO_AUT_INS,NB_SEGUNDO_APELLIDO_AUT_CAP,NB_SEGUNDO_NOMBRE_AUT_INS,NB_SEGUNDO_NOMBRE_AUT_CAP,CO_ACTA,CO_ACTA_UEH) VALUES(1,'CALLE 3, ZONA COLONIAL PETARE, IGLESIA DULCE NOMBRE DE JESUS',NULL,'25/11/16',NULL,NULL,'NO CONTIENE NOTA MARGINAL','NOTARIA 7MA PETARE',3323,NULL,NULL,'OLAVARRIA','ARISTIGUIETA','GABRIELA','DANIELA','PERDOMO','MALDONADO','ALEXANDRA','MARIA',1,NULL);

	-- -------------------------------------
    -- Records of C005T_TIPO_PARTICIPANTE
    -- -------------------------------------

	INSERT INTO C005T_TIPO_PARTICIPANTE (CO_TIPO_PARTICIPANTE,IDEN_TIPO_PARTICIPANTE,TX_DESCRIPCION,NU_EDAD_MINIMA,FE_FIN,FE_INICIO,IN_CONSEJO_COMUNAL,IN_DECLARACION_JURADA,IN_DOCUMENTO_PUBLICO,IN_FIRMA,IN_HUELLA,IN_IDENTIFICACION,NB_TIPO_PARTICIPANTE) values ('56','HIJD','HIJO(A) DECLARANTE','0',null,'06/08/15','0','0','0','0','0','0','HIJO(A) DECLARANTE');
	INSERT INTO C005T_TIPO_PARTICIPANTE (CO_TIPO_PARTICIPANTE,IDEN_TIPO_PARTICIPANTE,TX_DESCRIPCION,NU_EDAD_MINIMA,FE_FIN,FE_INICIO,IN_CONSEJO_COMUNAL,IN_DECLARACION_JURADA,IN_DOCUMENTO_PUBLICO,IN_FIRMA,IN_HUELLA,IN_IDENTIFICACION,NB_TIPO_PARTICIPANTE) values ('57','COUND','CÓNYUGE O UNIDO(A) ESTABLE DE HECHO DECLARANTE','18',null,'20/01/16','0','0','0','0','0','0','CÓNYUGE O UNIDO(A) ESTABLE DE HECHO DECLARANTE');
	INSERT INTO C005T_TIPO_PARTICIPANTE (CO_TIPO_PARTICIPANTE,IDEN_TIPO_PARTICIPANTE,TX_DESCRIPCION,NU_EDAD_MINIMA,FE_FIN,FE_INICIO,IN_CONSEJO_COMUNAL,IN_DECLARACION_JURADA,IN_DOCUMENTO_PUBLICO,IN_FIRMA,IN_HUELLA,IN_IDENTIFICACION,NB_TIPO_PARTICIPANTE) values ('40','RMT','REPRESENTANTE/MANDATORIO/TUTOR','18',null,'20/01/16','0','0','0','0','0','0','REPRESENTANTE/MANDATARIO/TUTOR');
	INSERT INTO C005T_TIPO_PARTICIPANTE (CO_TIPO_PARTICIPANTE,IDEN_TIPO_PARTICIPANTE,TX_DESCRIPCION,NU_EDAD_MINIMA,FE_FIN,FE_INICIO,IN_CONSEJO_COMUNAL,IN_DECLARACION_JURADA,IN_DOCUMENTO_PUBLICO,IN_FIRMA,IN_HUELLA,IN_IDENTIFICACION,NB_TIPO_PARTICIPANTE) values ('41','CPNA','CONSEJO DE PROTECCIÓN DE NIÑOS, NIÑAS Y ADOLESCENTES','18',null,'20/01/16','0','0','0','0','0','0','CONSEJO DE PROTECCIÓN DE NIÑOS(AS) Y ADOLESCENTES');
	INSERT INTO C005T_TIPO_PARTICIPANTE (CO_TIPO_PARTICIPANTE,IDEN_TIPO_PARTICIPANTE,TX_DESCRIPCION,NU_EDAD_MINIMA,FE_FIN,FE_INICIO,IN_CONSEJO_COMUNAL,IN_DECLARACION_JURADA,IN_DOCUMENTO_PUBLICO,IN_FIRMA,IN_HUELLA,IN_IDENTIFICACION,NB_TIPO_PARTICIPANTE) values ('47','HRM','HERMANO(A)','0',null,'03/03/16','0','0','0','0','0','0','HERMANO(A)');
	INSERT INTO C005T_TIPO_PARTICIPANTE (CO_TIPO_PARTICIPANTE,IDEN_TIPO_PARTICIPANTE,TX_DESCRIPCION,NU_EDAD_MINIMA,FE_FIN,FE_INICIO,IN_CONSEJO_COMUNAL,IN_DECLARACION_JURADA,IN_DOCUMENTO_PUBLICO,IN_FIRMA,IN_HUELLA,IN_IDENTIFICACION,NB_TIPO_PARTICIPANTE) values ('48','NIE','NIETO(A)','0',null,'03/03/16','0','0','0','0','0','0','NIETO(A)');
	INSERT INTO C005T_TIPO_PARTICIPANTE (CO_TIPO_PARTICIPANTE,IDEN_TIPO_PARTICIPANTE,TX_DESCRIPCION,NU_EDAD_MINIMA,FE_FIN,FE_INICIO,IN_CONSEJO_COMUNAL,IN_DECLARACION_JURADA,IN_DOCUMENTO_PUBLICO,IN_FIRMA,IN_HUELLA,IN_IDENTIFICACION,NB_TIPO_PARTICIPANTE) values ('49','SOB','SOBRINO(A)','0',null,'03/03/16','0','0','0','0','0','0','SOBRINO(A)');
	INSERT INTO C005T_TIPO_PARTICIPANTE (CO_TIPO_PARTICIPANTE,IDEN_TIPO_PARTICIPANTE,TX_DESCRIPCION,NU_EDAD_MINIMA,FE_FIN,FE_INICIO,IN_CONSEJO_COMUNAL,IN_DECLARACION_JURADA,IN_DOCUMENTO_PUBLICO,IN_FIRMA,IN_HUELLA,IN_IDENTIFICACION,NB_TIPO_PARTICIPANTE) values ('50','BIN','BISNIETO(A)','0',null,'03/03/16','0','0','0','0','0','0','BISNIETO(A)');
	INSERT INTO C005T_TIPO_PARTICIPANTE (CO_TIPO_PARTICIPANTE,IDEN_TIPO_PARTICIPANTE,TX_DESCRIPCION,NU_EDAD_MINIMA,FE_FIN,FE_INICIO,IN_CONSEJO_COMUNAL,IN_DECLARACION_JURADA,IN_DOCUMENTO_PUBLICO,IN_FIRMA,IN_HUELLA,IN_IDENTIFICACION,NB_TIPO_PARTICIPANTE) values ('51','SUE','SUEGRO(A)','0',null,'03/03/16','0','0','0','0','0','0','SUEGRO(A)');
	INSERT INTO C005T_TIPO_PARTICIPANTE (CO_TIPO_PARTICIPANTE,IDEN_TIPO_PARTICIPANTE,TX_DESCRIPCION,NU_EDAD_MINIMA,FE_FIN,FE_INICIO,IN_CONSEJO_COMUNAL,IN_DECLARACION_JURADA,IN_DOCUMENTO_PUBLICO,IN_FIRMA,IN_HUELLA,IN_IDENTIFICACION,NB_TIPO_PARTICIPANTE) values ('52','YNO','YERNO','0',null,'03/03/16','0','0','0','0','0','0','YERNO');
	INSERT INTO C005T_TIPO_PARTICIPANTE (CO_TIPO_PARTICIPANTE,IDEN_TIPO_PARTICIPANTE,TX_DESCRIPCION,NU_EDAD_MINIMA,FE_FIN,FE_INICIO,IN_CONSEJO_COMUNAL,IN_DECLARACION_JURADA,IN_DOCUMENTO_PUBLICO,IN_FIRMA,IN_HUELLA,IN_IDENTIFICACION,NB_TIPO_PARTICIPANTE) values ('53','NUE','NUERA','0',null,'03/03/16','0','0','0','0','0','0','NUERA');
	INSERT INTO C005T_TIPO_PARTICIPANTE (CO_TIPO_PARTICIPANTE,IDEN_TIPO_PARTICIPANTE,TX_DESCRIPCION,NU_EDAD_MINIMA,FE_FIN,FE_INICIO,IN_CONSEJO_COMUNAL,IN_DECLARACION_JURADA,IN_DOCUMENTO_PUBLICO,IN_FIRMA,IN_HUELLA,IN_IDENTIFICACION,NB_TIPO_PARTICIPANTE) values ('54','CBA','CAPITÁN(A) DE BUQUE O AERONAVE DONDE HAYA OCURRIDO EL FALLECIMIENTO','0',null,'03/03/16','0','0','0','0','0','0','CAPITÁN(A) DE BUQUE O AERONAVE');
	INSERT INTO C005T_TIPO_PARTICIPANTE (CO_TIPO_PARTICIPANTE,IDEN_TIPO_PARTICIPANTE,TX_DESCRIPCION,NU_EDAD_MINIMA,FE_FIN,FE_INICIO,IN_CONSEJO_COMUNAL,IN_DECLARACION_JURADA,IN_DOCUMENTO_PUBLICO,IN_FIRMA,IN_HUELLA,IN_IDENTIFICACION,NB_TIPO_PARTICIPANTE) values ('55','PCV','PERSONA O AUTORIDAD CIVIL, MÉDICA, MILITAR O POLICIAL QUE TUVIERE CONOCIMIENTO DEL FALLECIMIENTO DE UNA PERSONA DESCONOCIDA','0',null,'03/03/16','0','0','0','0','0','0','PERSONA,AUTORIDAD CIVIL,MÉDICA,MILITAR O POLICIAL');
	INSERT INTO C005T_TIPO_PARTICIPANTE (CO_TIPO_PARTICIPANTE,IDEN_TIPO_PARTICIPANTE,TX_DESCRIPCION,NU_EDAD_MINIMA,FE_FIN,FE_INICIO,IN_CONSEJO_COMUNAL,IN_DECLARACION_JURADA,IN_DOCUMENTO_PUBLICO,IN_FIRMA,IN_HUELLA,IN_IDENTIFICACION,NB_TIPO_PARTICIPANTE) values ('46','COUNI','CÓNYUGE O UNIDO(A) ESTABLE DE HECHO','18',null,'20/01/16','0','0','0','0','0','0','CÓNYUGE O UNIDO(A) ESTABLE DE HECHO');
	INSERT INTO C005T_TIPO_PARTICIPANTE (CO_TIPO_PARTICIPANTE,IDEN_TIPO_PARTICIPANTE,TX_DESCRIPCION,NU_EDAD_MINIMA,FE_FIN,FE_INICIO,IN_CONSEJO_COMUNAL,IN_DECLARACION_JURADA,IN_DOCUMENTO_PUBLICO,IN_FIRMA,IN_HUELLA,IN_IDENTIFICACION,NB_TIPO_PARTICIPANTE) values ('42','ABAM','ABUELA MATERNA','18',null,'20/01/16','0','0','0','0','0','0','ABUELA MATERNA');
	INSERT INTO C005T_TIPO_PARTICIPANTE (CO_TIPO_PARTICIPANTE,IDEN_TIPO_PARTICIPANTE,TX_DESCRIPCION,NU_EDAD_MINIMA,FE_FIN,FE_INICIO,IN_CONSEJO_COMUNAL,IN_DECLARACION_JURADA,IN_DOCUMENTO_PUBLICO,IN_FIRMA,IN_HUELLA,IN_IDENTIFICACION,NB_TIPO_PARTICIPANTE) values ('43','ABOM','ABUELO MATERNO','18',null,'20/01/16','0','0','0','0','0','0','ABUELO MATERNO');
	INSERT INTO C005T_TIPO_PARTICIPANTE (CO_TIPO_PARTICIPANTE,IDEN_TIPO_PARTICIPANTE,TX_DESCRIPCION,NU_EDAD_MINIMA,FE_FIN,FE_INICIO,IN_CONSEJO_COMUNAL,IN_DECLARACION_JURADA,IN_DOCUMENTO_PUBLICO,IN_FIRMA,IN_HUELLA,IN_IDENTIFICACION,NB_TIPO_PARTICIPANTE) values ('44','ABAP','ABUELA PATERNA','18',null,'20/01/16','0','0','0','0','0','0','ABUELA PATERNA');
	INSERT INTO C005T_TIPO_PARTICIPANTE (CO_TIPO_PARTICIPANTE,IDEN_TIPO_PARTICIPANTE,TX_DESCRIPCION,NU_EDAD_MINIMA,FE_FIN,FE_INICIO,IN_CONSEJO_COMUNAL,IN_DECLARACION_JURADA,IN_DOCUMENTO_PUBLICO,IN_FIRMA,IN_HUELLA,IN_IDENTIFICACION,NB_TIPO_PARTICIPANTE) values ('45','ABOP','ABUELO PATERNO','18',null,'20/01/16','0','0','0','0','0','0','ABUELO PATERNO');
	INSERT INTO C005T_TIPO_PARTICIPANTE (CO_TIPO_PARTICIPANTE,IDEN_TIPO_PARTICIPANTE,TX_DESCRIPCION,NU_EDAD_MINIMA,FE_FIN,FE_INICIO,IN_CONSEJO_COMUNAL,IN_DECLARACION_JURADA,IN_DOCUMENTO_PUBLICO,IN_FIRMA,IN_HUELLA,IN_IDENTIFICACION,NB_TIPO_PARTICIPANTE) values ('1','DEC','EXISTIRÁ UN DECLARANTE PARA LOS CASOS QUE ÉSTE SEA DISTINTO A LA MADRE Y/O EL PADRE.','0',null,'06/08/15','0','0','0','0','0','0','DECLARANTE');
	INSERT INTO C005T_TIPO_PARTICIPANTE (CO_TIPO_PARTICIPANTE,IDEN_TIPO_PARTICIPANTE,TX_DESCRIPCION,NU_EDAD_MINIMA,FE_FIN,FE_INICIO,IN_CONSEJO_COMUNAL,IN_DECLARACION_JURADA,IN_DOCUMENTO_PUBLICO,IN_FIRMA,IN_HUELLA,IN_IDENTIFICACION,NB_TIPO_PARTICIPANTE) values ('2','PAD','-','0',null,'06/08/15','0','0','0','0','0','0','PADRE DECLARANTE');
	INSERT INTO C005T_TIPO_PARTICIPANTE (CO_TIPO_PARTICIPANTE,IDEN_TIPO_PARTICIPANTE,TX_DESCRIPCION,NU_EDAD_MINIMA,FE_FIN,FE_INICIO,IN_CONSEJO_COMUNAL,IN_DECLARACION_JURADA,IN_DOCUMENTO_PUBLICO,IN_FIRMA,IN_HUELLA,IN_IDENTIFICACION,NB_TIPO_PARTICIPANTE) values ('3','MAD','-','0',null,'06/08/15','0','0','0','0','0','0','MADRE DECLARANTE');
	INSERT INTO C005T_TIPO_PARTICIPANTE (CO_TIPO_PARTICIPANTE,IDEN_TIPO_PARTICIPANTE,TX_DESCRIPCION,NU_EDAD_MINIMA,FE_FIN,FE_INICIO,IN_CONSEJO_COMUNAL,IN_DECLARACION_JURADA,IN_DOCUMENTO_PUBLICO,IN_FIRMA,IN_HUELLA,IN_IDENTIFICACION,NB_TIPO_PARTICIPANTE) values ('4','PAP','NO DECLARANTE','0',null,'06/08/15','0','0','0','0','0','0','PADRE PARTICIPANTE');
	INSERT INTO C005T_TIPO_PARTICIPANTE (CO_TIPO_PARTICIPANTE,IDEN_TIPO_PARTICIPANTE,TX_DESCRIPCION,NU_EDAD_MINIMA,FE_FIN,FE_INICIO,IN_CONSEJO_COMUNAL,IN_DECLARACION_JURADA,IN_DOCUMENTO_PUBLICO,IN_FIRMA,IN_HUELLA,IN_IDENTIFICACION,NB_TIPO_PARTICIPANTE) values ('5','MAM','NO DECLARANTE','0',null,'06/08/15','0','0','0','0','0','0','MADRE PARTICIPANTE');
	INSERT INTO C005T_TIPO_PARTICIPANTE (CO_TIPO_PARTICIPANTE,IDEN_TIPO_PARTICIPANTE,TX_DESCRIPCION,NU_EDAD_MINIMA,FE_FIN,FE_INICIO,IN_CONSEJO_COMUNAL,IN_DECLARACION_JURADA,IN_DOCUMENTO_PUBLICO,IN_FIRMA,IN_HUELLA,IN_IDENTIFICACION,NB_TIPO_PARTICIPANTE) values ('6','TA1','TESTIGO DEL ACTO O HECHO','18',null,'06/08/15','0','0','0','0','0','0','TESTIGO 1 DEL ACTO');
	INSERT INTO C005T_TIPO_PARTICIPANTE (CO_TIPO_PARTICIPANTE,IDEN_TIPO_PARTICIPANTE,TX_DESCRIPCION,NU_EDAD_MINIMA,FE_FIN,FE_INICIO,IN_CONSEJO_COMUNAL,IN_DECLARACION_JURADA,IN_DOCUMENTO_PUBLICO,IN_FIRMA,IN_HUELLA,IN_IDENTIFICACION,NB_TIPO_PARTICIPANTE) values ('7','TA2','TESTIGO DEL ACTO O HECHO','18',null,'06/08/15','0','0','0','0','0','0','TESTIGO 2 DEL ACTO');
	INSERT INTO C005T_TIPO_PARTICIPANTE (CO_TIPO_PARTICIPANTE,IDEN_TIPO_PARTICIPANTE,TX_DESCRIPCION,NU_EDAD_MINIMA,FE_FIN,FE_INICIO,IN_CONSEJO_COMUNAL,IN_DECLARACION_JURADA,IN_DOCUMENTO_PUBLICO,IN_FIRMA,IN_HUELLA,IN_IDENTIFICACION,NB_TIPO_PARTICIPANTE) values ('8','TD1','-','18',null,'06/08/15','0','0','0','0','0','0','TESTIGO 1 DE LA DECLARACION JURADA');
	INSERT INTO C005T_TIPO_PARTICIPANTE (CO_TIPO_PARTICIPANTE,IDEN_TIPO_PARTICIPANTE,TX_DESCRIPCION,NU_EDAD_MINIMA,FE_FIN,FE_INICIO,IN_CONSEJO_COMUNAL,IN_DECLARACION_JURADA,IN_DOCUMENTO_PUBLICO,IN_FIRMA,IN_HUELLA,IN_IDENTIFICACION,NB_TIPO_PARTICIPANTE) values ('9','TD2','-','18',null,'06/08/15','0','0','0','0','0','0','TESTIGO 2 DE LA DECLARACION JURADA');
	INSERT INTO C005T_TIPO_PARTICIPANTE (CO_TIPO_PARTICIPANTE,IDEN_TIPO_PARTICIPANTE,TX_DESCRIPCION,NU_EDAD_MINIMA,FE_FIN,FE_INICIO,IN_CONSEJO_COMUNAL,IN_DECLARACION_JURADA,IN_DOCUMENTO_PUBLICO,IN_FIRMA,IN_HUELLA,IN_IDENTIFICACION,NB_TIPO_PARTICIPANTE) values ('10','REC','RECONOCIDO(A)','0',null,'06/08/15','0','0','0','0','0','0','RECONOCIDO(A)');
	INSERT INTO C005T_TIPO_PARTICIPANTE (CO_TIPO_PARTICIPANTE,IDEN_TIPO_PARTICIPANTE,TX_DESCRIPCION,NU_EDAD_MINIMA,FE_FIN,FE_INICIO,IN_CONSEJO_COMUNAL,IN_DECLARACION_JURADA,IN_DOCUMENTO_PUBLICO,IN_FIRMA,IN_HUELLA,IN_IDENTIFICACION,NB_TIPO_PARTICIPANTE) values ('11','ADO','-','0',null,'06/08/15','0','0','0','0','0','0','ADOPTADO(A)');
	INSERT INTO C005T_TIPO_PARTICIPANTE (CO_TIPO_PARTICIPANTE,IDEN_TIPO_PARTICIPANTE,TX_DESCRIPCION,NU_EDAD_MINIMA,FE_FIN,FE_INICIO,IN_CONSEJO_COMUNAL,IN_DECLARACION_JURADA,IN_DOCUMENTO_PUBLICO,IN_FIRMA,IN_HUELLA,IN_IDENTIFICACION,NB_TIPO_PARTICIPANTE) values ('12','PAA','ADOPTANTE','0',null,'06/08/15','0','0','0','0','0','0','PAPÁ ADOPTANTE');
	INSERT INTO C005T_TIPO_PARTICIPANTE (CO_TIPO_PARTICIPANTE,IDEN_TIPO_PARTICIPANTE,TX_DESCRIPCION,NU_EDAD_MINIMA,FE_FIN,FE_INICIO,IN_CONSEJO_COMUNAL,IN_DECLARACION_JURADA,IN_DOCUMENTO_PUBLICO,IN_FIRMA,IN_HUELLA,IN_IDENTIFICACION,NB_TIPO_PARTICIPANTE) values ('13','MAA','ADOPTANTE','0',null,'06/08/15','0','0','0','0','0','0','MAMÁ ADOPTANTE');
	INSERT INTO C005T_TIPO_PARTICIPANTE (CO_TIPO_PARTICIPANTE,IDEN_TIPO_PARTICIPANTE,TX_DESCRIPCION,NU_EDAD_MINIMA,FE_FIN,FE_INICIO,IN_CONSEJO_COMUNAL,IN_DECLARACION_JURADA,IN_DOCUMENTO_PUBLICO,IN_FIRMA,IN_HUELLA,IN_IDENTIFICACION,NB_TIPO_PARTICIPANTE) values ('14','PRE','PRESENTADO MAYOR DE 18 A?OS','18',null,'06/08/15','0','0','0','0','0','0','PRESENTADO(A)');
	INSERT INTO C005T_TIPO_PARTICIPANTE (CO_TIPO_PARTICIPANTE,IDEN_TIPO_PARTICIPANTE,TX_DESCRIPCION,NU_EDAD_MINIMA,FE_FIN,FE_INICIO,IN_CONSEJO_COMUNAL,IN_DECLARACION_JURADA,IN_DOCUMENTO_PUBLICO,IN_FIRMA,IN_HUELLA,IN_IDENTIFICACION,NB_TIPO_PARTICIPANTE) values ('15','CO1','CONTRAYENTE','0',null,'06/08/15','0','0','0','0','0','0','CONTRAYENTE 1');
	INSERT INTO C005T_TIPO_PARTICIPANTE (CO_TIPO_PARTICIPANTE,IDEN_TIPO_PARTICIPANTE,TX_DESCRIPCION,NU_EDAD_MINIMA,FE_FIN,FE_INICIO,IN_CONSEJO_COMUNAL,IN_DECLARACION_JURADA,IN_DOCUMENTO_PUBLICO,IN_FIRMA,IN_HUELLA,IN_IDENTIFICACION,NB_TIPO_PARTICIPANTE) values ('16','CO2','CONTRAYENTE','0',null,'06/08/15','0','0','0','0','0','0','CONTRAYENTE 2');
	INSERT INTO C005T_TIPO_PARTICIPANTE (CO_TIPO_PARTICIPANTE,IDEN_TIPO_PARTICIPANTE,TX_DESCRIPCION,NU_EDAD_MINIMA,FE_FIN,FE_INICIO,IN_CONSEJO_COMUNAL,IN_DECLARACION_JURADA,IN_DOCUMENTO_PUBLICO,IN_FIRMA,IN_HUELLA,IN_IDENTIFICACION,NB_TIPO_PARTICIPANTE) values ('17','PAR','-','0',null,'06/08/15','0','0','0','0','0','0','PARTICIPANTES ADICIONALES');
	INSERT INTO C005T_TIPO_PARTICIPANTE (CO_TIPO_PARTICIPANTE,IDEN_TIPO_PARTICIPANTE,TX_DESCRIPCION,NU_EDAD_MINIMA,FE_FIN,FE_INICIO,IN_CONSEJO_COMUNAL,IN_DECLARACION_JURADA,IN_DOCUMENTO_PUBLICO,IN_FIRMA,IN_HUELLA,IN_IDENTIFICACION,NB_TIPO_PARTICIPANTE) values ('18','MAN','EN LOS CASOS QUE APLIQUE','0',null,'06/08/15','0','0','0','0','0','0','MANDATARIO');
	INSERT INTO C005T_TIPO_PARTICIPANTE (CO_TIPO_PARTICIPANTE,IDEN_TIPO_PARTICIPANTE,TX_DESCRIPCION,NU_EDAD_MINIMA,FE_FIN,FE_INICIO,IN_CONSEJO_COMUNAL,IN_DECLARACION_JURADA,IN_DOCUMENTO_PUBLICO,IN_FIRMA,IN_HUELLA,IN_IDENTIFICACION,NB_TIPO_PARTICIPANTE) values ('19','UNO','UNIDO','0',null,'06/08/15','0','0','0','0','0','0','UNIDO');
	INSERT INTO C005T_TIPO_PARTICIPANTE (CO_TIPO_PARTICIPANTE,IDEN_TIPO_PARTICIPANTE,TX_DESCRIPCION,NU_EDAD_MINIMA,FE_FIN,FE_INICIO,IN_CONSEJO_COMUNAL,IN_DECLARACION_JURADA,IN_DOCUMENTO_PUBLICO,IN_FIRMA,IN_HUELLA,IN_IDENTIFICACION,NB_TIPO_PARTICIPANTE) values ('20','UNA','UNIDA','0',null,'06/08/15','0','0','0','0','0','0','UNIDA');
	INSERT INTO C005T_TIPO_PARTICIPANTE (CO_TIPO_PARTICIPANTE,IDEN_TIPO_PARTICIPANTE,TX_DESCRIPCION,NU_EDAD_MINIMA,FE_FIN,FE_INICIO,IN_CONSEJO_COMUNAL,IN_DECLARACION_JURADA,IN_DOCUMENTO_PUBLICO,IN_FIRMA,IN_HUELLA,IN_IDENTIFICACION,NB_TIPO_PARTICIPANTE) values ('21','FAL','SÓLO SE CONSULTA DATOS DE LA AC SI EL MISMO POSEE CÉDULA.','0',null,'06/08/15','0','0','0','0','0','0','FALLECIDO(A)');
	INSERT INTO C005T_TIPO_PARTICIPANTE (CO_TIPO_PARTICIPANTE,IDEN_TIPO_PARTICIPANTE,TX_DESCRIPCION,NU_EDAD_MINIMA,FE_FIN,FE_INICIO,IN_CONSEJO_COMUNAL,IN_DECLARACION_JURADA,IN_DOCUMENTO_PUBLICO,IN_FIRMA,IN_HUELLA,IN_IDENTIFICACION,NB_TIPO_PARTICIPANTE) values ('22','UNI','SÓLO SE CONSULTA DATOS DE LA AC.','0',null,'06/08/15','0','0','0','0','0','0','UNIDO(A)');
	INSERT INTO C005T_TIPO_PARTICIPANTE (CO_TIPO_PARTICIPANTE,IDEN_TIPO_PARTICIPANTE,TX_DESCRIPCION,NU_EDAD_MINIMA,FE_FIN,FE_INICIO,IN_CONSEJO_COMUNAL,IN_DECLARACION_JURADA,IN_DOCUMENTO_PUBLICO,IN_FIRMA,IN_HUELLA,IN_IDENTIFICACION,NB_TIPO_PARTICIPANTE) values ('23','CON','SÓLO SE CONSULTA DATOS DE LA AC.','0',null,'06/08/15','0','0','0','0','0','0','CÓNYUGUE');
	INSERT INTO C005T_TIPO_PARTICIPANTE (CO_TIPO_PARTICIPANTE,IDEN_TIPO_PARTICIPANTE,TX_DESCRIPCION,NU_EDAD_MINIMA,FE_FIN,FE_INICIO,IN_CONSEJO_COMUNAL,IN_DECLARACION_JURADA,IN_DOCUMENTO_PUBLICO,IN_FIRMA,IN_HUELLA,IN_IDENTIFICACION,NB_TIPO_PARTICIPANTE) values ('24','HIJ','SÓLO SE CONSULTA DATOS DE LA AC.','0',null,'06/08/15','0','0','0','0','0','0','HIJO(A)');
	INSERT INTO C005T_TIPO_PARTICIPANTE (CO_TIPO_PARTICIPANTE,IDEN_TIPO_PARTICIPANTE,TX_DESCRIPCION,NU_EDAD_MINIMA,FE_FIN,FE_INICIO,IN_CONSEJO_COMUNAL,IN_DECLARACION_JURADA,IN_DOCUMENTO_PUBLICO,IN_FIRMA,IN_HUELLA,IN_IDENTIFICACION,NB_TIPO_PARTICIPANTE) values ('25','NNA','-','0',null,'06/08/15','0','0','0','0','0','0','NIÑO, NIÑA O ADOLESCENTE');
	INSERT INTO C005T_TIPO_PARTICIPANTE (CO_TIPO_PARTICIPANTE,IDEN_TIPO_PARTICIPANTE,TX_DESCRIPCION,NU_EDAD_MINIMA,FE_FIN,FE_INICIO,IN_CONSEJO_COMUNAL,IN_DECLARACION_JURADA,IN_DOCUMENTO_PUBLICO,IN_FIRMA,IN_HUELLA,IN_IDENTIFICACION,NB_TIPO_PARTICIPANTE) values ('26','INV','-','0',null,'06/08/15','0','0','0','0','0','0','INVOLUCRADO');
	INSERT INTO C005T_TIPO_PARTICIPANTE (CO_TIPO_PARTICIPANTE,IDEN_TIPO_PARTICIPANTE,TX_DESCRIPCION,NU_EDAD_MINIMA,FE_FIN,FE_INICIO,IN_CONSEJO_COMUNAL,IN_DECLARACION_JURADA,IN_DOCUMENTO_PUBLICO,IN_FIRMA,IN_HUELLA,IN_IDENTIFICACION,NB_TIPO_PARTICIPANTE) values ('27','III','PARA EL CASO DE CAPACIDAD TODOS LOS INVOLUCRADOS SON SÓLO CONSULTADOS DE LA AC.','0',null,'06/08/15','0','0','0','0','0','0','INTERDICTO(A) / INHABILITADO(A) / INCAPACITADO(A)');
	INSERT INTO C005T_TIPO_PARTICIPANTE (CO_TIPO_PARTICIPANTE,IDEN_TIPO_PARTICIPANTE,TX_DESCRIPCION,NU_EDAD_MINIMA,FE_FIN,FE_INICIO,IN_CONSEJO_COMUNAL,IN_DECLARACION_JURADA,IN_DOCUMENTO_PUBLICO,IN_FIRMA,IN_HUELLA,IN_IDENTIFICACION,NB_TIPO_PARTICIPANTE) values ('28','TPC','-','0',null,'06/08/15','0','0','0','0','0','0','TUTOR/PROTUTOR/CURADOR/MIEMBRO CONSEJO DE TUTELA');
	INSERT INTO C005T_TIPO_PARTICIPANTE (CO_TIPO_PARTICIPANTE,IDEN_TIPO_PARTICIPANTE,TX_DESCRIPCION,NU_EDAD_MINIMA,FE_FIN,FE_INICIO,IN_CONSEJO_COMUNAL,IN_DECLARACION_JURADA,IN_DOCUMENTO_PUBLICO,IN_FIRMA,IN_HUELLA,IN_IDENTIFICACION,NB_TIPO_PARTICIPANTE) values ('29','ENT','-','0',null,'06/08/15','0','0','0','0','0','0','ENTREDICHO');
	INSERT INTO C005T_TIPO_PARTICIPANTE (CO_TIPO_PARTICIPANTE,IDEN_TIPO_PARTICIPANTE,TX_DESCRIPCION,NU_EDAD_MINIMA,FE_FIN,FE_INICIO,IN_CONSEJO_COMUNAL,IN_DECLARACION_JURADA,IN_DOCUMENTO_PUBLICO,IN_FIRMA,IN_HUELLA,IN_IDENTIFICACION,NB_TIPO_PARTICIPANTE) values ('30','SOL','SE AUTENTICA SÓLO PARA EFECTOS DE VERIFICACIÓN DE LA IDENTIDAD ','0',null,'06/08/15','0','0','0','0','0','0','SOLICITANTE');
	INSERT INTO C005T_TIPO_PARTICIPANTE (CO_TIPO_PARTICIPANTE,IDEN_TIPO_PARTICIPANTE,TX_DESCRIPCION,NU_EDAD_MINIMA,FE_FIN,FE_INICIO,IN_CONSEJO_COMUNAL,IN_DECLARACION_JURADA,IN_DOCUMENTO_PUBLICO,IN_FIRMA,IN_HUELLA,IN_IDENTIFICACION,NB_TIPO_PARTICIPANTE) values ('31','TIO','TÍO(A)','18',null,'10/12/15','0','0','0','0','0','0','TÍO(A)');
	INSERT INTO C005T_TIPO_PARTICIPANTE (CO_TIPO_PARTICIPANTE,IDEN_TIPO_PARTICIPANTE,TX_DESCRIPCION,NU_EDAD_MINIMA,FE_FIN,FE_INICIO,IN_CONSEJO_COMUNAL,IN_DECLARACION_JURADA,IN_DOCUMENTO_PUBLICO,IN_FIRMA,IN_HUELLA,IN_IDENTIFICACION,NB_TIPO_PARTICIPANTE) values ('32','ABU','ABUELO(A)','18',null,'10/12/15','0','0','0','0','0','0','ABUELO(A)');
	INSERT INTO C005T_TIPO_PARTICIPANTE (CO_TIPO_PARTICIPANTE,IDEN_TIPO_PARTICIPANTE,TX_DESCRIPCION,NU_EDAD_MINIMA,FE_FIN,FE_INICIO,IN_CONSEJO_COMUNAL,IN_DECLARACION_JURADA,IN_DOCUMENTO_PUBLICO,IN_FIRMA,IN_HUELLA,IN_IDENTIFICACION,NB_TIPO_PARTICIPANTE) values ('33','BIAOM','BISABUELO MATERNO','18',null,'10/12/15','0','0','0','0','0','0','BISABUELO MATERNO');
	INSERT INTO C005T_TIPO_PARTICIPANTE (CO_TIPO_PARTICIPANTE,IDEN_TIPO_PARTICIPANTE,TX_DESCRIPCION,NU_EDAD_MINIMA,FE_FIN,FE_INICIO,IN_CONSEJO_COMUNAL,IN_DECLARACION_JURADA,IN_DOCUMENTO_PUBLICO,IN_FIRMA,IN_HUELLA,IN_IDENTIFICACION,NB_TIPO_PARTICIPANTE) values ('34','MED','MEDICO(A)','18',null,'10/12/15','0','0','0','0','0','0','MEDICO(A)');
	INSERT INTO C005T_TIPO_PARTICIPANTE (CO_TIPO_PARTICIPANTE,IDEN_TIPO_PARTICIPANTE,TX_DESCRIPCION,NU_EDAD_MINIMA,FE_FIN,FE_INICIO,IN_CONSEJO_COMUNAL,IN_DECLARACION_JURADA,IN_DOCUMENTO_PUBLICO,IN_FIRMA,IN_HUELLA,IN_IDENTIFICACION,NB_TIPO_PARTICIPANTE) values ('35','PART','PARTERO(A)','18',null,'10/12/15','0','0','0','0','0','0','PARTERO(A)');
	INSERT INTO C005T_TIPO_PARTICIPANTE (CO_TIPO_PARTICIPANTE,IDEN_TIPO_PARTICIPANTE,TX_DESCRIPCION,NU_EDAD_MINIMA,FE_FIN,FE_INICIO,IN_CONSEJO_COMUNAL,IN_DECLARACION_JURADA,IN_DOCUMENTO_PUBLICO,IN_FIRMA,IN_HUELLA,IN_IDENTIFICACION,NB_TIPO_PARTICIPANTE) values ('36','TDM1','TESTIGO 1 DE LA MADRE','18',null,'10/12/15','0','0','0','0','0','0','TESTIGO 1 DE LA MADRE');
	INSERT INTO C005T_TIPO_PARTICIPANTE (CO_TIPO_PARTICIPANTE,IDEN_TIPO_PARTICIPANTE,TX_DESCRIPCION,NU_EDAD_MINIMA,FE_FIN,FE_INICIO,IN_CONSEJO_COMUNAL,IN_DECLARACION_JURADA,IN_DOCUMENTO_PUBLICO,IN_FIRMA,IN_HUELLA,IN_IDENTIFICACION,NB_TIPO_PARTICIPANTE) values ('37','TDM2','TESTIGO 2 DE LA MADRE','18',null,'10/12/15','0','0','0','0','0','0','TESTIGO 2 DE LA MADRE');
	INSERT INTO C005T_TIPO_PARTICIPANTE (CO_TIPO_PARTICIPANTE,IDEN_TIPO_PARTICIPANTE,TX_DESCRIPCION,NU_EDAD_MINIMA,FE_FIN,FE_INICIO,IN_CONSEJO_COMUNAL,IN_DECLARACION_JURADA,IN_DOCUMENTO_PUBLICO,IN_FIRMA,IN_HUELLA,IN_IDENTIFICACION,NB_TIPO_PARTICIPANTE) values ('39','TDP2','TESTIGO 2 DEL PADRE','18',null,'10/12/15','0','0','0','0','0','0','TESTIGO 2 DEL PADRE');
	INSERT INTO C005T_TIPO_PARTICIPANTE (CO_TIPO_PARTICIPANTE,IDEN_TIPO_PARTICIPANTE,TX_DESCRIPCION,NU_EDAD_MINIMA,FE_FIN,FE_INICIO,IN_CONSEJO_COMUNAL,IN_DECLARACION_JURADA,IN_DOCUMENTO_PUBLICO,IN_FIRMA,IN_HUELLA,IN_IDENTIFICACION,NB_TIPO_PARTICIPANTE) values ('38','TDP1','TESTIGO 1 DEL PADRE','18',null,'10/12/15','0','0','0','0','0','0','TESTIGO 1 DEL PADRE');
	INSERT INTO C005T_TIPO_PARTICIPANTE (CO_TIPO_PARTICIPANTE,IDEN_TIPO_PARTICIPANTE,TX_DESCRIPCION,NU_EDAD_MINIMA,FE_FIN,FE_INICIO,IN_CONSEJO_COMUNAL,IN_DECLARACION_JURADA,IN_DOCUMENTO_PUBLICO,IN_FIRMA,IN_HUELLA,IN_IDENTIFICACION,NB_TIPO_PARTICIPANTE) values ('59','PRI','PRIMO(A)','18',null,'06/08/15','0','0','0','0','0','0','PRIMO(A)');
	INSERT INTO C005T_TIPO_PARTICIPANTE (CO_TIPO_PARTICIPANTE,IDEN_TIPO_PARTICIPANTE,TX_DESCRIPCION,NU_EDAD_MINIMA,FE_FIN,FE_INICIO,IN_CONSEJO_COMUNAL,IN_DECLARACION_JURADA,IN_DOCUMENTO_PUBLICO,IN_FIRMA,IN_HUELLA,IN_IDENTIFICACION,NB_TIPO_PARTICIPANTE) values ('60','TTBOP','TATARABUELO PATERNO','18',null,'06/08/15','0','0','0','0','0','0','TATARABUELO PATERNO');
	INSERT INTO C005T_TIPO_PARTICIPANTE (CO_TIPO_PARTICIPANTE,IDEN_TIPO_PARTICIPANTE,TX_DESCRIPCION,NU_EDAD_MINIMA,FE_FIN,FE_INICIO,IN_CONSEJO_COMUNAL,IN_DECLARACION_JURADA,IN_DOCUMENTO_PUBLICO,IN_FIRMA,IN_HUELLA,IN_IDENTIFICACION,NB_TIPO_PARTICIPANTE) values ('61','TTBAM','TATARABUELA MATERNA','18',null,'06/08/15','0','0','0','0','0','0','TATARABUELA MATERNA');
	INSERT INTO C005T_TIPO_PARTICIPANTE (CO_TIPO_PARTICIPANTE,IDEN_TIPO_PARTICIPANTE,TX_DESCRIPCION,NU_EDAD_MINIMA,FE_FIN,FE_INICIO,IN_CONSEJO_COMUNAL,IN_DECLARACION_JURADA,IN_DOCUMENTO_PUBLICO,IN_FIRMA,IN_HUELLA,IN_IDENTIFICACION,NB_TIPO_PARTICIPANTE) values ('62','TTBAP','TATARABUELA PATERNA','18',null,'06/08/15','0','0','0','0','0','0','TATARABUELA PATERNA');
	INSERT INTO C005T_TIPO_PARTICIPANTE (CO_TIPO_PARTICIPANTE,IDEN_TIPO_PARTICIPANTE,TX_DESCRIPCION,NU_EDAD_MINIMA,FE_FIN,FE_INICIO,IN_CONSEJO_COMUNAL,IN_DECLARACION_JURADA,IN_DOCUMENTO_PUBLICO,IN_FIRMA,IN_HUELLA,IN_IDENTIFICACION,NB_TIPO_PARTICIPANTE) values ('63','BIAOP','BISABUELO PATERNO','18',null,'10/12/15','0','0','0','0','0','0','BISABUELO PATERNO');
	INSERT INTO C005T_TIPO_PARTICIPANTE (CO_TIPO_PARTICIPANTE,IDEN_TIPO_PARTICIPANTE,TX_DESCRIPCION,NU_EDAD_MINIMA,FE_FIN,FE_INICIO,IN_CONSEJO_COMUNAL,IN_DECLARACION_JURADA,IN_DOCUMENTO_PUBLICO,IN_FIRMA,IN_HUELLA,IN_IDENTIFICACION,NB_TIPO_PARTICIPANTE) values ('64','BIAAM','BISABUELA MATERNA','18',null,'10/12/15','0','0','0','0','0','0','BISABUELA MATERNA');
	INSERT INTO C005T_TIPO_PARTICIPANTE (CO_TIPO_PARTICIPANTE,IDEN_TIPO_PARTICIPANTE,TX_DESCRIPCION,NU_EDAD_MINIMA,FE_FIN,FE_INICIO,IN_CONSEJO_COMUNAL,IN_DECLARACION_JURADA,IN_DOCUMENTO_PUBLICO,IN_FIRMA,IN_HUELLA,IN_IDENTIFICACION,NB_TIPO_PARTICIPANTE) values ('65','BIAAP','BISABUELA PATERNA','18',null,'10/12/15','0','0','0','0','0','0','BISABUELA PATERNA');
	INSERT INTO C005T_TIPO_PARTICIPANTE (CO_TIPO_PARTICIPANTE,IDEN_TIPO_PARTICIPANTE,TX_DESCRIPCION,NU_EDAD_MINIMA,FE_FIN,FE_INICIO,IN_CONSEJO_COMUNAL,IN_DECLARACION_JURADA,IN_DOCUMENTO_PUBLICO,IN_FIRMA,IN_HUELLA,IN_IDENTIFICACION,NB_TIPO_PARTICIPANTE) values ('58','TTBOM','TATARABUELO MATERNO','18',null,'06/08/15','0','0','0','0','0','0','TATARABUELO MATERNO');

	-- -------------------------------------
    -- Records of C009T_COMUNIDAD_INDIGENA
    -- -------------------------------------

	INSERT INTO C009T_COMUNIDAD_INDIGENA (CO_COMUNIDAD_INDIGENA,TX_DESCRIPCION,DI_UBICACION,FE_FIN,FE_INICIO,NB_COMUNIDAD_INDIGENA) values (1,'Comunidad Wayuu','Península de la Guajira',null,'09/06/15','WAYUU');
	INSERT INTO C009T_COMUNIDAD_INDIGENA (CO_COMUNIDAD_INDIGENA,TX_DESCRIPCION,DI_UBICACION,FE_FIN,FE_INICIO,NB_COMUNIDAD_INDIGENA) values (2,'Comunidad Warao','Delta del Orinoco, estado Delta Amacuro',null,'09/06/15','WARAO');
	INSERT INTO C009T_COMUNIDAD_INDIGENA (CO_COMUNIDAD_INDIGENA,TX_DESCRIPCION,DI_UBICACION,FE_FIN,FE_INICIO,NB_COMUNIDAD_INDIGENA) values (3,'Comunidad Pemón','Sureste del territorio venezolano, estado Bolívar',null,'09/06/15','PEMÓN');
	INSERT INTO C009T_COMUNIDAD_INDIGENA (CO_COMUNIDAD_INDIGENA,TX_DESCRIPCION,DI_UBICACION,FE_FIN,FE_INICIO,NB_COMUNIDAD_INDIGENA) values (4,'Comunidad Yanomami','Selva del Amazonas entre Brasil y Venezuela',null,'09/06/15','YANOMAMI');

	-- -------------------------------------
    -- Records of C010T_OCUPACION
    -- -------------------------------------

	INSERT INTO C010T_OCUPACION (CO_OCUPACION,TX_DESCRIPCION,FE_FIN,FE_INICIO,NB_OCUPACION) values (1,'ABOGADO',null,'17/11/15','ABOGADO');
	INSERT INTO C010T_OCUPACION (CO_OCUPACION,TX_DESCRIPCION,FE_FIN,FE_INICIO,NB_OCUPACION) values (2,'ANALISTA DE COBRANZA',null,'17/11/15','ANALISTA DE COBRANZA');
	INSERT INTO C010T_OCUPACION (CO_OCUPACION,TX_DESCRIPCION,FE_FIN,FE_INICIO,NB_OCUPACION) values (3,'ALMACENISTA',null,'17/11/15','ALMACENISTA');
	INSERT INTO C010T_OCUPACION (CO_OCUPACION,TX_DESCRIPCION,FE_FIN,FE_INICIO,NB_OCUPACION) values (4,'AMA DE CASA',null,'17/11/15','AMA DE CASA');
	INSERT INTO C010T_OCUPACION (CO_OCUPACION,TX_DESCRIPCION,FE_FIN,FE_INICIO,NB_OCUPACION) values (5,'SECRETARIA',null,'17/11/15','SECRETARIA');

	-- -------------------------------------
    -- Records of C065T_TIPO_DOC_IDENTIDAD
    -- -------------------------------------

	INSERT INTO C065T_TIPO_DOC_IDENTIDAD (CO_TIPO_DOC_IDENTIDAD,TX_DESCRIPCION,FE_FIN,FE_INICIO,NB_TIPO_DOC_IDENTIDAD) values (1,'DOCUMENTO DE IDENTIFICACION CEDULA',null,'01/04/16','CEDULA');
	INSERT INTO C065T_TIPO_DOC_IDENTIDAD (CO_TIPO_DOC_IDENTIDAD,TX_DESCRIPCION,FE_FIN,FE_INICIO,NB_TIPO_DOC_IDENTIDAD) values (2,'DOCUMENTO DE IDENTIFICACION PASAPORTE',null,'01/04/16','PASAPORTE');
	INSERT INTO C065T_TIPO_DOC_IDENTIDAD (CO_TIPO_DOC_IDENTIDAD,TX_DESCRIPCION,FE_FIN,FE_INICIO,NB_TIPO_DOC_IDENTIDAD) values (3,'DOCUMENTO DE IDENTIFICACION NUI',null,'01/04/16','NUI');

	-- -------------------------------------
    -- Records of Y001T_PARTICIPANTE
    -- -------------------------------------

	INSERT INTO Y001T_PARTICIPANTE (CO_PARTICIPANTE,IN_CONDICION_NACIMIENTO,TX_CORREO_ELECTRONICO,IN_ESTADO_CIVIL,FE_NACIMIENTO,IN_AUTENTICAR,IN_PARENTESCO,IN_VIVE,DI_LUGAR_NACIMIENTO,NU_DOCUMENTO_IDENTIDAD,TX_OBSERVACION,NB_PRIMER_APELLIDO,NB_PRIMER_NOMBRE,NB_SEGUNDO_APELLIDO,NB_SEGUNDO_NOMBRE,IN_SEXO,NU_TELEFONO_FIJO,NU_TELEFONO_MOVIL,NU_TIEMPO_RELACION,IN_TIPO_DOCUMENTO,CO_ACTA,CO_DECLARACION_JURADA,CO_NACIONALIDAD,CO_OCUPACION,CO_PARTICIPANTE_SIN_DOC,CO_TIPO_DOC_IDENTIDAD,CO_TIPO_PARTICIPANTE,CO_COMUNIDAD_INDIGENA) values (1,0,'domingorondon@grupodigifarm.com','S','10/12/82',1,null,'S','Caracas','V-10765554',null,'BERROTERAN','ISMAEL','MONTES','DARIO','M','02123948888','04265467788','5 AÑOS','V',1,null,109,2,null,1,15,null);
	INSERT INTO Y001T_PARTICIPANTE (CO_PARTICIPANTE,IN_CONDICION_NACIMIENTO,TX_CORREO_ELECTRONICO,IN_ESTADO_CIVIL,FE_NACIMIENTO,IN_AUTENTICAR,IN_PARENTESCO,IN_VIVE,DI_LUGAR_NACIMIENTO,NU_DOCUMENTO_IDENTIDAD,TX_OBSERVACION,NB_PRIMER_APELLIDO,NB_PRIMER_NOMBRE,NB_SEGUNDO_APELLIDO,NB_SEGUNDO_NOMBRE,IN_SEXO,NU_TELEFONO_FIJO,NU_TELEFONO_MOVIL,NU_TIEMPO_RELACION,IN_TIPO_DOCUMENTO,CO_ACTA,CO_DECLARACION_JURADA,CO_NACIONALIDAD,CO_OCUPACION,CO_PARTICIPANTE_SIN_DOC,CO_TIPO_DOC_IDENTIDAD,CO_TIPO_PARTICIPANTE,CO_COMUNIDAD_INDIGENA) values (2,0,'domingorondon@grupodigifarm.com','S','10/12/84',1,null,'S','Caracas','V-12767754',null,'CALDERON','MARIA','PARRA','GABRIELA','F','02123947688','04245467788','5 AÑOS','V',1,null,109,2,null,1,16,null);

	-- -------------------------------------
    -- Records of C084T_SOLICITUD_ORE
    -- -------------------------------------
    
	INSERT INTO C084T_SOLICITUD_ORE(CO_SOLICITUD_ORE,TX_URL_DOCUMENTO,CO_LUGAR_CELEBRACION,CO_MOTIVO_TRASLADO,CO_ACTA,FE_SOLICITUD_ORE) VALUES(1,'C:\eula.1041.TXT',1,1,1,'28/11/16');
	
	-- -------------------------------------
    -- Records of X037T_USUARIO
    -- -------------------------------------

	INSERT INTO X037T_USUARIO(CO_USUARIO,TX_CLAVE,TX_CORREO,IN_ESTATUS,NB_USUARIO,CO_OFICINA_FUNCIONARIO) VALUES(9,'5994471abb01112afcc18159f6cc74b4f511b99806da59b3caf5a9c173cacfc5','drondon@grupodigifarm.com','ACT','drondon@cne.com',10);
	INSERT INTO X037T_USUARIO(CO_USUARIO,TX_CLAVE,TX_CORREO,IN_ESTATUS,NB_USUARIO,CO_OFICINA_FUNCIONARIO) VALUES(10,'5994471abb01112afcc18159f6cc74b4f511b99806da59b3caf5a9c173cacfc5','gcalderon@grupodigifarm.com','ACT','gcalderon@cne.com',11);
	INSERT INTO X037T_USUARIO(CO_USUARIO,TX_CLAVE,TX_CORREO,IN_ESTATUS,NB_USUARIO,CO_OFICINA_FUNCIONARIO) VALUES(11,'5994471abb01112afcc18159f6cc74b4f511b99806da59b3caf5a9c173cacfc5','jfreitas@grupodigifarm.com','ACT','jfreitas@cne.com',12);

	-- -------------------------------------
    -- Records of C033T_ROL
    -- -------------------------------------

	INSERT INTO C033T_ROL (CO_ROL,IDEN_ROL,TX_DESCRIPCION,FE_FIN,FE_INICIO,NB_ROL) VALUES (4,'R_CRR','COORDINADOR REGIONAL REGISTRO CIVIL ORE',NULL,'24/11/16','COORDINADOR REGIONAL REGISTRO CIVIL ORE');
	INSERT INTO C033T_ROL (CO_ROL,IDEN_ROL,TX_DESCRIPCION,FE_FIN,FE_INICIO,NB_ROL) VALUES (5,'R_FOR','FUNCIONARIO ORE',NULL,'24/11/16','FUNCIONARIO ORE');
	INSERT INTO C033T_ROL (CO_ROL,IDEN_ROL,TX_DESCRIPCION,FE_FIN,FE_INICIO,NB_ROL) VALUES (6,'R_DGO','DIRECTOR GENERAL ORE',NULL,'24/11/16','DIRECTOR GENERAL ORE');

	-- -------------------------------------
    -- Records of C020T_ROL_USUARIO
    -- -------------------------------------

	INSERT INTO C020T_ROL_USUARIO (CO_ROL_USUARIO,CO_ROL,CO_USUARIO) VALUES (9,4,9);
	INSERT INTO C020T_ROL_USUARIO (CO_ROL_USUARIO,CO_ROL,CO_USUARIO) VALUES (10,5,10);
	INSERT INTO C020T_ROL_USUARIO (CO_ROL_USUARIO,CO_ROL,CO_USUARIO) VALUES (11,6,11);

	-- -------------------------------------
    -- Records of C083T_RESPUESTA_ORE
    -- -------------------------------------

	INSERT INTO C083T_RESPUESTA_ORE (CO_RESPUESTA_ORE,IN_RESPUESTA,TX_DECISION_ORE,TX_MOTIVO_DECISION_ORE,CO_ROL_USUARIO,CO_SOLICITUD_ORE) VALUES (1,1,'APROBADO','MOTIVO APROBADO',9,1);
	INSERT INTO C083T_RESPUESTA_ORE (CO_RESPUESTA_ORE,IN_RESPUESTA,TX_DECISION_ORE,TX_MOTIVO_DECISION_ORE,CO_ROL_USUARIO,CO_SOLICITUD_ORE) VALUES (2,1,'APROBADO','MOTIVO APROBADO',10,1);
	INSERT INTO C083T_RESPUESTA_ORE (CO_RESPUESTA_ORE,IN_RESPUESTA,TX_DECISION_ORE,TX_MOTIVO_DECISION_ORE,CO_ROL_USUARIO,CO_SOLICITUD_ORE) VALUES (3,1,'APROBADO','MOTIVO APROBADO',11,1);
	
